timestamp,timestamp_unix,type,side,outcome,size,price,usdc_size,title,slug,condition_id,asset,outcome_index,transaction_hash
2026-01-04T15:53:21,1767560001,TRADE,BUY,Down,29,0.25,7.25,"Bitcoin Up or Down - January 4, 3:45PM-4:00PM ET",btc-updown-15m-1767559500,0x7f2710975c1bdfc4511dc3c327cfe7ee7d7b5c2fe64980181ee74341a2d54462,1557301465141604810551338910140925132332991566065957875071399401478651888971,1,0xbaa5e46a553aed5c5fdd0e03e7876bfa9a002d94f4713338899d8c507c1e130d
2026-01-04T15:53:21,1767560001,TRADE,BUY,Down,29,0.25,7.25,"Bitcoin Up or Down - January 4, 3:45PM-4:00PM ET",btc-updown-15m-1767559500,0x7f2710975c1bdfc4511dc3c327cfe7ee7d7b5c2fe64980181ee74341a2d54462,1557301465141604810551338910140925132332991566065957875071399401478651888971,1,0xbaa5e46a553aed5c5fdd0e03e7876bfa9a002d94f4713338899d8c507c1e130d
2026-01-04T15:53:21,1767560001,TRADE,BUY,Down,29,0.25,7.25,"Bitcoin Up or Down - January 4, 3:45PM-4:00PM ET",btc-updown-15m-1767559500,0x7f2710975c1bdfc4511dc3c327cfe7ee7d7b5c2fe64980181ee74341a2d54462,1557301465141604810551338910140925132332991566065957875071399401478651888971,1,0xbaa5e46a553aed5c5fdd0e03e7876bfa9a002d94f4713338899d8c507c1e130d
2026-01-04T15:53:21,1767560001,TRADE,BUY,Up,1.08,0.74,0.7992,"Bitcoin Up or Down - January 4, 3:45PM-4:00PM ET",btc-updown-15m-1767559500,0x7f2710975c1bdfc4511dc3c327cfe7ee7d7b5c2fe64980181ee74341a2d54462,92170632673932098697839181910966056567672220619206304588775032640672954886297,0,0x4e9293c2844d2b90b0cc20c1005176305de0159d4032882c5099241b986a105c
2026-01-04T15:53:21,1767560001,TRADE,BUY,Up,5,0.74,3.7,"Bitcoin Up or Down - January 4, 3:45PM-4:00PM ET",btc-updown-15m-1767559500,0x7f2710975c1bdfc4511dc3c327cfe7ee7d7b5c2fe64980181ee74341a2d54462,92170632673932098697839181910966056567672220619206304588775032640672954886297,0,0xa9ad48aa5d7edd1fb43d2ca9da8aa46ce4cd38771fee3c12e8c918064835c0c2
2026-01-04T15:53:21,1767560001,TRADE,BUY,Up,5,0.74,3.7,"Bitcoin Up or Down - January 4, 3:45PM-4:00PM ET",btc-updown-15m-1767559500,0x7f2710975c1bdfc4511dc3c327cfe7ee7d7b5c2fe64980181ee74341a2d54462,92170632673932098697839181910966056567672220619206304588775032640672954886297,0,0xbfc6bd7bfb718d74c4207655f98ede9732315a295ac8cfc455130f2174ccfbd0
2026-01-04T15:53:21,1767560001,TRADE,BUY,Up,15,0.81,12.15,"Ethereum Up or Down - January 4, 3:45PM-4:00PM ET",eth-updown-15m-1767559500,0x42f75a06062b9e4ce2317fddff0da35adbcb27396a1da62822a2c254471d3484,81115282060155343973682629302140588398994460909748445358417739032150121928748,0,0xd0e73af1476339dddc52d8e6f4343b1917fa27f4cf77b36d1c039fdc906d6a3c
2026-01-04T15:53:19,1767559999,TRADE,BUY,Up,1.33,0.77,1.0241,"Ethereum Up or Down - January 4, 3:45PM-4:00PM ET",eth-updown-15m-1767559500,0x42f75a06062b9e4ce2317fddff0da35adbcb27396a1da62822a2c254471d3484,81115282060155343973682629302140588398994460909748445358417739032150121928748,0,0x898439cc7400ca50a3b261205a9620bb9692e5c0ffb889f0db83eec57e5ba9cd
2026-01-04T15:53:13,1767559993,TRADE,BUY,Down,15,0.22,3.3,"Ethereum Up or Down - January 4, 3:45PM-4:00PM ET",eth-updown-15m-1767559500,0x42f75a06062b9e4ce2317fddff0da35adbcb27396a1da62822a2c254471d3484,98991642164318449849799255365709672842977763882942243995673937893038856560011,1,0x5d154f232c8898aedf1c1918f19f70b0ee351dd822a01239d2bb60d4b6d76ae9
2026-01-04T15:53:13,1767559993,TRADE,BUY,Down,15,0.22,3.3,"Ethereum Up or Down - January 4, 3:45PM-4:00PM ET",eth-updown-15m-1767559500,0x42f75a06062b9e4ce2317fddff0da35adbcb27396a1da62822a2c254471d3484,98991642164318449849799255365709672842977763882942243995673937893038856560011,1,0x5d154f232c8898aedf1c1918f19f70b0ee351dd822a01239d2bb60d4b6d76ae9
2026-01-04T15:53:13,1767559993,TRADE,BUY,Down,15,0.22,3.3,"Ethereum Up or Down - January 4, 3:45PM-4:00PM ET",eth-updown-15m-1767559500,0x42f75a06062b9e4ce2317fddff0da35adbcb27396a1da62822a2c254471d3484,98991642164318449849799255365709672842977763882942243995673937893038856560011,1,0x7ab7cb2951ad4eaa8093c9faafaa2a24bd139446cfab006b46a37a2a2c2b4b0c
2026-01-04T15:53:13,1767559993,TRADE,BUY,Down,15.68,0.26,4.0768,"Bitcoin Up or Down - January 4, 3:45PM-4:00PM ET",btc-updown-15m-1767559500,0x7f2710975c1bdfc4511dc3c327cfe7ee7d7b5c2fe64980181ee74341a2d54462,1557301465141604810551338910140925132332991566065957875071399401478651888971,1,0x7e80ff975c31c863ff5f9d98b9a9274c538451204bed7cd976e4fe68508af813
2026-01-04T15:53:13,1767559993,TRADE,BUY,Down,14.32,0.26,3.7232,"Bitcoin Up or Down - January 4, 3:45PM-4:00PM ET",btc-updown-15m-1767559500,0x7f2710975c1bdfc4511dc3c327cfe7ee7d7b5c2fe64980181ee74341a2d54462,1557301465141604810551338910140925132332991566065957875071399401478651888971,1,0x7e80ff975c31c863ff5f9d98b9a9274c538451204bed7cd976e4fe68508af813
2026-01-04T15:53:13,1767559993,TRADE,BUY,Down,3.1,0.26,0.806,"Bitcoin Up or Down - January 4, 3:45PM-4:00PM ET",btc-updown-15m-1767559500,0x7f2710975c1bdfc4511dc3c327cfe7ee7d7b5c2fe64980181ee74341a2d54462,1557301465141604810551338910140925132332991566065957875071399401478651888971,1,0x4ac0233eb79ad4965188f8dc0f9df792df3c848e9e10fff5795d9247e5a2eac5
2026-01-04T15:53:13,1767559993,TRADE,BUY,Down,1.35135,0.26,0.351351,"Bitcoin Up or Down - January 4, 3:45PM-4:00PM ET",btc-updown-15m-1767559500,0x7f2710975c1bdfc4511dc3c327cfe7ee7d7b5c2fe64980181ee74341a2d54462,1557301465141604810551338910140925132332991566065957875071399401478651888971,1,0xf72b71317430db5e59d17b97a158dbdbb95073973fb8816b417acb9a3577a16e
2026-01-04T15:53:11,1767559991,TRADE,BUY,Down,3.38,0.26,0.8788,"Bitcoin Up or Down - January 4, 3:45PM-4:00PM ET",btc-updown-15m-1767559500,0x7f2710975c1bdfc4511dc3c327cfe7ee7d7b5c2fe64980181ee74341a2d54462,1557301465141604810551338910140925132332991566065957875071399401478651888971,1,0x32d7e184e9396f558e709f493719114112e5f15c8b338bbf50986e73e05ee044
2026-01-04T15:53:11,1767559991,TRADE,BUY,Down,5.94,0.26,1.5444,"Bitcoin Up or Down - January 4, 3:45PM-4:00PM ET",btc-updown-15m-1767559500,0x7f2710975c1bdfc4511dc3c327cfe7ee7d7b5c2fe64980181ee74341a2d54462,1557301465141604810551338910140925132332991566065957875071399401478651888971,1,0xf01f0f6601cacfd78677d308c727495ef42e35c8c1aeb2188e775bddcc079c7b
2026-01-04T15:53:11,1767559991,TRADE,BUY,Down,1.35135,0.26,0.351351,"Bitcoin Up or Down - January 4, 3:45PM-4:00PM ET",btc-updown-15m-1767559500,0x7f2710975c1bdfc4511dc3c327cfe7ee7d7b5c2fe64980181ee74341a2d54462,1557301465141604810551338910140925132332991566065957875071399401478651888971,1,0xa29f3d6b892ccd702b65102c6ab98880142a1f5a8ed8e44063ddbc09241649a6
2026-01-04T15:53:11,1767559991,TRADE,BUY,Down,2.635134,0.2600000607179749,0.685135,"Bitcoin Up or Down - January 4, 3:45PM-4:00PM ET",btc-updown-15m-1767559500,0x7f2710975c1bdfc4511dc3c327cfe7ee7d7b5c2fe64980181ee74341a2d54462,1557301465141604810551338910140925132332991566065957875071399401478651888971,1,0x787df2d1e137e4fd98487f918fdb304041b7f5c587786a0ef573fc42a717e872
2026-01-04T15:53:11,1767559991,TRADE,BUY,Down,4.61,0.26,1.1986,"Bitcoin Up or Down - January 4, 3:45PM-4:00PM ET",btc-updown-15m-1767559500,0x7f2710975c1bdfc4511dc3c327cfe7ee7d7b5c2fe64980181ee74341a2d54462,1557301465141604810551338910140925132332991566065957875071399401478651888971,1,0x04965c31be0a1bb2b734dc8c6e6e5517d860529193d83f428ec0a5aaba8e50ee
2026-01-04T15:52:59,1767559979,TRADE,BUY,Up,29,0.73,21.17,"Bitcoin Up or Down - January 4, 3:45PM-4:00PM ET",btc-updown-15m-1767559500,0x7f2710975c1bdfc4511dc3c327cfe7ee7d7b5c2fe64980181ee74341a2d54462,92170632673932098697839181910966056567672220619206304588775032640672954886297,0,0x75e6e2b9081753fd0f3664e7beaefd4bdcd4961cf7ac14f404d441893d962b6a
2026-01-04T15:52:59,1767559979,TRADE,BUY,Up,29,0.73,21.17,"Bitcoin Up or Down - January 4, 3:45PM-4:00PM ET",btc-updown-15m-1767559500,0x7f2710975c1bdfc4511dc3c327cfe7ee7d7b5c2fe64980181ee74341a2d54462,92170632673932098697839181910966056567672220619206304588775032640672954886297,0,0x75e6e2b9081753fd0f3664e7beaefd4bdcd4961cf7ac14f404d441893d962b6a
2026-01-04T15:52:59,1767559979,TRADE,BUY,Up,29,0.73,21.17,"Bitcoin Up or Down - January 4, 3:45PM-4:00PM ET",btc-updown-15m-1767559500,0x7f2710975c1bdfc4511dc3c327cfe7ee7d7b5c2fe64980181ee74341a2d54462,92170632673932098697839181910966056567672220619206304588775032640672954886297,0,0x75e6e2b9081753fd0f3664e7beaefd4bdcd4961cf7ac14f404d441893d962b6a
2026-01-04T15:52:55,1767559975,TRADE,BUY,Down,29,0.25,7.25,"Bitcoin Up or Down - January 4, 3:45PM-4:00PM ET",btc-updown-15m-1767559500,0x7f2710975c1bdfc4511dc3c327cfe7ee7d7b5c2fe64980181ee74341a2d54462,1557301465141604810551338910140925132332991566065957875071399401478651888971,1,0xcacfb660f08f579c95fe368adcb905cc101052c1427c7d60eeeff00baf12f0fd
2026-01-04T15:52:51,1767559971,TRADE,BUY,Up,0.34,0.73,0.2482,"Bitcoin Up or Down - January 4, 3:45PM-4:00PM ET",btc-updown-15m-1767559500,0x7f2710975c1bdfc4511dc3c327cfe7ee7d7b5c2fe64980181ee74341a2d54462,92170632673932098697839181910966056567672220619206304588775032640672954886297,0,0xf13ea4e8d1911acc1e9d1690d9d44c20aff0b361944139e9770c5072950948ce
2026-01-04T15:52:51,1767559971,TRADE,BUY,Up,29,0.73,21.17,"Bitcoin Up or Down - January 4, 3:45PM-4:00PM ET",btc-updown-15m-1767559500,0x7f2710975c1bdfc4511dc3c327cfe7ee7d7b5c2fe64980181ee74341a2d54462,92170632673932098697839181910966056567672220619206304588775032640672954886297,0,0xf13ea4e8d1911acc1e9d1690d9d44c20aff0b361944139e9770c5072950948ce
2026-01-04T15:52:51,1767559971,TRADE,BUY,Up,29,0.73,21.17,"Bitcoin Up or Down - January 4, 3:45PM-4:00PM ET",btc-updown-15m-1767559500,0x7f2710975c1bdfc4511dc3c327cfe7ee7d7b5c2fe64980181ee74341a2d54462,92170632673932098697839181910966056567672220619206304588775032640672954886297,0,0xf13ea4e8d1911acc1e9d1690d9d44c20aff0b361944139e9770c5072950948ce
2026-01-04T15:52:51,1767559971,TRADE,BUY,Up,28.66,0.73,20.9218,"Bitcoin Up or Down - January 4, 3:45PM-4:00PM ET",btc-updown-15m-1767559500,0x7f2710975c1bdfc4511dc3c327cfe7ee7d7b5c2fe64980181ee74341a2d54462,92170632673932098697839181910966056567672220619206304588775032640672954886297,0,0x06e09a03a813ee4668ad2e743b8d976a81fb9631e3bdf225b1296a8f31889a56
2026-01-04T15:52:51,1767559971,TRADE,BUY,Down,25,0.25,6.25,"Bitcoin Up or Down - January 4, 3:45PM-4:00PM ET",btc-updown-15m-1767559500,0x7f2710975c1bdfc4511dc3c327cfe7ee7d7b5c2fe64980181ee74341a2d54462,1557301465141604810551338910140925132332991566065957875071399401478651888971,1,0xb41f56be86333835b2f66b056d66f513a5def2587b68c16e9fd4889dcf53195e
2026-01-04T15:52:51,1767559971,TRADE,BUY,Up,15,0.75,11.25,"Ethereum Up or Down - January 4, 3:45PM-4:00PM ET",eth-updown-15m-1767559500,0x42f75a06062b9e4ce2317fddff0da35adbcb27396a1da62822a2c254471d3484,81115282060155343973682629302140588398994460909748445358417739032150121928748,0,0x294c4cc269d098d6320d0254634ae7f65946367db9fcf4e5d9e0f41622efcf47
2026-01-04T15:52:51,1767559971,TRADE,BUY,Up,15,0.75,11.25,"Ethereum Up or Down - January 4, 3:45PM-4:00PM ET",eth-updown-15m-1767559500,0x42f75a06062b9e4ce2317fddff0da35adbcb27396a1da62822a2c254471d3484,81115282060155343973682629302140588398994460909748445358417739032150121928748,0,0x294c4cc269d098d6320d0254634ae7f65946367db9fcf4e5d9e0f41622efcf47
2026-01-04T15:52:51,1767559971,TRADE,BUY,Up,15,0.75,11.25,"Ethereum Up or Down - January 4, 3:45PM-4:00PM ET",eth-updown-15m-1767559500,0x42f75a06062b9e4ce2317fddff0da35adbcb27396a1da62822a2c254471d3484,81115282060155343973682629302140588398994460909748445358417739032150121928748,0,0x294c4cc269d098d6320d0254634ae7f65946367db9fcf4e5d9e0f41622efcf47
2026-01-04T15:52:51,1767559971,TRADE,BUY,Up,15,0.75,11.25,"Ethereum Up or Down - January 4, 3:45PM-4:00PM ET",eth-updown-15m-1767559500,0x42f75a06062b9e4ce2317fddff0da35adbcb27396a1da62822a2c254471d3484,81115282060155343973682629302140588398994460909748445358417739032150121928748,0,0x294c4cc269d098d6320d0254634ae7f65946367db9fcf4e5d9e0f41622efcf47
2026-01-04T15:52:51,1767559971,TRADE,BUY,Up,15,0.75,11.25,"Ethereum Up or Down - January 4, 3:45PM-4:00PM ET",eth-updown-15m-1767559500,0x42f75a06062b9e4ce2317fddff0da35adbcb27396a1da62822a2c254471d3484,81115282060155343973682629302140588398994460909748445358417739032150121928748,0,0x294c4cc269d098d6320d0254634ae7f65946367db9fcf4e5d9e0f41622efcf47
2026-01-04T15:52:51,1767559971,TRADE,BUY,Up,15,0.75,11.25,"Ethereum Up or Down - January 4, 3:45PM-4:00PM ET",eth-updown-15m-1767559500,0x42f75a06062b9e4ce2317fddff0da35adbcb27396a1da62822a2c254471d3484,81115282060155343973682629302140588398994460909748445358417739032150121928748,0,0x294c4cc269d098d6320d0254634ae7f65946367db9fcf4e5d9e0f41622efcf47
2026-01-04T15:52:49,1767559969,TRADE,BUY,Down,1.333332,0.25,0.333333,"Bitcoin Up or Down - January 4, 3:45PM-4:00PM ET",btc-updown-15m-1767559500,0x7f2710975c1bdfc4511dc3c327cfe7ee7d7b5c2fe64980181ee74341a2d54462,1557301465141604810551338910140925132332991566065957875071399401478651888971,1,0xee1594a4e2853f1d7e75fec25a2c9f3b6eae9fa220bb864ef286a5c4c00a708e
2026-01-04T15:52:45,1767559965,TRADE,BUY,Down,15,0.21,3.15,"Ethereum Up or Down - January 4, 3:45PM-4:00PM ET",eth-updown-15m-1767559500,0x42f75a06062b9e4ce2317fddff0da35adbcb27396a1da62822a2c254471d3484,98991642164318449849799255365709672842977763882942243995673937893038856560011,1,0xe4abfb010121aba44d01fb3c85245b3514ee99ebdad2c78103bde5ad3151b79f
2026-01-04T15:52:45,1767559965,TRADE,BUY,Down,15,0.21,3.15,"Ethereum Up or Down - January 4, 3:45PM-4:00PM ET",eth-updown-15m-1767559500,0x42f75a06062b9e4ce2317fddff0da35adbcb27396a1da62822a2c254471d3484,98991642164318449849799255365709672842977763882942243995673937893038856560011,1,0xe4abfb010121aba44d01fb3c85245b3514ee99ebdad2c78103bde5ad3151b79f
2026-01-04T15:52:45,1767559965,TRADE,BUY,Down,15,0.21,3.15,"Ethereum Up or Down - January 4, 3:45PM-4:00PM ET",eth-updown-15m-1767559500,0x42f75a06062b9e4ce2317fddff0da35adbcb27396a1da62822a2c254471d3484,98991642164318449849799255365709672842977763882942243995673937893038856560011,1,0xe4abfb010121aba44d01fb3c85245b3514ee99ebdad2c78103bde5ad3151b79f
2026-01-04T15:52:45,1767559965,TRADE,BUY,Down,7,0.21,1.47,"Ethereum Up or Down - January 4, 3:45PM-4:00PM ET",eth-updown-15m-1767559500,0x42f75a06062b9e4ce2317fddff0da35adbcb27396a1da62822a2c254471d3484,98991642164318449849799255365709672842977763882942243995673937893038856560011,1,0xe4abfb010121aba44d01fb3c85245b3514ee99ebdad2c78103bde5ad3151b79f
2026-01-04T15:52:43,1767559963,TRADE,BUY,Up,2.91,0.75,2.1825,"Bitcoin Up or Down - January 4, 3:45PM-4:00PM ET",btc-updown-15m-1767559500,0x7f2710975c1bdfc4511dc3c327cfe7ee7d7b5c2fe64980181ee74341a2d54462,92170632673932098697839181910966056567672220619206304588775032640672954886297,0,0xdea172604c9d1f0cba30dd3999d165f0e734ef2b6b3718d10fb109bf2ea5b145
2026-01-04T15:52:43,1767559963,TRADE,BUY,Up,15,0.77,11.55,"Ethereum Up or Down - January 4, 3:45PM-4:00PM ET",eth-updown-15m-1767559500,0x42f75a06062b9e4ce2317fddff0da35adbcb27396a1da62822a2c254471d3484,81115282060155343973682629302140588398994460909748445358417739032150121928748,0,0x54757f7dd3d7f3ea9a3ba73a96ece7e0c73d3a214519fcd7d332743427acdba7
2026-01-04T15:52:43,1767559963,TRADE,BUY,Down,29,0.22,6.38,"Bitcoin Up or Down - January 4, 3:45PM-4:00PM ET",btc-updown-15m-1767559500,0x7f2710975c1bdfc4511dc3c327cfe7ee7d7b5c2fe64980181ee74341a2d54462,1557301465141604810551338910140925132332991566065957875071399401478651888971,1,0xd7256fef65c1e5c43c806230f0349c2504e84074b894cf8d9b2fbc999b731b9b
2026-01-04T15:52:41,1767559961,TRADE,BUY,Up,10,0.77,7.7,"Ethereum Up or Down - January 4, 3:45PM-4:00PM ET",eth-updown-15m-1767559500,0x42f75a06062b9e4ce2317fddff0da35adbcb27396a1da62822a2c254471d3484,81115282060155343973682629302140588398994460909748445358417739032150121928748,0,0x2a7dc3bd81ef437f416576a175aa78a9da4b0c0fbd4f40afb6451d6ebc045928
2026-01-04T15:52:37,1767559957,TRADE,BUY,Up,7,0.72,5.04,"Bitcoin Up or Down - January 4, 3:45PM-4:00PM ET",btc-updown-15m-1767559500,0x7f2710975c1bdfc4511dc3c327cfe7ee7d7b5c2fe64980181ee74341a2d54462,92170632673932098697839181910966056567672220619206304588775032640672954886297,0,0x029079697d0918f2f7cc092a0ed3ad9a304a1067b1a8e6dddb032ad448beb9df
2026-01-04T15:52:37,1767559957,TRADE,BUY,Up,5,0.72,3.6,"Bitcoin Up or Down - January 4, 3:45PM-4:00PM ET",btc-updown-15m-1767559500,0x7f2710975c1bdfc4511dc3c327cfe7ee7d7b5c2fe64980181ee74341a2d54462,92170632673932098697839181910966056567672220619206304588775032640672954886297,0,0x0cbc0e72f4b49d413f66ae278c504b0e85978e6fb6076f4e6cbec8673d0cf17a
2026-01-04T15:52:37,1767559957,TRADE,BUY,Down,29,0.25,7.25,"Bitcoin Up or Down - January 4, 3:45PM-4:00PM ET",btc-updown-15m-1767559500,0x7f2710975c1bdfc4511dc3c327cfe7ee7d7b5c2fe64980181ee74341a2d54462,1557301465141604810551338910140925132332991566065957875071399401478651888971,1,0x8e454ec08af36dd852a74665a040df673fee225b29df452b06893cb135a8e5a3
2026-01-04T15:52:35,1767559955,TRADE,BUY,Down,29,0.26,7.54,"Bitcoin Up or Down - January 4, 3:45PM-4:00PM ET",btc-updown-15m-1767559500,0x7f2710975c1bdfc4511dc3c327cfe7ee7d7b5c2fe64980181ee74341a2d54462,1557301465141604810551338910140925132332991566065957875071399401478651888971,1,0x3fa508d0ba26505b2330dd56be6045dde7d3736def77eb649673160809154952
2026-01-04T15:52:35,1767559955,TRADE,BUY,Down,29,0.26,7.54,"Bitcoin Up or Down - January 4, 3:45PM-4:00PM ET",btc-updown-15m-1767559500,0x7f2710975c1bdfc4511dc3c327cfe7ee7d7b5c2fe64980181ee74341a2d54462,1557301465141604810551338910140925132332991566065957875071399401478651888971,1,0x3fa508d0ba26505b2330dd56be6045dde7d3736def77eb649673160809154952
2026-01-04T15:52:33,1767559953,TRADE,BUY,Down,29,0.27,7.83,"Bitcoin Up or Down - January 4, 3:45PM-4:00PM ET",btc-updown-15m-1767559500,0x7f2710975c1bdfc4511dc3c327cfe7ee7d7b5c2fe64980181ee74341a2d54462,1557301465141604810551338910140925132332991566065957875071399401478651888971,1,0x2292eff805221d579be02c49b6b09adb9c8a6fb785c45a75ed9ee603c62acad9
2026-01-04T15:52:33,1767559953,TRADE,BUY,Down,5,0.23,1.15,"Ethereum Up or Down - January 4, 3:45PM-4:00PM ET",eth-updown-15m-1767559500,0x42f75a06062b9e4ce2317fddff0da35adbcb27396a1da62822a2c254471d3484,98991642164318449849799255365709672842977763882942243995673937893038856560011,1,0xed03b2e470bd69074144aae32b9264006aa7b8a10a5d49b7edb0b95c678e5097
2026-01-04T15:52:33,1767559953,TRADE,BUY,Up,29,0.72,20.88,"Bitcoin Up or Down - January 4, 3:45PM-4:00PM ET",btc-updown-15m-1767559500,0x7f2710975c1bdfc4511dc3c327cfe7ee7d7b5c2fe64980181ee74341a2d54462,92170632673932098697839181910966056567672220619206304588775032640672954886297,0,0x7fee862164d5c4ea56079f15a9cf4aba384fc144f11698a52c29e75a1f85b764
2026-01-04T15:52:33,1767559953,TRADE,BUY,Up,17,0.72,12.24,"Bitcoin Up or Down - January 4, 3:45PM-4:00PM ET",btc-updown-15m-1767559500,0x7f2710975c1bdfc4511dc3c327cfe7ee7d7b5c2fe64980181ee74341a2d54462,92170632673932098697839181910966056567672220619206304588775032640672954886297,0,0x7fee862164d5c4ea56079f15a9cf4aba384fc144f11698a52c29e75a1f85b764
2026-01-04T15:52:31,1767559951,TRADE,BUY,Up,6.12,0.73,4.4676,"Bitcoin Up or Down - January 4, 3:45PM-4:00PM ET",btc-updown-15m-1767559500,0x7f2710975c1bdfc4511dc3c327cfe7ee7d7b5c2fe64980181ee74341a2d54462,92170632673932098697839181910966056567672220619206304588775032640672954886297,0,0x93943d96c674061cd444811859c552d2f4231056e7cebda1179d2510027539a1
2026-01-04T15:52:31,1767559951,TRADE,BUY,Up,9.88,0.73,7.2124,"Bitcoin Up or Down - January 4, 3:45PM-4:00PM ET",btc-updown-15m-1767559500,0x7f2710975c1bdfc4511dc3c327cfe7ee7d7b5c2fe64980181ee74341a2d54462,92170632673932098697839181910966056567672220619206304588775032640672954886297,0,0x93943d96c674061cd444811859c552d2f4231056e7cebda1179d2510027539a1
2026-01-04T15:52:31,1767559951,TRADE,BUY,Up,29,0.73,21.17,"Bitcoin Up or Down - January 4, 3:45PM-4:00PM ET",btc-updown-15m-1767559500,0x7f2710975c1bdfc4511dc3c327cfe7ee7d7b5c2fe64980181ee74341a2d54462,92170632673932098697839181910966056567672220619206304588775032640672954886297,0,0x68d0cb521f6e242b2ae9ff24d5a7034ef2322a35e45930a70e6db14aa38ef6c6
2026-01-04T15:52:31,1767559951,TRADE,BUY,Up,29,0.73,21.17,"Bitcoin Up or Down - January 4, 3:45PM-4:00PM ET",btc-updown-15m-1767559500,0x7f2710975c1bdfc4511dc3c327cfe7ee7d7b5c2fe64980181ee74341a2d54462,92170632673932098697839181910966056567672220619206304588775032640672954886297,0,0x68d0cb521f6e242b2ae9ff24d5a7034ef2322a35e45930a70e6db14aa38ef6c6
2026-01-04T15:52:31,1767559951,TRADE,BUY,Up,29,0.73,21.17,"Bitcoin Up or Down - January 4, 3:45PM-4:00PM ET",btc-updown-15m-1767559500,0x7f2710975c1bdfc4511dc3c327cfe7ee7d7b5c2fe64980181ee74341a2d54462,92170632673932098697839181910966056567672220619206304588775032640672954886297,0,0x68d0cb521f6e242b2ae9ff24d5a7034ef2322a35e45930a70e6db14aa38ef6c6
2026-01-04T15:52:31,1767559951,TRADE,BUY,Up,22.88,0.73,16.7024,"Bitcoin Up or Down - January 4, 3:45PM-4:00PM ET",btc-updown-15m-1767559500,0x7f2710975c1bdfc4511dc3c327cfe7ee7d7b5c2fe64980181ee74341a2d54462,92170632673932098697839181910966056567672220619206304588775032640672954886297,0,0x68d0cb521f6e242b2ae9ff24d5a7034ef2322a35e45930a70e6db14aa38ef6c6
2026-01-04T15:52:29,1767559949,TRADE,BUY,Down,16,0.23,3.68,"Ethereum Up or Down - January 4, 3:45PM-4:00PM ET",eth-updown-15m-1767559500,0x42f75a06062b9e4ce2317fddff0da35adbcb27396a1da62822a2c254471d3484,98991642164318449849799255365709672842977763882942243995673937893038856560011,1,0xde919204a1f072580fa286caf951c83a9c4358d263141b5f2a248fd24c189b55
2026-01-04T15:52:25,1767559945,TRADE,BUY,Down,1.234563,0.19000002430009647,0.234567,"Bitcoin Up or Down - January 4, 3:45PM-4:00PM ET",btc-updown-15m-1767559500,0x7f2710975c1bdfc4511dc3c327cfe7ee7d7b5c2fe64980181ee74341a2d54462,1557301465141604810551338910140925132332991566065957875071399401478651888971,1,0x28152bb9fba676626867c24ffaf615d2b94dd54b4222c13548b9e925d9647809
2026-01-04T15:52:25,1767559945,TRADE,BUY,Down,3.88,0.19,0.7372,"Bitcoin Up or Down - January 4, 3:45PM-4:00PM ET",btc-updown-15m-1767559500,0x7f2710975c1bdfc4511dc3c327cfe7ee7d7b5c2fe64980181ee74341a2d54462,1557301465141604810551338910140925132332991566065957875071399401478651888971,1,0x8269e463ebd5f8ff26047c0cdc37af89591aa531fba8049b625c72fe46b9a6cf
2026-01-04T15:52:25,1767559945,TRADE,BUY,Down,5.061726,0.19000001185366414,0.961728,"Bitcoin Up or Down - January 4, 3:45PM-4:00PM ET",btc-updown-15m-1767559500,0x7f2710975c1bdfc4511dc3c327cfe7ee7d7b5c2fe64980181ee74341a2d54462,1557301465141604810551338910140925132332991566065957875071399401478651888971,1,0xd51cb2fc9c7533176fc21a9ea642d862209aebdb907378fd9ddc5b6332644e76
2026-01-04T15:52:25,1767559945,TRADE,BUY,Down,5,0.19,0.95,"Bitcoin Up or Down - January 4, 3:45PM-4:00PM ET",btc-updown-15m-1767559500,0x7f2710975c1bdfc4511dc3c327cfe7ee7d7b5c2fe64980181ee74341a2d54462,1557301465141604810551338910140925132332991566065957875071399401478651888971,1,0x83192745d94906c41659b988db8e0298ce46724f2d5b1f4c00dd738ed2287b19
2026-01-04T15:52:25,1767559945,TRADE,BUY,Up,16,0.78,12.48,"Ethereum Up or Down - January 4, 3:45PM-4:00PM ET",eth-updown-15m-1767559500,0x42f75a06062b9e4ce2317fddff0da35adbcb27396a1da62822a2c254471d3484,81115282060155343973682629302140588398994460909748445358417739032150121928748,0,0x590ff8ce1d92aed6a550409797736386a3432a39d19e1f2d0336d43770042420
2026-01-04T15:52:25,1767559945,TRADE,BUY,Up,2.18,0.78,1.7004,"Ethereum Up or Down - January 4, 3:45PM-4:00PM ET",eth-updown-15m-1767559500,0x42f75a06062b9e4ce2317fddff0da35adbcb27396a1da62822a2c254471d3484,81115282060155343973682629302140588398994460909748445358417739032150121928748,0,0x590ff8ce1d92aed6a550409797736386a3432a39d19e1f2d0336d43770042420
2026-01-04T15:52:23,1767559943,TRADE,BUY,Down,29,0.2,5.8,"Bitcoin Up or Down - January 4, 3:45PM-4:00PM ET",btc-updown-15m-1767559500,0x7f2710975c1bdfc4511dc3c327cfe7ee7d7b5c2fe64980181ee74341a2d54462,1557301465141604810551338910140925132332991566065957875071399401478651888971,1,0x76dca3d15273752f6c3aad7232d2ceeafe3ec5cc37378cbc837bcab90910cc12
2026-01-04T15:52:23,1767559943,TRADE,BUY,Down,10.506328,0.21000001142168795,2.206329,"Ethereum Up or Down - January 4, 3:45PM-4:00PM ET",eth-updown-15m-1767559500,0x42f75a06062b9e4ce2317fddff0da35adbcb27396a1da62822a2c254471d3484,98991642164318449849799255365709672842977763882942243995673937893038856560011,1,0x11d12cb855d6bd73f5e0f2dae35c4db69ba842ea8e41934c756f4a0fb7b6523e
2026-01-04T15:52:23,1767559943,TRADE,BUY,Down,29,0.18,5.22,"Bitcoin Up or Down - January 4, 3:45PM-4:00PM ET",btc-updown-15m-1767559500,0x7f2710975c1bdfc4511dc3c327cfe7ee7d7b5c2fe64980181ee74341a2d54462,1557301465141604810551338910140925132332991566065957875071399401478651888971,1,0x99461a85488e766330293414a25844812239405c3761690cc3d12ad0f0350fcf
2026-01-04T15:52:23,1767559943,TRADE,BUY,Down,29,0.18,5.22,"Bitcoin Up or Down - January 4, 3:45PM-4:00PM ET",btc-updown-15m-1767559500,0x7f2710975c1bdfc4511dc3c327cfe7ee7d7b5c2fe64980181ee74341a2d54462,1557301465141604810551338910140925132332991566065957875071399401478651888971,1,0x8c9c7885e26bd8cf8c2ef0022fd9eda8c29d091b2a859a9695da73d4e9ad0de4
2026-01-04T15:52:21,1767559941,TRADE,BUY,Down,2.09,0.21,0.4389,"Ethereum Up or Down - January 4, 3:45PM-4:00PM ET",eth-updown-15m-1767559500,0x42f75a06062b9e4ce2317fddff0da35adbcb27396a1da62822a2c254471d3484,98991642164318449849799255365709672842977763882942243995673937893038856560011,1,0x7ce0b351261dbce661579a20aed2464f1a2b164aba542c50994e898cbd03f0af
2026-01-04T15:52:19,1767559939,TRADE,BUY,Down,29,0.16,4.64,"Bitcoin Up or Down - January 4, 3:45PM-4:00PM ET",btc-updown-15m-1767559500,0x7f2710975c1bdfc4511dc3c327cfe7ee7d7b5c2fe64980181ee74341a2d54462,1557301465141604810551338910140925132332991566065957875071399401478651888971,1,0x182876578c97911add7a046a39bfecb0b2b4d32abd583277993e7f8099d3cfda
2026-01-04T15:52:19,1767559939,TRADE,BUY,Down,5.952375,0.16,0.95238,"Ethereum Up or Down - January 4, 3:45PM-4:00PM ET",eth-updown-15m-1767559500,0x42f75a06062b9e4ce2317fddff0da35adbcb27396a1da62822a2c254471d3484,98991642164318449849799255365709672842977763882942243995673937893038856560011,1,0x4cf6ff306b713586926a857c422ecd681c92e7560336e8d306429ac577a35f51
2026-01-04T15:52:19,1767559939,TRADE,BUY,Up,5,0.82,4.1,"Bitcoin Up or Down - January 4, 3:45PM-4:00PM ET",btc-updown-15m-1767559500,0x7f2710975c1bdfc4511dc3c327cfe7ee7d7b5c2fe64980181ee74341a2d54462,92170632673932098697839181910966056567672220619206304588775032640672954886297,0,0xab79b648e6d57efdea891cf7a332a061381040676770f490d95d98cbd3011edb
2026-01-04T15:52:19,1767559939,TRADE,BUY,Up,24.19,0.82,19.8358,"Bitcoin Up or Down - January 4, 3:45PM-4:00PM ET",btc-updown-15m-1767559500,0x7f2710975c1bdfc4511dc3c327cfe7ee7d7b5c2fe64980181ee74341a2d54462,92170632673932098697839181910966056567672220619206304588775032640672954886297,0,0xb1e56484037f3fb8575410ae019cc974140a31f518fc7fbc7e7aadb271c56e6e
2026-01-04T15:52:19,1767559939,TRADE,BUY,Up,4.54,0.82,3.7228,"Bitcoin Up or Down - January 4, 3:45PM-4:00PM ET",btc-updown-15m-1767559500,0x7f2710975c1bdfc4511dc3c327cfe7ee7d7b5c2fe64980181ee74341a2d54462,92170632673932098697839181910966056567672220619206304588775032640672954886297,0,0xb1e56484037f3fb8575410ae019cc974140a31f518fc7fbc7e7aadb271c56e6e
2026-01-04T15:52:19,1767559939,TRADE,BUY,Down,2.095237,0.16000003818183814,0.335238,"Ethereum Up or Down - January 4, 3:45PM-4:00PM ET",eth-updown-15m-1767559500,0x42f75a06062b9e4ce2317fddff0da35adbcb27396a1da62822a2c254471d3484,98991642164318449849799255365709672842977763882942243995673937893038856560011,1,0x098c38d69143b5fb66490a4bd65be3ebd36c693ec82948d9da379ebac9c6de6e
2026-01-04T15:52:19,1767559939,TRADE,BUY,Up,29,0.82,23.78,"Bitcoin Up or Down - January 4, 3:45PM-4:00PM ET",btc-updown-15m-1767559500,0x7f2710975c1bdfc4511dc3c327cfe7ee7d7b5c2fe64980181ee74341a2d54462,92170632673932098697839181910966056567672220619206304588775032640672954886297,0,0x9fd50d23da39e26c703d35a213c602ec5c2ba4ca7df3d56dc5708ee8a92dd0d8
2026-01-04T15:52:19,1767559939,TRADE,BUY,Up,29,0.82,23.78,"Bitcoin Up or Down - January 4, 3:45PM-4:00PM ET",btc-updown-15m-1767559500,0x7f2710975c1bdfc4511dc3c327cfe7ee7d7b5c2fe64980181ee74341a2d54462,92170632673932098697839181910966056567672220619206304588775032640672954886297,0,0x9fd50d23da39e26c703d35a213c602ec5c2ba4ca7df3d56dc5708ee8a92dd0d8
2026-01-04T15:52:19,1767559939,TRADE,BUY,Up,4.802221,0.8200001624248446,3.937822,"Bitcoin Up or Down - January 4, 3:45PM-4:00PM ET",btc-updown-15m-1767559500,0x7f2710975c1bdfc4511dc3c327cfe7ee7d7b5c2fe64980181ee74341a2d54462,92170632673932098697839181910966056567672220619206304588775032640672954886297,0,0x9fd50d23da39e26c703d35a213c602ec5c2ba4ca7df3d56dc5708ee8a92dd0d8
2026-01-04T15:52:19,1767559939,TRADE,BUY,Down,3.571425,0.16,0.571428,"Ethereum Up or Down - January 4, 3:45PM-4:00PM ET",eth-updown-15m-1767559500,0x42f75a06062b9e4ce2317fddff0da35adbcb27396a1da62822a2c254471d3484,98991642164318449849799255365709672842977763882942243995673937893038856560011,1,0xe50d4a6c06247074423e26da514e5db460b16f9c82491e28384dcabeda638893
2026-01-04T15:52:15,1767559935,TRADE,BUY,Down,1.547618,0.16000007753851403,0.247619,"Ethereum Up or Down - January 4, 3:45PM-4:00PM ET",eth-updown-15m-1767559500,0x42f75a06062b9e4ce2317fddff0da35adbcb27396a1da62822a2c254471d3484,98991642164318449849799255365709672842977763882942243995673937893038856560011,1,0x1f575d9061405e1535a163c34c49d1db8aaf12446d42020fd4685a849c5d393e
2026-01-04T15:52:13,1767559933,TRADE,BUY,Up,16,0.82,13.12,"Ethereum Up or Down - January 4, 3:45PM-4:00PM ET",eth-updown-15m-1767559500,0x42f75a06062b9e4ce2317fddff0da35adbcb27396a1da62822a2c254471d3484,81115282060155343973682629302140588398994460909748445358417739032150121928748,0,0x57422b66a74de916bcb61ca424b3b241d1f884acd578f55f04508de7ee96d451
2026-01-04T15:52:11,1767559931,TRADE,BUY,Down,16,0.16,2.56,"Ethereum Up or Down - January 4, 3:45PM-4:00PM ET",eth-updown-15m-1767559500,0x42f75a06062b9e4ce2317fddff0da35adbcb27396a1da62822a2c254471d3484,98991642164318449849799255365709672842977763882942243995673937893038856560011,1,0x8fb6c503b1785a2ffcd32c43ad1201026faff11f95382a8ffeb55d49676e41ab
2026-01-04T15:52:11,1767559931,TRADE,BUY,Down,12.18,0.16,1.9488,"Ethereum Up or Down - January 4, 3:45PM-4:00PM ET",eth-updown-15m-1767559500,0x42f75a06062b9e4ce2317fddff0da35adbcb27396a1da62822a2c254471d3484,98991642164318449849799255365709672842977763882942243995673937893038856560011,1,0x57fe23b11651277e5002c20b5b4185cf0fb5f9ed9d83a36b644eb0a0a4a5b9c2
2026-01-04T15:52:07,1767559927,TRADE,BUY,Up,29,0.82,23.78,"Bitcoin Up or Down - January 4, 3:45PM-4:00PM ET",btc-updown-15m-1767559500,0x7f2710975c1bdfc4511dc3c327cfe7ee7d7b5c2fe64980181ee74341a2d54462,92170632673932098697839181910966056567672220619206304588775032640672954886297,0,0xab828e33cf979f933eadcd7564cac372d423af0dd9a35762b73cd99c80f8c5e1
2026-01-04T15:52:05,1767559925,TRADE,BUY,Up,0.38,0.83,0.3154,"Bitcoin Up or Down - January 4, 3:45PM-4:00PM ET",btc-updown-15m-1767559500,0x7f2710975c1bdfc4511dc3c327cfe7ee7d7b5c2fe64980181ee74341a2d54462,92170632673932098697839181910966056567672220619206304588775032640672954886297,0,0x33e0ef84770a814575e47026d06c8d9883266b72404f26cef94d479f196336a9
2026-01-04T15:52:05,1767559925,TRADE,BUY,Up,16,0.83,13.28,"Ethereum Up or Down - January 4, 3:45PM-4:00PM ET",eth-updown-15m-1767559500,0x42f75a06062b9e4ce2317fddff0da35adbcb27396a1da62822a2c254471d3484,81115282060155343973682629302140588398994460909748445358417739032150121928748,0,0xe371e32f4c1b708c27abb301f658648b62d518a87dbeff2769d718f8154e8b3e
2026-01-04T15:52:05,1767559925,TRADE,BUY,Up,2.16,0.79,1.7064,"Ethereum Up or Down - January 4, 3:45PM-4:00PM ET",eth-updown-15m-1767559500,0x42f75a06062b9e4ce2317fddff0da35adbcb27396a1da62822a2c254471d3484,81115282060155343973682629302140588398994460909748445358417739032150121928748,0,0x59cab6aadd62c07607d1367deb7bc95a3e73dbf009244ed94bc37c3420f3f244
2026-01-04T15:52:05,1767559925,TRADE,BUY,Up,12.89,0.78,10.0542,"Ethereum Up or Down - January 4, 3:45PM-4:00PM ET",eth-updown-15m-1767559500,0x42f75a06062b9e4ce2317fddff0da35adbcb27396a1da62822a2c254471d3484,81115282060155343973682629302140588398994460909748445358417739032150121928748,0,0xcc9e3126b5d8303b42abaccb8928f1d1505e76a7b606f2003cce3ef455a89481
2026-01-04T15:52:05,1767559925,TRADE,BUY,Up,2.11,0.78,1.6458,"Ethereum Up or Down - January 4, 3:45PM-4:00PM ET",eth-updown-15m-1767559500,0x42f75a06062b9e4ce2317fddff0da35adbcb27396a1da62822a2c254471d3484,81115282060155343973682629302140588398994460909748445358417739032150121928748,0,0xcc9e3126b5d8303b42abaccb8928f1d1505e76a7b606f2003cce3ef455a89481
2026-01-04T15:52:05,1767559925,TRADE,BUY,Up,14.2,0.78,11.076,"Ethereum Up or Down - January 4, 3:45PM-4:00PM ET",eth-updown-15m-1767559500,0x42f75a06062b9e4ce2317fddff0da35adbcb27396a1da62822a2c254471d3484,81115282060155343973682629302140588398994460909748445358417739032150121928748,0,0x94d5ca320ed6d3a5cb5794cc94d988923f215eab5334739ef99d4ffe210ae27c
2026-01-04T15:52:05,1767559925,TRADE,BUY,Up,16,0.78,12.48,"Ethereum Up or Down - January 4, 3:45PM-4:00PM ET",eth-updown-15m-1767559500,0x42f75a06062b9e4ce2317fddff0da35adbcb27396a1da62822a2c254471d3484,81115282060155343973682629302140588398994460909748445358417739032150121928748,0,0x94d5ca320ed6d3a5cb5794cc94d988923f215eab5334739ef99d4ffe210ae27c
2026-01-04T15:52:05,1767559925,TRADE,BUY,Up,13.89,0.78,10.8342,"Ethereum Up or Down - January 4, 3:45PM-4:00PM ET",eth-updown-15m-1767559500,0x42f75a06062b9e4ce2317fddff0da35adbcb27396a1da62822a2c254471d3484,81115282060155343973682629302140588398994460909748445358417739032150121928748,0,0x720836c13d4fb431a3bf4f1905369dcdfe6c5d7a70c0a620125b16046615b1ad
2026-01-04T15:52:05,1767559925,TRADE,BUY,Up,1.791817,0.7800004129886032,1.397618,"Ethereum Up or Down - January 4, 3:45PM-4:00PM ET",eth-updown-15m-1767559500,0x42f75a06062b9e4ce2317fddff0da35adbcb27396a1da62822a2c254471d3484,81115282060155343973682629302140588398994460909748445358417739032150121928748,0,0x720836c13d4fb431a3bf4f1905369dcdfe6c5d7a70c0a620125b16046615b1ad
2026-01-04T15:52:05,1767559925,TRADE,BUY,Up,1.63,0.77,1.2551,"Ethereum Up or Down - January 4, 3:45PM-4:00PM ET",eth-updown-15m-1767559500,0x42f75a06062b9e4ce2317fddff0da35adbcb27396a1da62822a2c254471d3484,81115282060155343973682629302140588398994460909748445358417739032150121928748,0,0xafe7ce21eb995ad90008a25d77cd4aea6e076d0884fef1bc41563eb5d0f9ab9f
2026-01-04T15:52:05,1767559925,TRADE,BUY,Up,13.84,0.79,10.9336,"Ethereum Up or Down - January 4, 3:45PM-4:00PM ET",eth-updown-15m-1767559500,0x42f75a06062b9e4ce2317fddff0da35adbcb27396a1da62822a2c254471d3484,81115282060155343973682629302140588398994460909748445358417739032150121928748,0,0x1975f409ec88db71de2c71c4eca885417000cf1f23f98c8110a19536af7b59c8
2026-01-04T15:52:05,1767559925,TRADE,BUY,Up,15,0.78,11.7,"Ethereum Up or Down - January 4, 3:45PM-4:00PM ET",eth-updown-15m-1767559500,0x42f75a06062b9e4ce2317fddff0da35adbcb27396a1da62822a2c254471d3484,81115282060155343973682629302140588398994460909748445358417739032150121928748,0,0xe6aa276edcdffc8c1f8995eac7cc7bb470fb15a19a68f0aa9c1479f58e8736c9
2026-01-04T15:52:05,1767559925,TRADE,BUY,Up,3.100453,0.780000212872119,2.418354,"Ethereum Up or Down - January 4, 3:45PM-4:00PM ET",eth-updown-15m-1767559500,0x42f75a06062b9e4ce2317fddff0da35adbcb27396a1da62822a2c254471d3484,81115282060155343973682629302140588398994460909748445358417739032150121928748,0,0x744fb8048ce7fe832f4c7a270d9a1981749fd87e4e57db0cfac51e4e3ed58b82
2026-01-04T15:52:05,1767559925,TRADE,BUY,Up,19.763,0.8,15.8104,"Bitcoin Up or Down - January 4, 3:45PM-4:00PM ET",btc-updown-15m-1767559500,0x7f2710975c1bdfc4511dc3c327cfe7ee7d7b5c2fe64980181ee74341a2d54462,92170632673932098697839181910966056567672220619206304588775032640672954886297,0,0xdbad84536b718dfc6a29cccde5b28e4bf52b6d977b9901aa0ee509138cf5b53a
2026-01-04T15:52:19,1767559939,TRADE,BUY,Up,4.802221,0.8200001624248446,3.937822,"Bitcoin Up or Down - January 4, 3:45PM-4:00PM ET",btc-updown-15m-1767559500,0x7f2710975c1bdfc4511dc3c327cfe7ee7d7b5c2fe64980181ee74341a2d54462,92170632673932098697839181910966056567672220619206304588775032640672954886297,0,0x9fd50d23da39e26c703d35a213c602ec5c2ba4ca7df3d56dc5708ee8a92dd0d8
2026-01-04T15:52:19,1767559939,TRADE,BUY,Down,3.571425,0.16,0.571428,"Ethereum Up or Down - January 4, 3:45PM-4:00PM ET",eth-updown-15m-1767559500,0x42f75a06062b9e4ce2317fddff0da35adbcb27396a1da62822a2c254471d3484,98991642164318449849799255365709672842977763882942243995673937893038856560011,1,0xe50d4a6c06247074423e26da514e5db460b16f9c82491e28384dcabeda638893
2026-01-04T15:52:15,1767559935,TRADE,BUY,Down,1.547618,0.16000007753851403,0.247619,"Ethereum Up or Down - January 4, 3:45PM-4:00PM ET",eth-updown-15m-1767559500,0x42f75a06062b9e4ce2317fddff0da35adbcb27396a1da62822a2c254471d3484,98991642164318449849799255365709672842977763882942243995673937893038856560011,1,0x1f575d9061405e1535a163c34c49d1db8aaf12446d42020fd4685a849c5d393e
2026-01-04T15:52:13,1767559933,TRADE,BUY,Up,16,0.82,13.12,"Ethereum Up or Down - January 4, 3:45PM-4:00PM ET",eth-updown-15m-1767559500,0x42f75a06062b9e4ce2317fddff0da35adbcb27396a1da62822a2c254471d3484,81115282060155343973682629302140588398994460909748445358417739032150121928748,0,0x57422b66a74de916bcb61ca424b3b241d1f884acd578f55f04508de7ee96d451
2026-01-04T15:52:11,1767559931,TRADE,BUY,Down,16,0.16,2.56,"Ethereum Up or Down - January 4, 3:45PM-4:00PM ET",eth-updown-15m-1767559500,0x42f75a06062b9e4ce2317fddff0da35adbcb27396a1da62822a2c254471d3484,98991642164318449849799255365709672842977763882942243995673937893038856560011,1,0x8fb6c503b1785a2ffcd32c43ad1201026faff11f95382a8ffeb55d49676e41ab
2026-01-04T15:52:11,1767559931,TRADE,BUY,Down,12.18,0.16,1.9488,"Ethereum Up or Down - January 4, 3:45PM-4:00PM ET",eth-updown-15m-1767559500,0x42f75a06062b9e4ce2317fddff0da35adbcb27396a1da62822a2c254471d3484,98991642164318449849799255365709672842977763882942243995673937893038856560011,1,0x57fe23b11651277e5002c20b5b4185cf0fb5f9ed9d83a36b644eb0a0a4a5b9c2
2026-01-04T15:52:07,1767559927,TRADE,BUY,Up,29,0.82,23.78,"Bitcoin Up or Down - January 4, 3:45PM-4:00PM ET",btc-updown-15m-1767559500,0x7f2710975c1bdfc4511dc3c327cfe7ee7d7b5c2fe64980181ee74341a2d54462,92170632673932098697839181910966056567672220619206304588775032640672954886297,0,0xab828e33cf979f933eadcd7564cac372d423af0dd9a35762b73cd99c80f8c5e1
2026-01-04T15:52:05,1767559925,TRADE,BUY,Up,0.38,0.83,0.3154,"Bitcoin Up or Down - January 4, 3:45PM-4:00PM ET",btc-updown-15m-1767559500,0x7f2710975c1bdfc4511dc3c327cfe7ee7d7b5c2fe64980181ee74341a2d54462,92170632673932098697839181910966056567672220619206304588775032640672954886297,0,0x33e0ef84770a814575e47026d06c8d9883266b72404f26cef94d479f196336a9
2026-01-04T15:52:05,1767559925,TRADE,BUY,Up,16,0.83,13.28,"Ethereum Up or Down - January 4, 3:45PM-4:00PM ET",eth-updown-15m-1767559500,0x42f75a06062b9e4ce2317fddff0da35adbcb27396a1da62822a2c254471d3484,81115282060155343973682629302140588398994460909748445358417739032150121928748,0,0xe371e32f4c1b708c27abb301f658648b62d518a87dbeff2769d718f8154e8b3e
2026-01-04T15:52:05,1767559925,TRADE,BUY,Up,2.16,0.79,1.7064,"Ethereum Up or Down - January 4, 3:45PM-4:00PM ET",eth-updown-15m-1767559500,0x42f75a06062b9e4ce2317fddff0da35adbcb27396a1da62822a2c254471d3484,81115282060155343973682629302140588398994460909748445358417739032150121928748,0,0x59cab6aadd62c07607d1367deb7bc95a3e73dbf009244ed94bc37c3420f3f244
2026-01-04T15:52:05,1767559925,TRADE,BUY,Up,12.89,0.78,10.0542,"Ethereum Up or Down - January 4, 3:45PM-4:00PM ET",eth-updown-15m-1767559500,0x42f75a06062b9e4ce2317fddff0da35adbcb27396a1da62822a2c254471d3484,81115282060155343973682629302140588398994460909748445358417739032150121928748,0,0xcc9e3126b5d8303b42abaccb8928f1d1505e76a7b606f2003cce3ef455a89481
2026-01-04T15:52:05,1767559925,TRADE,BUY,Up,2.11,0.78,1.6458,"Ethereum Up or Down - January 4, 3:45PM-4:00PM ET",eth-updown-15m-1767559500,0x42f75a06062b9e4ce2317fddff0da35adbcb27396a1da62822a2c254471d3484,81115282060155343973682629302140588398994460909748445358417739032150121928748,0,0xcc9e3126b5d8303b42abaccb8928f1d1505e76a7b606f2003cce3ef455a89481
2026-01-04T15:52:05,1767559925,TRADE,BUY,Up,14.2,0.78,11.076,"Ethereum Up or Down - January 4, 3:45PM-4:00PM ET",eth-updown-15m-1767559500,0x42f75a06062b9e4ce2317fddff0da35adbcb27396a1da62822a2c254471d3484,81115282060155343973682629302140588398994460909748445358417739032150121928748,0,0x94d5ca320ed6d3a5cb5794cc94d988923f215eab5334739ef99d4ffe210ae27c
2026-01-04T15:52:05,1767559925,TRADE,BUY,Up,16,0.78,12.48,"Ethereum Up or Down - January 4, 3:45PM-4:00PM ET",eth-updown-15m-1767559500,0x42f75a06062b9e4ce2317fddff0da35adbcb27396a1da62822a2c254471d3484,81115282060155343973682629302140588398994460909748445358417739032150121928748,0,0x94d5ca320ed6d3a5cb5794cc94d988923f215eab5334739ef99d4ffe210ae27c
2026-01-04T15:52:05,1767559925,TRADE,BUY,Up,13.89,0.78,10.8342,"Ethereum Up or Down - January 4, 3:45PM-4:00PM ET",eth-updown-15m-1767559500,0x42f75a06062b9e4ce2317fddff0da35adbcb27396a1da62822a2c254471d3484,81115282060155343973682629302140588398994460909748445358417739032150121928748,0,0x720836c13d4fb431a3bf4f1905369dcdfe6c5d7a70c0a620125b16046615b1ad
2026-01-04T15:52:05,1767559925,TRADE,BUY,Up,1.791817,0.7800004129886032,1.397618,"Ethereum Up or Down - January 4, 3:45PM-4:00PM ET",eth-updown-15m-1767559500,0x42f75a06062b9e4ce2317fddff0da35adbcb27396a1da62822a2c254471d3484,81115282060155343973682629302140588398994460909748445358417739032150121928748,0,0x720836c13d4fb431a3bf4f1905369dcdfe6c5d7a70c0a620125b16046615b1ad
2026-01-04T15:52:05,1767559925,TRADE,BUY,Up,1.63,0.77,1.2551,"Ethereum Up or Down - January 4, 3:45PM-4:00PM ET",eth-updown-15m-1767559500,0x42f75a06062b9e4ce2317fddff0da35adbcb27396a1da62822a2c254471d3484,81115282060155343973682629302140588398994460909748445358417739032150121928748,0,0xafe7ce21eb995ad90008a25d77cd4aea6e076d0884fef1bc41563eb5d0f9ab9f
2026-01-04T15:52:05,1767559925,TRADE,BUY,Up,13.84,0.79,10.9336,"Ethereum Up or Down - January 4, 3:45PM-4:00PM ET",eth-updown-15m-1767559500,0x42f75a06062b9e4ce2317fddff0da35adbcb27396a1da62822a2c254471d3484,81115282060155343973682629302140588398994460909748445358417739032150121928748,0,0x1975f409ec88db71de2c71c4eca885417000cf1f23f98c8110a19536af7b59c8
2026-01-04T15:52:05,1767559925,TRADE,BUY,Up,15,0.78,11.7,"Ethereum Up or Down - January 4, 3:45PM-4:00PM ET",eth-updown-15m-1767559500,0x42f75a06062b9e4ce2317fddff0da35adbcb27396a1da62822a2c254471d3484,81115282060155343973682629302140588398994460909748445358417739032150121928748,0,0xe6aa276edcdffc8c1f8995eac7cc7bb470fb15a19a68f0aa9c1479f58e8736c9
2026-01-04T15:52:05,1767559925,TRADE,BUY,Up,3.100453,0.780000212872119,2.418354,"Ethereum Up or Down - January 4, 3:45PM-4:00PM ET",eth-updown-15m-1767559500,0x42f75a06062b9e4ce2317fddff0da35adbcb27396a1da62822a2c254471d3484,81115282060155343973682629302140588398994460909748445358417739032150121928748,0,0x744fb8048ce7fe832f4c7a270d9a1981749fd87e4e57db0cfac51e4e3ed58b82
2026-01-04T15:52:05,1767559925,TRADE,BUY,Up,19.763,0.8,15.8104,"Bitcoin Up or Down - January 4, 3:45PM-4:00PM ET",btc-updown-15m-1767559500,0x7f2710975c1bdfc4511dc3c327cfe7ee7d7b5c2fe64980181ee74341a2d54462,92170632673932098697839181910966056567672220619206304588775032640672954886297,0,0xdbad84536b718dfc6a29cccde5b28e4bf52b6d977b9901aa0ee509138cf5b53a
2026-01-04T15:52:01,1767559921,TRADE,BUY,Down,25,0.18,4.5,"Bitcoin Up or Down - January 4, 3:45PM-4:00PM ET",btc-updown-15m-1767559500,0x7f2710975c1bdfc4511dc3c327cfe7ee7d7b5c2fe64980181ee74341a2d54462,1557301465141604810551338910140925132332991566065957875071399401478651888971,1,0x3b9a4b73188186d8bf2c6a06680340c635e6d335aee384446dc798d3a98340bd
2026-01-04T15:52:01,1767559921,TRADE,BUY,Down,0.24,0.18,0.0432,"Bitcoin Up or Down - January 4, 3:45PM-4:00PM ET",btc-updown-15m-1767559500,0x7f2710975c1bdfc4511dc3c327cfe7ee7d7b5c2fe64980181ee74341a2d54462,1557301465141604810551338910140925132332991566065957875071399401478651888971,1,0x94865506aff11c32d7725b95f3a76abbfbaf0b7b6583afcd751da4a179857ddd
2026-01-04T15:52:01,1767559921,TRADE,BUY,Down,0.979511,0.18000002041835161,0.176312,"Bitcoin Up or Down - January 4, 3:45PM-4:00PM ET",btc-updown-15m-1767559500,0x7f2710975c1bdfc4511dc3c327cfe7ee7d7b5c2fe64980181ee74341a2d54462,1557301465141604810551338910140925132332991566065957875071399401478651888971,1,0x94865506aff11c32d7725b95f3a76abbfbaf0b7b6583afcd751da4a179857ddd
2026-01-04T15:52:01,1767559921,TRADE,BUY,Down,8,0.18,1.44,"Bitcoin Up or Down - January 4, 3:45PM-4:00PM ET",btc-updown-15m-1767559500,0x7f2710975c1bdfc4511dc3c327cfe7ee7d7b5c2fe64980181ee74341a2d54462,1557301465141604810551338910140925132332991566065957875071399401478651888971,1,0xc3a28e444b099d32ca8c96a501119979d46dcdf12804454ffea4df7e9346efcb
2026-01-04T15:52:01,1767559921,TRADE,BUY,Down,20.02,0.18,3.6036,"Bitcoin Up or Down - January 4, 3:45PM-4:00PM ET",btc-updown-15m-1767559500,0x7f2710975c1bdfc4511dc3c327cfe7ee7d7b5c2fe64980181ee74341a2d54462,1557301465141604810551338910140925132332991566065957875071399401478651888971,1,0xc1d76955f0c63d79c5cbe908cbc3b944932066e33527b6ba7499b2dff44a9cc8
2026-01-04T15:52:01,1767559921,TRADE,BUY,Down,29,0.17,4.93,"Bitcoin Up or Down - January 4, 3:45PM-4:00PM ET",btc-updown-15m-1767559500,0x7f2710975c1bdfc4511dc3c327cfe7ee7d7b5c2fe64980181ee74341a2d54462,1557301465141604810551338910140925132332991566065957875071399401478651888971,1,0xc1d76955f0c63d79c5cbe908cbc3b944932066e33527b6ba7499b2dff44a9cc8
2026-01-04T15:52:01,1767559921,TRADE,BUY,Down,29,0.17,4.93,"Bitcoin Up or Down - January 4, 3:45PM-4:00PM ET",btc-updown-15m-1767559500,0x7f2710975c1bdfc4511dc3c327cfe7ee7d7b5c2fe64980181ee74341a2d54462,1557301465141604810551338910140925132332991566065957875071399401478651888971,1,0xc1d76955f0c63d79c5cbe908cbc3b944932066e33527b6ba7499b2dff44a9cc8
2026-01-04T15:52:01,1767559921,TRADE,BUY,Down,29,0.17,4.93,"Bitcoin Up or Down - January 4, 3:45PM-4:00PM ET",btc-updown-15m-1767559500,0x7f2710975c1bdfc4511dc3c327cfe7ee7d7b5c2fe64980181ee74341a2d54462,1557301465141604810551338910140925132332991566065957875071399401478651888971,1,0xc1d76955f0c63d79c5cbe908cbc3b944932066e33527b6ba7499b2dff44a9cc8
2026-01-04T15:52:01,1767559921,TRADE,BUY,Down,29,0.17,4.93,"Bitcoin Up or Down - January 4, 3:45PM-4:00PM ET",btc-updown-15m-1767559500,0x7f2710975c1bdfc4511dc3c327cfe7ee7d7b5c2fe64980181ee74341a2d54462,1557301465141604810551338910140925132332991566065957875071399401478651888971,1,0xc1d76955f0c63d79c5cbe908cbc3b944932066e33527b6ba7499b2dff44a9cc8
2026-01-04T15:51:59,1767559919,TRADE,BUY,Down,3.76,0.18,0.6768,"Bitcoin Up or Down - January 4, 3:45PM-4:00PM ET",btc-updown-15m-1767559500,0x7f2710975c1bdfc4511dc3c327cfe7ee7d7b5c2fe64980181ee74341a2d54462,1557301465141604810551338910140925132332991566065957875071399401478651888971,1,0x08ba1b3c13858ac6be28d9a9e4a861506daa2095cc5f21ec6eb611b8c9a3c8ef
2026-01-04T15:51:57,1767559917,TRADE,BUY,Down,16,0.23,3.68,"Ethereum Up or Down - January 4, 3:45PM-4:00PM ET",eth-updown-15m-1767559500,0x42f75a06062b9e4ce2317fddff0da35adbcb27396a1da62822a2c254471d3484,98991642164318449849799255365709672842977763882942243995673937893038856560011,1,0xce9307c20c5fd4c709b2a445f8c0a1719022b63d96d873811ce11b2560522349
2026-01-04T15:51:57,1767559917,TRADE,BUY,Down,10,0.22,2.2,"Ethereum Up or Down - January 4, 3:45PM-4:00PM ET",eth-updown-15m-1767559500,0x42f75a06062b9e4ce2317fddff0da35adbcb27396a1da62822a2c254471d3484,98991642164318449849799255365709672842977763882942243995673937893038856560011,1,0xd813896c933346ad5e1b09d0c36cee3a41cac57167123093ad5e91fa6818143b
2026-01-04T15:51:57,1767559917,TRADE,BUY,Down,1.666663,0.2200000840001848,0.366666,"Ethereum Up or Down - January 4, 3:45PM-4:00PM ET",eth-updown-15m-1767559500,0x42f75a06062b9e4ce2317fddff0da35adbcb27396a1da62822a2c254471d3484,98991642164318449849799255365709672842977763882942243995673937893038856560011,1,0x2aa957c282c92de168bac7026dcedfa5c8259cd7f83c5eca4e6e420403e7829c
2026-01-04T15:51:57,1767559917,TRADE,BUY,Down,16,0.23,3.68,"Ethereum Up or Down - January 4, 3:45PM-4:00PM ET",eth-updown-15m-1767559500,0x42f75a06062b9e4ce2317fddff0da35adbcb27396a1da62822a2c254471d3484,98991642164318449849799255365709672842977763882942243995673937893038856560011,1,0x9a6435ff823ad1cd454a51751e013361bd91ebe35bd5164c392092dca0d00883
2026-01-04T15:51:57,1767559917,TRADE,BUY,Down,16,0.23,3.68,"Ethereum Up or Down - January 4, 3:45PM-4:00PM ET",eth-updown-15m-1767559500,0x42f75a06062b9e4ce2317fddff0da35adbcb27396a1da62822a2c254471d3484,98991642164318449849799255365709672842977763882942243995673937893038856560011,1,0x71dae8878964cbb5f2f2fd4e18545361b2ea2428b15547a11df46df3d110b7a5
2026-01-04T15:51:55,1767559915,TRADE,BUY,Up,1.25,0.66,0.825,"Ethereum Up or Down - January 4, 3:45PM-4:00PM ET",eth-updown-15m-1767559500,0x42f75a06062b9e4ce2317fddff0da35adbcb27396a1da62822a2c254471d3484,81115282060155343973682629302140588398994460909748445358417739032150121928748,0,0xe29e931d997227e9798684d80279fe2c0e752587e4af8d3b47853542af6b10b6
2026-01-04T15:51:55,1767559915,TRADE,BUY,Up,5,0.66,3.3,"Ethereum Up or Down - January 4, 3:45PM-4:00PM ET",eth-updown-15m-1767559500,0x42f75a06062b9e4ce2317fddff0da35adbcb27396a1da62822a2c254471d3484,81115282060155343973682629302140588398994460909748445358417739032150121928748,0,0xe1d3c619a483319066616310269c211c5b8f58e9ddc11cda192fde91d02e565d
2026-01-04T15:51:51,1767559911,TRADE,BUY,Down,2.109588,0.2700001137662899,0.569589,"Bitcoin Up or Down - January 4, 3:45PM-4:00PM ET",btc-updown-15m-1767559500,0x7f2710975c1bdfc4511dc3c327cfe7ee7d7b5c2fe64980181ee74341a2d54462,1557301465141604810551338910140925132332991566065957875071399401478651888971,1,0x312d32333232093d43f8f3e82203f50043f17ccfe9fabbbded0138b6ee3293c0
2026-01-04T15:51:51,1767559911,TRADE,BUY,Down,1.369862,0.27000018980014046,0.369863,"Bitcoin Up or Down - January 4, 3:45PM-4:00PM ET",btc-updown-15m-1767559500,0x7f2710975c1bdfc4511dc3c327cfe7ee7d7b5c2fe64980181ee74341a2d54462,1557301465141604810551338910140925132332991566065957875071399401478651888971,1,0x705eccd601fde6caf390547f9a2cd3f13d735891bdec2e6c7af272bb6a92ccae
2026-01-04T15:51:51,1767559911,TRADE,BUY,Down,5.479451,0.2700000419750081,1.479452,"Bitcoin Up or Down - January 4, 3:45PM-4:00PM ET",btc-updown-15m-1767559500,0x7f2710975c1bdfc4511dc3c327cfe7ee7d7b5c2fe64980181ee74341a2d54462,1557301465141604810551338910140925132332991566065957875071399401478651888971,1,0x88b90285909fe2ca6bd09293959bf1ba712c9d165e05fb59a3e985660290e46b
2026-01-04T15:51:49,1767559909,TRADE,BUY,Down,10.77,0.26,2.8002,"Bitcoin Up or Down - January 4, 3:45PM-4:00PM ET",btc-updown-15m-1767559500,0x7f2710975c1bdfc4511dc3c327cfe7ee7d7b5c2fe64980181ee74341a2d54462,1557301465141604810551338910140925132332991566065957875071399401478651888971,1,0x8bfe9dfe042fd1e0009acee92c2fd127af1b0c74fbe5ee7fade121b3253d4441
2026-01-04T15:51:49,1767559909,TRADE,BUY,Down,5.410955,0.27000002772153897,1.460958,"Bitcoin Up or Down - January 4, 3:45PM-4:00PM ET",btc-updown-15m-1767559500,0x7f2710975c1bdfc4511dc3c327cfe7ee7d7b5c2fe64980181ee74341a2d54462,1557301465141604810551338910140925132332991566065957875071399401478651888971,1,0xa9220b0178c2c9ac4891596427b1ff6fed2f024b62e16e3fbc4dd08895c7574e
2026-01-04T15:51:49,1767559909,TRADE,BUY,Down,29,0.27,7.83,"Bitcoin Up or Down - January 4, 3:45PM-4:00PM ET",btc-updown-15m-1767559500,0x7f2710975c1bdfc4511dc3c327cfe7ee7d7b5c2fe64980181ee74341a2d54462,1557301465141604810551338910140925132332991566065957875071399401478651888971,1,0x331d6575160fef4ed00bdae03f8f553b6d0a3ba069e3ba34ef60c12baac38b88
2026-01-04T15:51:49,1767559909,TRADE,BUY,Down,1.35135,0.26,0.351351,"Bitcoin Up or Down - January 4, 3:45PM-4:00PM ET",btc-updown-15m-1767559500,0x7f2710975c1bdfc4511dc3c327cfe7ee7d7b5c2fe64980181ee74341a2d54462,1557301465141604810551338910140925132332991566065957875071399401478651888971,1,0xc5f6fd856da5b341dd03937cdcbdf94cd58722b874ffdabf8b6f59f4d28d4c5c
2026-01-04T15:51:49,1767559909,TRADE,BUY,Up,30,0.71,21.3,"Bitcoin Up or Down - January 4, 3:45PM-4:00PM ET",btc-updown-15m-1767559500,0x7f2710975c1bdfc4511dc3c327cfe7ee7d7b5c2fe64980181ee74341a2d54462,92170632673932098697839181910966056567672220619206304588775032640672954886297,0,0xf0d322ce3b46f89f9df8cc7c4029d61fb55dece71c4b7d5bfb7bce76f7cd6ede
2026-01-04T15:51:49,1767559909,TRADE,BUY,Up,30,0.71,21.3,"Bitcoin Up or Down - January 4, 3:45PM-4:00PM ET",btc-updown-15m-1767559500,0x7f2710975c1bdfc4511dc3c327cfe7ee7d7b5c2fe64980181ee74341a2d54462,92170632673932098697839181910966056567672220619206304588775032640672954886297,0,0xf0d322ce3b46f89f9df8cc7c4029d61fb55dece71c4b7d5bfb7bce76f7cd6ede
2026-01-04T15:51:49,1767559909,TRADE,BUY,Up,29,0.71,20.59,"Bitcoin Up or Down - January 4, 3:45PM-4:00PM ET",btc-updown-15m-1767559500,0x7f2710975c1bdfc4511dc3c327cfe7ee7d7b5c2fe64980181ee74341a2d54462,92170632673932098697839181910966056567672220619206304588775032640672954886297,0,0xf0d322ce3b46f89f9df8cc7c4029d61fb55dece71c4b7d5bfb7bce76f7cd6ede
2026-01-04T15:51:49,1767559909,TRADE,BUY,Up,29,0.71,20.59,"Bitcoin Up or Down - January 4, 3:45PM-4:00PM ET",btc-updown-15m-1767559500,0x7f2710975c1bdfc4511dc3c327cfe7ee7d7b5c2fe64980181ee74341a2d54462,92170632673932098697839181910966056567672220619206304588775032640672954886297,0,0xf0d322ce3b46f89f9df8cc7c4029d61fb55dece71c4b7d5bfb7bce76f7cd6ede
2026-01-04T15:51:49,1767559909,TRADE,BUY,Up,29,0.71,20.59,"Bitcoin Up or Down - January 4, 3:45PM-4:00PM ET",btc-updown-15m-1767559500,0x7f2710975c1bdfc4511dc3c327cfe7ee7d7b5c2fe64980181ee74341a2d54462,92170632673932098697839181910966056567672220619206304588775032640672954886297,0,0xf0d322ce3b46f89f9df8cc7c4029d61fb55dece71c4b7d5bfb7bce76f7cd6ede
2026-01-04T15:51:49,1767559909,TRADE,BUY,Up,29,0.71,20.59,"Bitcoin Up or Down - January 4, 3:45PM-4:00PM ET",btc-updown-15m-1767559500,0x7f2710975c1bdfc4511dc3c327cfe7ee7d7b5c2fe64980181ee74341a2d54462,92170632673932098697839181910966056567672220619206304588775032640672954886297,0,0xf0d322ce3b46f89f9df8cc7c4029d61fb55dece71c4b7d5bfb7bce76f7cd6ede
2026-01-04T15:51:49,1767559909,TRADE,BUY,Up,29,0.71,20.59,"Bitcoin Up or Down - January 4, 3:45PM-4:00PM ET",btc-updown-15m-1767559500,0x7f2710975c1bdfc4511dc3c327cfe7ee7d7b5c2fe64980181ee74341a2d54462,92170632673932098697839181910966056567672220619206304588775032640672954886297,0,0xf0d322ce3b46f89f9df8cc7c4029d61fb55dece71c4b7d5bfb7bce76f7cd6ede
2026-01-04T15:51:49,1767559909,TRADE,BUY,Up,7.444826,0.7100000725335958,5.285827,"Bitcoin Up or Down - January 4, 3:45PM-4:00PM ET",btc-updown-15m-1767559500,0x7f2710975c1bdfc4511dc3c327cfe7ee7d7b5c2fe64980181ee74341a2d54462,92170632673932098697839181910966056567672220619206304588775032640672954886297,0,0xf0d322ce3b46f89f9df8cc7c4029d61fb55dece71c4b7d5bfb7bce76f7cd6ede
2026-01-04T15:51:49,1767559909,TRADE,BUY,Down,16.87,0.26,4.3862,"Bitcoin Up or Down - January 4, 3:45PM-4:00PM ET",btc-updown-15m-1767559500,0x7f2710975c1bdfc4511dc3c327cfe7ee7d7b5c2fe64980181ee74341a2d54462,1557301465141604810551338910140925132332991566065957875071399401478651888971,1,0xbe19cf6c6a9fe53af5c66163594f1acf55bd5d6ec2616c150201d65d0017b77e
2026-01-04T15:51:47,1767559907,TRADE,BUY,Down,4.44,0.37,1.6428,"Ethereum Up or Down - January 4, 3:45PM-4:00PM ET",eth-updown-15m-1767559500,0x42f75a06062b9e4ce2317fddff0da35adbcb27396a1da62822a2c254471d3484,98991642164318449849799255365709672842977763882942243995673937893038856560011,1,0x0d8ab3b6bc47b5db361f5a653676e3fc9c2bb0a78f202d29c8ead55da719311f
2026-01-04T15:51:47,1767559907,TRADE,BUY,Down,16,0.38,6.08,"Ethereum Up or Down - January 4, 3:45PM-4:00PM ET",eth-updown-15m-1767559500,0x42f75a06062b9e4ce2317fddff0da35adbcb27396a1da62822a2c254471d3484,98991642164318449849799255365709672842977763882942243995673937893038856560011,1,0xb2d4fcfdde61ef9775af23ebccafdad8ce4e83fb056ebb01c85fc32f01ab7815
2026-01-04T15:51:47,1767559907,TRADE,BUY,Down,29,0.27,7.83,"Bitcoin Up or Down - January 4, 3:45PM-4:00PM ET",btc-updown-15m-1767559500,0x7f2710975c1bdfc4511dc3c327cfe7ee7d7b5c2fe64980181ee74341a2d54462,1557301465141604810551338910140925132332991566065957875071399401478651888971,1,0x9448d01f0b5224e17c51c20bdbdb067942f4758d9358e0c2a0fb268007b5f76b
2026-01-04T15:51:43,1767559903,TRADE,BUY,Down,23.17,0.26,6.0242,"Bitcoin Up or Down - January 4, 3:45PM-4:00PM ET",btc-updown-15m-1767559500,0x7f2710975c1bdfc4511dc3c327cfe7ee7d7b5c2fe64980181ee74341a2d54462,1557301465141604810551338910140925132332991566065957875071399401478651888971,1,0x9fd3e11cbd1b76cba85785f0a37d5363372b9e64a1ffe42a76f1844f6120e1d0
2026-01-04T15:51:43,1767559903,TRADE,BUY,Down,30,0.26,7.8,"Bitcoin Up or Down - January 4, 3:45PM-4:00PM ET",btc-updown-15m-1767559500,0x7f2710975c1bdfc4511dc3c327cfe7ee7d7b5c2fe64980181ee74341a2d54462,1557301465141604810551338910140925132332991566065957875071399401478651888971,1,0x9fd3e11cbd1b76cba85785f0a37d5363372b9e64a1ffe42a76f1844f6120e1d0
2026-01-04T15:51:43,1767559903,TRADE,BUY,Down,30,0.26,7.8,"Bitcoin Up or Down - January 4, 3:45PM-4:00PM ET",btc-updown-15m-1767559500,0x7f2710975c1bdfc4511dc3c327cfe7ee7d7b5c2fe64980181ee74341a2d54462,1557301465141604810551338910140925132332991566065957875071399401478651888971,1,0x9fd3e11cbd1b76cba85785f0a37d5363372b9e64a1ffe42a76f1844f6120e1d0
2026-01-04T15:51:43,1767559903,TRADE,BUY,Up,29.13,0.73,21.2649,"Bitcoin Up or Down - January 4, 3:45PM-4:00PM ET",btc-updown-15m-1767559500,0x7f2710975c1bdfc4511dc3c327cfe7ee7d7b5c2fe64980181ee74341a2d54462,92170632673932098697839181910966056567672220619206304588775032640672954886297,0,0x25d42b34e928dd621880977590f7a06394078a895cbfe9a7588cf125d7f6191a
2026-01-04T15:51:41,1767559901,TRADE,BUY,Down,1.37,0.26,0.3562,"Bitcoin Up or Down - January 4, 3:45PM-4:00PM ET",btc-updown-15m-1767559500,0x7f2710975c1bdfc4511dc3c327cfe7ee7d7b5c2fe64980181ee74341a2d54462,1557301465141604810551338910140925132332991566065957875071399401478651888971,1,0x97486c0ab690c0a4d930774a318f86205a7c6775a727b980335ca2280573eb34
2026-01-04T15:51:41,1767559901,TRADE,BUY,Down,5,0.26,1.3,"Bitcoin Up or Down - January 4, 3:45PM-4:00PM ET",btc-updown-15m-1767559500,0x7f2710975c1bdfc4511dc3c327cfe7ee7d7b5c2fe64980181ee74341a2d54462,1557301465141604810551338910140925132332991566065957875071399401478651888971,1,0x2cb2ee12733ca8a66dfcc7c318f1d3b07d142bdb9403740f00ff3443d7690917
2026-01-04T15:51:41,1767559901,TRADE,BUY,Down,30,0.26,7.8,"Bitcoin Up or Down - January 4, 3:45PM-4:00PM ET",btc-updown-15m-1767559500,0x7f2710975c1bdfc4511dc3c327cfe7ee7d7b5c2fe64980181ee74341a2d54462,1557301465141604810551338910140925132332991566065957875071399401478651888971,1,0x667e2eae8249149c1ff805d07f662c827797a2fd302cee066ed4573fdc6b98cb
2026-01-04T15:51:41,1767559901,TRADE,BUY,Down,30,0.26,7.8,"Bitcoin Up or Down - January 4, 3:45PM-4:00PM ET",btc-updown-15m-1767559500,0x7f2710975c1bdfc4511dc3c327cfe7ee7d7b5c2fe64980181ee74341a2d54462,1557301465141604810551338910140925132332991566065957875071399401478651888971,1,0x667e2eae8249149c1ff805d07f662c827797a2fd302cee066ed4573fdc6b98cb
2026-01-04T15:51:41,1767559901,TRADE,BUY,Down,12.27,0.26,3.1902,"Bitcoin Up or Down - January 4, 3:45PM-4:00PM ET",btc-updown-15m-1767559500,0x7f2710975c1bdfc4511dc3c327cfe7ee7d7b5c2fe64980181ee74341a2d54462,1557301465141604810551338910140925132332991566065957875071399401478651888971,1,0x667e2eae8249149c1ff805d07f662c827797a2fd302cee066ed4573fdc6b98cb
2026-01-04T15:51:41,1767559901,TRADE,BUY,Down,6.83,0.26,1.7758,"Bitcoin Up or Down - January 4, 3:45PM-4:00PM ET",btc-updown-15m-1767559500,0x7f2710975c1bdfc4511dc3c327cfe7ee7d7b5c2fe64980181ee74341a2d54462,1557301465141604810551338910140925132332991566065957875071399401478651888971,1,0xaa93d69e7aad73c82bb1711754a3970b36f0b28bc87befd206ad68ee933ad454
2026-01-04T15:51:41,1767559901,TRADE,BUY,Down,30,0.25,7.5,"Bitcoin Up or Down - January 4, 3:45PM-4:00PM ET",btc-updown-15m-1767559500,0x7f2710975c1bdfc4511dc3c327cfe7ee7d7b5c2fe64980181ee74341a2d54462,1557301465141604810551338910140925132332991566065957875071399401478651888971,1,0x8a811814222855c2b585190e1c68b9d35d1c2d632d0b97d2265bbb2b5684e108
2026-01-04T15:51:41,1767559901,TRADE,BUY,Down,5.79,0.36,2.0844,"Ethereum Up or Down - January 4, 3:45PM-4:00PM ET",eth-updown-15m-1767559500,0x42f75a06062b9e4ce2317fddff0da35adbcb27396a1da62822a2c254471d3484,98991642164318449849799255365709672842977763882942243995673937893038856560011,1,0xab7190c55a53eb1d2ae8d6fae4b34d093926bfdf2cfa6e5d927301b70cfdfa6b
2026-01-04T15:51:41,1767559901,TRADE,BUY,Up,16,0.64,10.24,"Ethereum Up or Down - January 4, 3:45PM-4:00PM ET",eth-updown-15m-1767559500,0x42f75a06062b9e4ce2317fddff0da35adbcb27396a1da62822a2c254471d3484,81115282060155343973682629302140588398994460909748445358417739032150121928748,0,0x21c240382db2878ecd7ba9dfafe9ef46ead5c4f4274f793d945c3f8af2f18371
2026-01-04T15:51:41,1767559901,TRADE,BUY,Up,16,0.64,10.24,"Ethereum Up or Down - January 4, 3:45PM-4:00PM ET",eth-updown-15m-1767559500,0x42f75a06062b9e4ce2317fddff0da35adbcb27396a1da62822a2c254471d3484,81115282060155343973682629302140588398994460909748445358417739032150121928748,0,0x21c240382db2878ecd7ba9dfafe9ef46ead5c4f4274f793d945c3f8af2f18371
2026-01-04T15:51:41,1767559901,TRADE,BUY,Up,16,0.64,10.24,"Ethereum Up or Down - January 4, 3:45PM-4:00PM ET",eth-updown-15m-1767559500,0x42f75a06062b9e4ce2317fddff0da35adbcb27396a1da62822a2c254471d3484,81115282060155343973682629302140588398994460909748445358417739032150121928748,0,0x21c240382db2878ecd7ba9dfafe9ef46ead5c4f4274f793d945c3f8af2f18371
2026-01-04T15:51:41,1767559901,TRADE,BUY,Up,16,0.64,10.24,"Ethereum Up or Down - January 4, 3:45PM-4:00PM ET",eth-updown-15m-1767559500,0x42f75a06062b9e4ce2317fddff0da35adbcb27396a1da62822a2c254471d3484,81115282060155343973682629302140588398994460909748445358417739032150121928748,0,0x21c240382db2878ecd7ba9dfafe9ef46ead5c4f4274f793d945c3f8af2f18371
2026-01-04T15:51:41,1767559901,TRADE,BUY,Up,16,0.65,10.4,"Ethereum Up or Down - January 4, 3:45PM-4:00PM ET",eth-updown-15m-1767559500,0x42f75a06062b9e4ce2317fddff0da35adbcb27396a1da62822a2c254471d3484,81115282060155343973682629302140588398994460909748445358417739032150121928748,0,0x559e204abab6a6d6fc0ea79f124fe02e93155eb8ffb9ebd2a870e9fa63a0d356
2026-01-04T15:51:41,1767559901,TRADE,BUY,Up,16,0.65,10.4,"Ethereum Up or Down - January 4, 3:45PM-4:00PM ET",eth-updown-15m-1767559500,0x42f75a06062b9e4ce2317fddff0da35adbcb27396a1da62822a2c254471d3484,81115282060155343973682629302140588398994460909748445358417739032150121928748,0,0x559e204abab6a6d6fc0ea79f124fe02e93155eb8ffb9ebd2a870e9fa63a0d356
2026-01-04T15:51:41,1767559901,TRADE,BUY,Down,10.2075,0.36,3.6747,"Ethereum Up or Down - January 4, 3:45PM-4:00PM ET",eth-updown-15m-1767559500,0x42f75a06062b9e4ce2317fddff0da35adbcb27396a1da62822a2c254471d3484,98991642164318449849799255365709672842977763882942243995673937893038856560011,1,0x791bcc5e555bf82e1d5da3f7febf038b9ee767b9e6db757801dda41d07e8a573
2026-01-04T15:51:41,1767559901,TRADE,BUY,Down,15.517691,0.35000000966638656,5.431192,"Ethereum Up or Down - January 4, 3:45PM-4:00PM ET",eth-updown-15m-1767559500,0x42f75a06062b9e4ce2317fddff0da35adbcb27396a1da62822a2c254471d3484,98991642164318449849799255365709672842977763882942243995673937893038856560011,1,0xcda0cb65acbccc2803247dc568fb1d6e89d05f2d8e7d63d842846bca79a7d033
2026-01-04T15:51:41,1767559901,TRADE,BUY,Down,5,0.26,1.3,"Bitcoin Up or Down - January 4, 3:45PM-4:00PM ET",btc-updown-15m-1767559500,0x7f2710975c1bdfc4511dc3c327cfe7ee7d7b5c2fe64980181ee74341a2d54462,1557301465141604810551338910140925132332991566065957875071399401478651888971,1,0x3a7eb186d97142873a0f214109feda1061f78fa7514d1cbe7fa669a088cb748e
2026-01-04T15:51:41,1767559901,TRADE,BUY,Down,1.35135,0.26,0.351351,"Bitcoin Up or Down - January 4, 3:45PM-4:00PM ET",btc-updown-15m-1767559500,0x7f2710975c1bdfc4511dc3c327cfe7ee7d7b5c2fe64980181ee74341a2d54462,1557301465141604810551338910140925132332991566065957875071399401478651888971,1,0xd1b4fc3948a4846ace996406680ecf0f38599be56e14913b18b44117b69b1bdf
2026-01-04T15:51:41,1767559901,TRADE,BUY,Up,16,0.63,10.08,"Ethereum Up or Down - January 4, 3:45PM-4:00PM ET",eth-updown-15m-1767559500,0x42f75a06062b9e4ce2317fddff0da35adbcb27396a1da62822a2c254471d3484,81115282060155343973682629302140588398994460909748445358417739032150121928748,0,0x79b86220f21d0e7bcd08f790fbe51589be2f706c81e82a57dfae69fbc4645846
2026-01-04T15:51:41,1767559901,TRADE,BUY,Down,5,0.26,1.3,"Bitcoin Up or Down - January 4, 3:45PM-4:00PM ET",btc-updown-15m-1767559500,0x7f2710975c1bdfc4511dc3c327cfe7ee7d7b5c2fe64980181ee74341a2d54462,1557301465141604810551338910140925132332991566065957875071399401478651888971,1,0x32bd76ce9ded2921723b28d35aac794da84d5ebd58d7f97c6fc523f243fae295
2026-01-04T15:51:39,1767559899,TRADE,BUY,Down,16,0.29,4.64,"Ethereum Up or Down - January 4, 3:45PM-4:00PM ET",eth-updown-15m-1767559500,0x42f75a06062b9e4ce2317fddff0da35adbcb27396a1da62822a2c254471d3484,98991642164318449849799255365709672842977763882942243995673937893038856560011,1,0x8e6ad91a557d751f2df24a38dfdebe4fc046dea22b43dfaeb082ac30a69c8360
2026-01-04T15:51:39,1767559899,TRADE,BUY,Up,30,0.79,23.7,"Bitcoin Up or Down - January 4, 3:45PM-4:00PM ET",btc-updown-15m-1767559500,0x7f2710975c1bdfc4511dc3c327cfe7ee7d7b5c2fe64980181ee74341a2d54462,92170632673932098697839181910966056567672220619206304588775032640672954886297,0,0x59d7fa886901e7d1f0596d85f98811a3427f655f3b328e32b7a909f5f7e193d8
2026-01-04T15:51:39,1767559899,TRADE,BUY,Up,30,0.79,23.7,"Bitcoin Up or Down - January 4, 3:45PM-4:00PM ET",btc-updown-15m-1767559500,0x7f2710975c1bdfc4511dc3c327cfe7ee7d7b5c2fe64980181ee74341a2d54462,92170632673932098697839181910966056567672220619206304588775032640672954886297,0,0x59d7fa886901e7d1f0596d85f98811a3427f655f3b328e32b7a909f5f7e193d8
2026-01-04T15:51:39,1767559899,TRADE,BUY,Up,21.7,0.79,17.143,"Bitcoin Up or Down - January 4, 3:45PM-4:00PM ET",btc-updown-15m-1767559500,0x7f2710975c1bdfc4511dc3c327cfe7ee7d7b5c2fe64980181ee74341a2d54462,92170632673932098697839181910966056567672220619206304588775032640672954886297,0,0x59d7fa886901e7d1f0596d85f98811a3427f655f3b328e32b7a909f5f7e193d8
2026-01-04T15:51:39,1767559899,TRADE,BUY,Up,30,0.8,24,"Bitcoin Up or Down - January 4, 3:45PM-4:00PM ET",btc-updown-15m-1767559500,0x7f2710975c1bdfc4511dc3c327cfe7ee7d7b5c2fe64980181ee74341a2d54462,92170632673932098697839181910966056567672220619206304588775032640672954886297,0,0x97997b42ebd64b1fae248bb7c0e3bf88214b871a08b0bb9836c1619f3dc29b0a
2026-01-04T15:51:39,1767559899,TRADE,BUY,Up,30,0.78,23.4,"Bitcoin Up or Down - January 4, 3:45PM-4:00PM ET",btc-updown-15m-1767559500,0x7f2710975c1bdfc4511dc3c327cfe7ee7d7b5c2fe64980181ee74341a2d54462,92170632673932098697839181910966056567672220619206304588775032640672954886297,0,0x41b334a40455cfa801176a1d478bce0e9c89d3ee86b3c0b13569ee5df71e67d6
2026-01-04T15:51:39,1767559899,TRADE,BUY,Down,5,0.26,1.3,"Bitcoin Up or Down - January 4, 3:45PM-4:00PM ET",btc-updown-15m-1767559500,0x7f2710975c1bdfc4511dc3c327cfe7ee7d7b5c2fe64980181ee74341a2d54462,1557301465141604810551338910140925132332991566065957875071399401478651888971,1,0x6f6450fce483f38c9df3abaf2c744794006b6aee39ff8052e764bf741329d5ca
2026-01-04T15:51:39,1767559899,TRADE,BUY,Down,16,0.29,4.64,"Ethereum Up or Down - January 4, 3:45PM-4:00PM ET",eth-updown-15m-1767559500,0x42f75a06062b9e4ce2317fddff0da35adbcb27396a1da62822a2c254471d3484,98991642164318449849799255365709672842977763882942243995673937893038856560011,1,0x75ae2f240384aa7eb4c237ae0f246220feab84514f2b51b2cde2365e29059948
2026-01-04T15:51:39,1767559899,TRADE,BUY,Down,16,0.29,4.64,"Ethereum Up or Down - January 4, 3:45PM-4:00PM ET",eth-updown-15m-1767559500,0x42f75a06062b9e4ce2317fddff0da35adbcb27396a1da62822a2c254471d3484,98991642164318449849799255365709672842977763882942243995673937893038856560011,1,0x284663bb778618f11604f18ab100f35bc738c3fb9a19e60520eeb244730b2f35
2026-01-04T15:51:39,1767559899,TRADE,BUY,Down,16,0.29,4.64,"Ethereum Up or Down - January 4, 3:45PM-4:00PM ET",eth-updown-15m-1767559500,0x42f75a06062b9e4ce2317fddff0da35adbcb27396a1da62822a2c254471d3484,98991642164318449849799255365709672842977763882942243995673937893038856560011,1,0x20acbafa50fa08c724081db1f493c4670fd0682e947e3f727d73793889320a1e
2026-01-04T15:51:39,1767559899,TRADE,BUY,Down,16,0.29,4.64,"Ethereum Up or Down - January 4, 3:45PM-4:00PM ET",eth-updown-15m-1767559500,0x42f75a06062b9e4ce2317fddff0da35adbcb27396a1da62822a2c254471d3484,98991642164318449849799255365709672842977763882942243995673937893038856560011,1,0x06b2d09e22d8f155d5c700f3e148a2b578c3290a178019aa458e2294ee14c5b7
2026-01-04T15:51:39,1767559899,TRADE,BUY,Up,8.3,0.79,6.557,"Bitcoin Up or Down - January 4, 3:45PM-4:00PM ET",btc-updown-15m-1767559500,0x7f2710975c1bdfc4511dc3c327cfe7ee7d7b5c2fe64980181ee74341a2d54462,92170632673932098697839181910966056567672220619206304588775032640672954886297,0,0x6a13a304d1a70959beffbb80890fd3da8cc9dcbe4d1fb036f86874f5f9b817ab
2026-01-04T15:51:39,1767559899,TRADE,BUY,Up,8.7,0.79,6.873,"Bitcoin Up or Down - January 4, 3:45PM-4:00PM ET",btc-updown-15m-1767559500,0x7f2710975c1bdfc4511dc3c327cfe7ee7d7b5c2fe64980181ee74341a2d54462,92170632673932098697839181910966056567672220619206304588775032640672954886297,0,0x6a13a304d1a70959beffbb80890fd3da8cc9dcbe4d1fb036f86874f5f9b817ab
2026-01-04T15:51:35,1767559895,TRADE,BUY,Up,6,0.85,5.1,"Bitcoin Up or Down - January 4, 3:45PM-4:00PM ET",btc-updown-15m-1767559500,0x7f2710975c1bdfc4511dc3c327cfe7ee7d7b5c2fe64980181ee74341a2d54462,92170632673932098697839181910966056567672220619206304588775032640672954886297,0,0xe8f55eed7e022bb60d972432ab0592bc04b24e4649c026a5a5d640e7fd1f6e3e
2026-01-04T15:51:35,1767559895,TRADE,BUY,Up,30,0.85,25.5,"Bitcoin Up or Down - January 4, 3:45PM-4:00PM ET",btc-updown-15m-1767559500,0x7f2710975c1bdfc4511dc3c327cfe7ee7d7b5c2fe64980181ee74341a2d54462,92170632673932098697839181910966056567672220619206304588775032640672954886297,0,0xe8f55eed7e022bb60d972432ab0592bc04b24e4649c026a5a5d640e7fd1f6e3e
2026-01-04T15:51:35,1767559895,TRADE,BUY,Up,30,0.85,25.5,"Bitcoin Up or Down - January 4, 3:45PM-4:00PM ET",btc-updown-15m-1767559500,0x7f2710975c1bdfc4511dc3c327cfe7ee7d7b5c2fe64980181ee74341a2d54462,92170632673932098697839181910966056567672220619206304588775032640672954886297,0,0xe8f55eed7e022bb60d972432ab0592bc04b24e4649c026a5a5d640e7fd1f6e3e
2026-01-04T15:51:35,1767559895,TRADE,BUY,Down,2.325578,0.1400000344000502,0.325581,"Bitcoin Up or Down - January 4, 3:45PM-4:00PM ET",btc-updown-15m-1767559500,0x7f2710975c1bdfc4511dc3c327cfe7ee7d7b5c2fe64980181ee74341a2d54462,1557301465141604810551338910140925132332991566065957875071399401478651888971,1,0x8b68ee1e847d6f9b4e48180d0a128cddf757ba86df28569e1d3ecc71dad1302d
2026-01-04T15:51:35,1767559895,TRADE,BUY,Down,20.17,0.14,2.8238,"Bitcoin Up or Down - January 4, 3:45PM-4:00PM ET",btc-updown-15m-1767559500,0x7f2710975c1bdfc4511dc3c327cfe7ee7d7b5c2fe64980181ee74341a2d54462,1557301465141604810551338910140925132332991566065957875071399401478651888971,1,0x62008c26a13e46f1ee3d950a1a76aedb4e1037bd05501b39151df88c3871e27f
2026-01-04T15:51:35,1767559895,TRADE,BUY,Down,7.5,0.14,1.05,"Bitcoin Up or Down - January 4, 3:45PM-4:00PM ET",btc-updown-15m-1767559500,0x7f2710975c1bdfc4511dc3c327cfe7ee7d7b5c2fe64980181ee74341a2d54462,1557301465141604810551338910140925132332991566065957875071399401478651888971,1,0xd5461df92b2296583fbbd7be84b1531494e5badc4e3c94af72f3e2294a770612
2026-01-04T15:51:25,1767559885,TRADE,BUY,Up,30,0.86,25.8,"Bitcoin Up or Down - January 4, 3:45PM-4:00PM ET",btc-updown-15m-1767559500,0x7f2710975c1bdfc4511dc3c327cfe7ee7d7b5c2fe64980181ee74341a2d54462,92170632673932098697839181910966056567672220619206304588775032640672954886297,0,0x26fb5cf000dc847217d5be9215ac593088846e3980090ce6d8547d15f4f701f7
2026-01-04T15:51:25,1767559885,TRADE,BUY,Up,30,0.86,25.8,"Bitcoin Up or Down - January 4, 3:45PM-4:00PM ET",btc-updown-15m-1767559500,0x7f2710975c1bdfc4511dc3c327cfe7ee7d7b5c2fe64980181ee74341a2d54462,92170632673932098697839181910966056567672220619206304588775032640672954886297,0,0xea265540c4c1a5e3f9fa51595f8a562a05577b86a9279b9fb77151b2f4a78537
2026-01-04T15:51:25,1767559885,TRADE,BUY,Up,30,0.86,25.8,"Bitcoin Up or Down - January 4, 3:45PM-4:00PM ET",btc-updown-15m-1767559500,0x7f2710975c1bdfc4511dc3c327cfe7ee7d7b5c2fe64980181ee74341a2d54462,92170632673932098697839181910966056567672220619206304588775032640672954886297,0,0xf9162789adde57722f0d7c5f6b732cf3da5fbd0cbd63186ca80a98a1a98689f4
2026-01-04T15:51:25,1767559885,TRADE,BUY,Up,30,0.86,25.8,"Bitcoin Up or Down - January 4, 3:45PM-4:00PM ET",btc-updown-15m-1767559500,0x7f2710975c1bdfc4511dc3c327cfe7ee7d7b5c2fe64980181ee74341a2d54462,92170632673932098697839181910966056567672220619206304588775032640672954886297,0,0x7703defcb60cb83b3fc7ae2787ed6ea6e8f91af0514230d182bf3ecd26064489
2026-01-04T15:51:25,1767559885,TRADE,BUY,Up,30,0.86,25.8,"Bitcoin Up or Down - January 4, 3:45PM-4:00PM ET",btc-updown-15m-1767559500,0x7f2710975c1bdfc4511dc3c327cfe7ee7d7b5c2fe64980181ee74341a2d54462,92170632673932098697839181910966056567672220619206304588775032640672954886297,0,0xe8dffb774954157a459093dbe6ef98393e05d5c5c3b710193fef504a531563cf
2026-01-04T15:51:25,1767559885,TRADE,BUY,Up,30,0.86,25.8,"Bitcoin Up or Down - January 4, 3:45PM-4:00PM ET",btc-updown-15m-1767559500,0x7f2710975c1bdfc4511dc3c327cfe7ee7d7b5c2fe64980181ee74341a2d54462,92170632673932098697839181910966056567672220619206304588775032640672954886297,0,0x9bdd6bbac7f669210df67818d0475c42efd66fd7250e8dba29b4e815972c1ccb
2026-01-04T15:51:23,1767559883,TRADE,BUY,Up,9.1875,0.84,7.7175,"Bitcoin Up or Down - January 4, 3:45PM-4:00PM ET",btc-updown-15m-1767559500,0x7f2710975c1bdfc4511dc3c327cfe7ee7d7b5c2fe64980181ee74341a2d54462,92170632673932098697839181910966056567672220619206304588775032640672954886297,0,0x1c004c0226e9816ee4c7064dfc8df0cba5e059928e1c0e8750561aa33bbea6d2
2026-01-04T15:51:23,1767559883,TRADE,BUY,Down,3.614452,0.1700000442667381,0.614457,"Bitcoin Up or Down - January 4, 3:45PM-4:00PM ET",btc-updown-15m-1767559500,0x7f2710975c1bdfc4511dc3c327cfe7ee7d7b5c2fe64980181ee74341a2d54462,1557301465141604810551338910140925132332991566065957875071399401478651888971,1,0x5f56065d7c95d1be81b17cf676e70e11c9de28a1a748bea2bae5e0c9e13e6b74
2026-01-04T15:51:23,1767559883,TRADE,BUY,Down,30,0.16,4.8,"Bitcoin Up or Down - January 4, 3:45PM-4:00PM ET",btc-updown-15m-1767559500,0x7f2710975c1bdfc4511dc3c327cfe7ee7d7b5c2fe64980181ee74341a2d54462,1557301465141604810551338910140925132332991566065957875071399401478651888971,1,0x2beb0e335502f50fb40b0f65bff39ab6ff4acd2f4fd48f081cfdfe5bf6beee85
2026-01-04T15:51:23,1767559883,TRADE,BUY,Down,30,0.16,4.8,"Bitcoin Up or Down - January 4, 3:45PM-4:00PM ET",btc-updown-15m-1767559500,0x7f2710975c1bdfc4511dc3c327cfe7ee7d7b5c2fe64980181ee74341a2d54462,1557301465141604810551338910140925132332991566065957875071399401478651888971,1,0x2beb0e335502f50fb40b0f65bff39ab6ff4acd2f4fd48f081cfdfe5bf6beee85
2026-01-04T15:51:23,1767559883,TRADE,BUY,Down,30,0.16,4.8,"Bitcoin Up or Down - January 4, 3:45PM-4:00PM ET",btc-updown-15m-1767559500,0x7f2710975c1bdfc4511dc3c327cfe7ee7d7b5c2fe64980181ee74341a2d54462,1557301465141604810551338910140925132332991566065957875071399401478651888971,1,0x2beb0e335502f50fb40b0f65bff39ab6ff4acd2f4fd48f081cfdfe5bf6beee85
2026-01-04T15:51:23,1767559883,TRADE,BUY,Down,30,0.16,4.8,"Bitcoin Up or Down - January 4, 3:45PM-4:00PM ET",btc-updown-15m-1767559500,0x7f2710975c1bdfc4511dc3c327cfe7ee7d7b5c2fe64980181ee74341a2d54462,1557301465141604810551338910140925132332991566065957875071399401478651888971,1,0x2beb0e335502f50fb40b0f65bff39ab6ff4acd2f4fd48f081cfdfe5bf6beee85
2026-01-04T15:51:21,1767559881,TRADE,BUY,Down,10,0.17,1.7,"Bitcoin Up or Down - January 4, 3:45PM-4:00PM ET",btc-updown-15m-1767559500,0x7f2710975c1bdfc4511dc3c327cfe7ee7d7b5c2fe64980181ee74341a2d54462,1557301465141604810551338910140925132332991566065957875071399401478651888971,1,0xeb0a40bc7a9ea993594364761902f6433f7bfafe84b27ffaf15d1215a25e1953
2026-01-04T15:51:21,1767559881,TRADE,BUY,Down,15.17,0.17,2.5789,"Bitcoin Up or Down - January 4, 3:45PM-4:00PM ET",btc-updown-15m-1767559500,0x7f2710975c1bdfc4511dc3c327cfe7ee7d7b5c2fe64980181ee74341a2d54462,1557301465141604810551338910140925132332991566065957875071399401478651888971,1,0x7a522f58b445ee89cc8f751d6c4550881621c5ee385f712dda15b18677a35a8f
2026-01-04T15:51:21,1767559881,TRADE,BUY,Down,30,0.17,5.1,"Bitcoin Up or Down - January 4, 3:45PM-4:00PM ET",btc-updown-15m-1767559500,0x7f2710975c1bdfc4511dc3c327cfe7ee7d7b5c2fe64980181ee74341a2d54462,1557301465141604810551338910140925132332991566065957875071399401478651888971,1,0x7a522f58b445ee89cc8f751d6c4550881621c5ee385f712dda15b18677a35a8f
2026-01-04T15:51:21,1767559881,TRADE,BUY,Up,30,0.82,24.6,"Bitcoin Up or Down - January 4, 3:45PM-4:00PM ET",btc-updown-15m-1767559500,0x7f2710975c1bdfc4511dc3c327cfe7ee7d7b5c2fe64980181ee74341a2d54462,92170632673932098697839181910966056567672220619206304588775032640672954886297,0,0x02f6f2aa206d48a409fdd02252378dc45438f3dcd90c658ad4e914237555eac9
2026-01-04T15:51:21,1767559881,TRADE,BUY,Up,6.76,0.82,5.5432,"Bitcoin Up or Down - January 4, 3:45PM-4:00PM ET",btc-updown-15m-1767559500,0x7f2710975c1bdfc4511dc3c327cfe7ee7d7b5c2fe64980181ee74341a2d54462,92170632673932098697839181910966056567672220619206304588775032640672954886297,0,0x8e1d21fb61f6f490e32faabe3ff43ed1b609981a24957f298da1328785289300
2026-01-04T15:51:21,1767559881,TRADE,BUY,Up,15.689472,0.8100000433411654,12.708473,"Bitcoin Up or Down - January 4, 3:45PM-4:00PM ET",btc-updown-15m-1767559500,0x7f2710975c1bdfc4511dc3c327cfe7ee7d7b5c2fe64980181ee74341a2d54462,92170632673932098697839181910966056567672220619206304588775032640672954886297,0,0xebe1334fe5ea8e2fb859d2005f1fb560cbc0454f8fb9e36d6ce8a821583f6fce
2026-01-04T15:51:21,1767559881,TRADE,BUY,Up,23.24,0.82,19.0568,"Bitcoin Up or Down - January 4, 3:45PM-4:00PM ET",btc-updown-15m-1767559500,0x7f2710975c1bdfc4511dc3c327cfe7ee7d7b5c2fe64980181ee74341a2d54462,92170632673932098697839181910966056567672220619206304588775032640672954886297,0,0xff73acadd51d515254e44691de628c35705f2ac3f3a22c91711d16b51b5ab294
2026-01-04T15:51:21,1767559881,TRADE,BUY,Up,10,0.81,8.1,"Bitcoin Up or Down - January 4, 3:45PM-4:00PM ET",btc-updown-15m-1767559500,0x7f2710975c1bdfc4511dc3c327cfe7ee7d7b5c2fe64980181ee74341a2d54462,92170632673932098697839181910966056567672220619206304588775032640672954886297,0,0x76d04a1219c50d96998b169551f8ff03c98e941caf6d7fe0d3b62514ee4957cd
2026-01-04T15:51:21,1767559881,TRADE,BUY,Up,30,0.82,24.6,"Bitcoin Up or Down - January 4, 3:45PM-4:00PM ET",btc-updown-15m-1767559500,0x7f2710975c1bdfc4511dc3c327cfe7ee7d7b5c2fe64980181ee74341a2d54462,92170632673932098697839181910966056567672220619206304588775032640672954886297,0,0xfed82da6a97c79a5f4b40edcafebd52e9c6f716b46f1e851acd5ffb5ebb5598b
2026-01-04T15:51:21,1767559881,TRADE,BUY,Down,1.204817,0.17000009130017255,0.204819,"Bitcoin Up or Down - January 4, 3:45PM-4:00PM ET",btc-updown-15m-1767559500,0x7f2710975c1bdfc4511dc3c327cfe7ee7d7b5c2fe64980181ee74341a2d54462,1557301465141604810551338910140925132332991566065957875071399401478651888971,1,0x0e27c0bf03565c96e55bc93cabde61d753cb622672d30686e7f73e7db3f8bdb5
2026-01-04T15:51:19,1767559879,TRADE,BUY,Up,30,0.82,24.6,"Bitcoin Up or Down - January 4, 3:45PM-4:00PM ET",btc-updown-15m-1767559500,0x7f2710975c1bdfc4511dc3c327cfe7ee7d7b5c2fe64980181ee74341a2d54462,92170632673932098697839181910966056567672220619206304588775032640672954886297,0,0xc35bf3e825fd9a6dde7a47de25e61a7313594509eaefa665cfdeb431708ea270
2026-01-04T15:51:19,1767559879,TRADE,BUY,Up,30,0.82,24.6,"Bitcoin Up or Down - January 4, 3:45PM-4:00PM ET",btc-updown-15m-1767559500,0x7f2710975c1bdfc4511dc3c327cfe7ee7d7b5c2fe64980181ee74341a2d54462,92170632673932098697839181910966056567672220619206304588775032640672954886297,0,0x04774ccdb835ad8c91191e94accd350c175f7f14034414211730a38d2761b793
2026-01-04T15:51:19,1767559879,TRADE,BUY,Down,0.56,0.19,0.1064,"Bitcoin Up or Down - January 4, 3:45PM-4:00PM ET",btc-updown-15m-1767559500,0x7f2710975c1bdfc4511dc3c327cfe7ee7d7b5c2fe64980181ee74341a2d54462,1557301465141604810551338910140925132332991566065957875071399401478651888971,1,0xe3d7043b2c950c33da51940ab77f84e2588907f0d53b6d565b2ce89f3f643e4a
2026-01-04T15:51:19,1767559879,TRADE,BUY,Down,4.921478,0.19000003657437867,0.935081,"Bitcoin Up or Down - January 4, 3:45PM-4:00PM ET",btc-updown-15m-1767559500,0x7f2710975c1bdfc4511dc3c327cfe7ee7d7b5c2fe64980181ee74341a2d54462,1557301465141604810551338910140925132332991566065957875071399401478651888971,1,0xe3d7043b2c950c33da51940ab77f84e2588907f0d53b6d565b2ce89f3f643e4a
2026-01-04T15:51:19,1767559879,TRADE,BUY,Down,25.07,0.19,4.7633,"Bitcoin Up or Down - January 4, 3:45PM-4:00PM ET",btc-updown-15m-1767559500,0x7f2710975c1bdfc4511dc3c327cfe7ee7d7b5c2fe64980181ee74341a2d54462,1557301465141604810551338910140925132332991566065957875071399401478651888971,1,0x854a4bb039e9fc21d178289c91682e7f692487f35af34c620caf473c8230232b
2026-01-04T15:51:17,1767559877,TRADE,BUY,Down,5.125,0.2,1.025,"Bitcoin Up or Down - January 4, 3:45PM-4:00PM ET",btc-updown-15m-1767559500,0x7f2710975c1bdfc4511dc3c327cfe7ee7d7b5c2fe64980181ee74341a2d54462,1557301465141604810551338910140925132332991566065957875071399401478651888971,1,0xd9971bcc959577a279d6ae230c1172581c1e9686da5ed57b76e397f12ad997e3
2026-01-04T15:51:17,1767559877,TRADE,BUY,Up,6.4,0.78,4.992,"Bitcoin Up or Down - January 4, 3:45PM-4:00PM ET",btc-updown-15m-1767559500,0x7f2710975c1bdfc4511dc3c327cfe7ee7d7b5c2fe64980181ee74341a2d54462,92170632673932098697839181910966056567672220619206304588775032640672954886297,0,0x48227b548af4f9b6140d73bb26e161966a71c0d2f531fb3ede7d598feed0ac91
2026-01-04T15:51:17,1767559877,TRADE,BUY,Down,2.11,0.2,0.422,"Bitcoin Up or Down - January 4, 3:45PM-4:00PM ET",btc-updown-15m-1767559500,0x7f2710975c1bdfc4511dc3c327cfe7ee7d7b5c2fe64980181ee74341a2d54462,1557301465141604810551338910140925132332991566065957875071399401478651888971,1,0x7e12130a70b2c864e88653e90d440ef18631b4deb63fda5aa734e6197bedaf8a
2026-01-04T15:51:17,1767559877,TRADE,BUY,Down,5.061726,0.19000001185366414,0.961728,"Bitcoin Up or Down - January 4, 3:45PM-4:00PM ET",btc-updown-15m-1767559500,0x7f2710975c1bdfc4511dc3c327cfe7ee7d7b5c2fe64980181ee74341a2d54462,1557301465141604810551338910140925132332991566065957875071399401478651888971,1,0x242a9b7311cf22f79874bc273bc3877cda167537c0b77c79878f9252b880d2f5
2026-01-04T15:51:17,1767559877,TRADE,BUY,Down,1.851847,0.19000003780009903,0.351851,"Bitcoin Up or Down - January 4, 3:45PM-4:00PM ET",btc-updown-15m-1767559500,0x7f2710975c1bdfc4511dc3c327cfe7ee7d7b5c2fe64980181ee74341a2d54462,1557301465141604810551338910140925132332991566065957875071399401478651888971,1,0x6cf7063d830b4bf338c5593458863e65834c4df77e8864a3f2f0925c978b2074
2026-01-04T15:51:17,1767559877,TRADE,BUY,Down,22.51,0.19,4.2769,"Bitcoin Up or Down - January 4, 3:45PM-4:00PM ET",btc-updown-15m-1767559500,0x7f2710975c1bdfc4511dc3c327cfe7ee7d7b5c2fe64980181ee74341a2d54462,1557301465141604810551338910140925132332991566065957875071399401478651888971,1,0x42d7c71d62d1a27c1522120679cc904ceda4390b68853e296edd78103cdf09a4
2026-01-04T15:51:17,1767559877,TRADE,BUY,Up,23.6,0.78,18.408,"Bitcoin Up or Down - January 4, 3:45PM-4:00PM ET",btc-updown-15m-1767559500,0x7f2710975c1bdfc4511dc3c327cfe7ee7d7b5c2fe64980181ee74341a2d54462,92170632673932098697839181910966056567672220619206304588775032640672954886297,0,0xa93cd99a3f6e6f2f901ff24a9a2c5b73d04ce7383f58cf45bd8a814fe434c24c
2026-01-04T15:51:17,1767559877,TRADE,BUY,Up,0.76,0.78,0.5928,"Bitcoin Up or Down - January 4, 3:45PM-4:00PM ET",btc-updown-15m-1767559500,0x7f2710975c1bdfc4511dc3c327cfe7ee7d7b5c2fe64980181ee74341a2d54462,92170632673932098697839181910966056567672220619206304588775032640672954886297,0,0xa93cd99a3f6e6f2f901ff24a9a2c5b73d04ce7383f58cf45bd8a814fe434c24c
2026-01-04T15:51:15,1767559875,TRADE,BUY,Down,17.87,0.2,3.574,"Bitcoin Up or Down - January 4, 3:45PM-4:00PM ET",btc-updown-15m-1767559500,0x7f2710975c1bdfc4511dc3c327cfe7ee7d7b5c2fe64980181ee74341a2d54462,1557301465141604810551338910140925132332991566065957875071399401478651888971,1,0x0c5cf300d0fbce90635a7cdbc0bd9006771bba33fc3495d1045284412c2e6ea8
2026-01-04T15:51:15,1767559875,TRADE,BUY,Down,14.13,0.2,2.826,"Bitcoin Up or Down - January 4, 3:45PM-4:00PM ET",btc-updown-15m-1767559500,0x7f2710975c1bdfc4511dc3c327cfe7ee7d7b5c2fe64980181ee74341a2d54462,1557301465141604810551338910140925132332991566065957875071399401478651888971,1,0x0c5cf300d0fbce90635a7cdbc0bd9006771bba33fc3495d1045284412c2e6ea8
2026-01-04T15:51:15,1767559875,TRADE,BUY,Down,1.875,0.2,0.375,"Bitcoin Up or Down - January 4, 3:45PM-4:00PM ET",btc-updown-15m-1767559500,0x7f2710975c1bdfc4511dc3c327cfe7ee7d7b5c2fe64980181ee74341a2d54462,1557301465141604810551338910140925132332991566065957875071399401478651888971,1,0x50c3b6729fb1a9819043b1fee680a16cf990fe268bd1ded67060cc0cf9075caa
2026-01-04T15:51:15,1767559875,TRADE,BUY,Down,5,0.2,1,"Bitcoin Up or Down - January 4, 3:45PM-4:00PM ET",btc-updown-15m-1767559500,0x7f2710975c1bdfc4511dc3c327cfe7ee7d7b5c2fe64980181ee74341a2d54462,1557301465141604810551338910140925132332991566065957875071399401478651888971,1,0xd015ac1ef87eb45462bb94df6946b9766cc05436539978c5464f86b87bb693ea
2026-01-04T15:51:15,1767559875,TRADE,BUY,Down,3.625,0.2,0.725,"Bitcoin Up or Down - January 4, 3:45PM-4:00PM ET",btc-updown-15m-1767559500,0x7f2710975c1bdfc4511dc3c327cfe7ee7d7b5c2fe64980181ee74341a2d54462,1557301465141604810551338910140925132332991566065957875071399401478651888971,1,0x06aaae3035d58e92f0f0a7d40db3bd0fb2eb7f61e376412993364f85e1709c2a
2026-01-04T15:51:15,1767559875,TRADE,BUY,Up,25,0.78,19.5,"Bitcoin Up or Down - January 4, 3:45PM-4:00PM ET",btc-updown-15m-1767559500,0x7f2710975c1bdfc4511dc3c327cfe7ee7d7b5c2fe64980181ee74341a2d54462,92170632673932098697839181910966056567672220619206304588775032640672954886297,0,0x507fe07faa7d3d2132f796e44b6a063ee737b16c57ba8cd1179846b4442055b0
2026-01-04T15:51:15,1767559875,TRADE,BUY,Up,5,0.78,3.9,"Bitcoin Up or Down - January 4, 3:45PM-4:00PM ET",btc-updown-15m-1767559500,0x7f2710975c1bdfc4511dc3c327cfe7ee7d7b5c2fe64980181ee74341a2d54462,92170632673932098697839181910966056567672220619206304588775032640672954886297,0,0x78c1c4ab8b5e6304f27c044029b36c1ee79de4b0d83c899820e18e70ce8d6622
2026-01-04T15:51:15,1767559875,TRADE,BUY,Down,15,0.3,4.5,"Ethereum Up or Down - January 4, 3:45PM-4:00PM ET",eth-updown-15m-1767559500,0x42f75a06062b9e4ce2317fddff0da35adbcb27396a1da62822a2c254471d3484,98991642164318449849799255365709672842977763882942243995673937893038856560011,1,0xdc97110c85126adcee9f9c59fada85b371edb9a3b850f3ef5ac04ddaae052343
2026-01-04T15:51:15,1767559875,TRADE,BUY,Down,1.5,0.2,0.3,"Bitcoin Up or Down - January 4, 3:45PM-4:00PM ET",btc-updown-15m-1767559500,0x7f2710975c1bdfc4511dc3c327cfe7ee7d7b5c2fe64980181ee74341a2d54462,1557301465141604810551338910140925132332991566065957875071399401478651888971,1,0x7b94a4adc4fffe37940934b5cf1c40d1b23c0a58fffa962aeedae5c9eb0e2365
2026-01-04T15:51:15,1767559875,TRADE,BUY,Down,3.75,0.2,0.75,"Bitcoin Up or Down - January 4, 3:45PM-4:00PM ET",btc-updown-15m-1767559500,0x7f2710975c1bdfc4511dc3c327cfe7ee7d7b5c2fe64980181ee74341a2d54462,1557301465141604810551338910140925132332991566065957875071399401478651888971,1,0x282cd582d1a50fef4ee69dc087c5ac8be2cbc0cbdf3841bf6afebc84dfc00703
2026-01-04T15:51:15,1767559875,TRADE,BUY,Down,20,0.2,4,"Bitcoin Up or Down - January 4, 3:45PM-4:00PM ET",btc-updown-15m-1767559500,0x7f2710975c1bdfc4511dc3c327cfe7ee7d7b5c2fe64980181ee74341a2d54462,1557301465141604810551338910140925132332991566065957875071399401478651888971,1,0xa645546bb824db50c0a63c0bbdbd4f86f5c42194c163958231ce2907122d1bf8
2026-01-04T15:51:15,1767559875,TRADE,BUY,Down,4.75,0.2,0.95,"Bitcoin Up or Down - January 4, 3:45PM-4:00PM ET",btc-updown-15m-1767559500,0x7f2710975c1bdfc4511dc3c327cfe7ee7d7b5c2fe64980181ee74341a2d54462,1557301465141604810551338910140925132332991566065957875071399401478651888971,1,0xe2fa168a7b9db1c554d14d1f63cec51e42b681e9430f2ff4ace33a46a43912ed
2026-01-04T15:51:15,1767559875,TRADE,BUY,Down,10.25,0.2,2.05,"Bitcoin Up or Down - January 4, 3:45PM-4:00PM ET",btc-updown-15m-1767559500,0x7f2710975c1bdfc4511dc3c327cfe7ee7d7b5c2fe64980181ee74341a2d54462,1557301465141604810551338910140925132332991566065957875071399401478651888971,1,0xe2fa168a7b9db1c554d14d1f63cec51e42b681e9430f2ff4ace33a46a43912ed
2026-01-04T15:51:13,1767559873,TRADE,BUY,Down,5.92857,0.3,1.778571,"Ethereum Up or Down - January 4, 3:45PM-4:00PM ET",eth-updown-15m-1767559500,0x42f75a06062b9e4ce2317fddff0da35adbcb27396a1da62822a2c254471d3484,98991642164318449849799255365709672842977763882942243995673937893038856560011,1,0xf181aa481e2b3945d0dbca6e3f8b05244092d8586a638bb6ef87657d6408289f
2026-01-04T15:51:13,1767559873,TRADE,BUY,Up,0.681817,0.7800010853352146,0.531818,"Bitcoin Up or Down - January 4, 3:45PM-4:00PM ET",btc-updown-15m-1767559500,0x7f2710975c1bdfc4511dc3c327cfe7ee7d7b5c2fe64980181ee74341a2d54462,92170632673932098697839181910966056567672220619206304588775032640672954886297,0,0xdc01c35b1d18407d2abce7f82866cf279e6dc0a86482f5939389a4bc5988b528
2026-01-04T15:51:13,1767559873,TRADE,BUY,Down,7.14,0.3,2.142,"Ethereum Up or Down - January 4, 3:45PM-4:00PM ET",eth-updown-15m-1767559500,0x42f75a06062b9e4ce2317fddff0da35adbcb27396a1da62822a2c254471d3484,98991642164318449849799255365709672842977763882942243995673937893038856560011,1,0x10aa0761caebc9153822c751a4e109ff21c3ac5d1bbf8a364d9abb9980490f8e
2026-01-04T15:51:11,1767559871,TRADE,BUY,Up,16,0.68875,11.02,"Ethereum Up or Down - January 4, 3:45PM-4:00PM ET",eth-updown-15m-1767559500,0x42f75a06062b9e4ce2317fddff0da35adbcb27396a1da62822a2c254471d3484,81115282060155343973682629302140588398994460909748445358417739032150121928748,0,0xa4d46ac596087d1a31470703d7b4125e40c169ef1562ccdf323d039f428ab7b9
2026-01-04T15:51:09,1767559869,TRADE,BUY,Up,16,0.68,10.88,"Ethereum Up or Down - January 4, 3:45PM-4:00PM ET",eth-updown-15m-1767559500,0x42f75a06062b9e4ce2317fddff0da35adbcb27396a1da62822a2c254471d3484,81115282060155343973682629302140588398994460909748445358417739032150121928748,0,0x09a9b4f336246dfc1006af29bc79d4d4f4cb5b4838f9075954c2d469092a1570
2026-01-04T15:51:09,1767559869,TRADE,BUY,Up,16,0.68,10.88,"Ethereum Up or Down - January 4, 3:45PM-4:00PM ET",eth-updown-15m-1767559500,0x42f75a06062b9e4ce2317fddff0da35adbcb27396a1da62822a2c254471d3484,81115282060155343973682629302140588398994460909748445358417739032150121928748,0,0x5f32d26f241be0b96dc97ff8497bea6cf4a44daf9d3e2fcaa063ac4f04889ccc
2026-01-04T15:51:09,1767559869,TRADE,BUY,Up,16,0.68,10.88,"Ethereum Up or Down - January 4, 3:45PM-4:00PM ET",eth-updown-15m-1767559500,0x42f75a06062b9e4ce2317fddff0da35adbcb27396a1da62822a2c254471d3484,81115282060155343973682629302140588398994460909748445358417739032150121928748,0,0x880f9dff6daefe9bdfbc8a40c466cc9cddb7da35ed2fb1ca182fa71b25d10d1c
2026-01-04T15:51:09,1767559869,TRADE,BUY,Up,16,0.67,10.72,"Ethereum Up or Down - January 4, 3:45PM-4:00PM ET",eth-updown-15m-1767559500,0x42f75a06062b9e4ce2317fddff0da35adbcb27396a1da62822a2c254471d3484,81115282060155343973682629302140588398994460909748445358417739032150121928748,0,0xa7a98402eebdcf8754970b17b278c633589b5d19eb19f0598b4b1148e2768229
2026-01-04T15:51:09,1767559869,TRADE,BUY,Up,16,0.69,11.04,"Ethereum Up or Down - January 4, 3:45PM-4:00PM ET",eth-updown-15m-1767559500,0x42f75a06062b9e4ce2317fddff0da35adbcb27396a1da62822a2c254471d3484,81115282060155343973682629302140588398994460909748445358417739032150121928748,0,0x1b215ccef547106e096d0c4734668f007795d65a8612edde8050458cfa66e4c5
2026-01-04T15:51:09,1767559869,TRADE,BUY,Up,16,0.67,10.72,"Ethereum Up or Down - January 4, 3:45PM-4:00PM ET",eth-updown-15m-1767559500,0x42f75a06062b9e4ce2317fddff0da35adbcb27396a1da62822a2c254471d3484,81115282060155343973682629302140588398994460909748445358417739032150121928748,0,0xc52c5e51d9abe965a2cd418192dea60ddf9792794df52b4e6099f7c90e9097b9
2026-01-04T15:51:09,1767559869,TRADE,BUY,Up,16,0.67,10.72,"Ethereum Up or Down - January 4, 3:45PM-4:00PM ET",eth-updown-15m-1767559500,0x42f75a06062b9e4ce2317fddff0da35adbcb27396a1da62822a2c254471d3484,81115282060155343973682629302140588398994460909748445358417739032150121928748,0,0xb349f39a6318c4324e35758a9d42cc21480aa3d955c07c917bcf53bf81ed2ea5
2026-01-04T15:51:07,1767559867,TRADE,BUY,Down,16,0.34,5.44,"Ethereum Up or Down - January 4, 3:45PM-4:00PM ET",eth-updown-15m-1767559500,0x42f75a06062b9e4ce2317fddff0da35adbcb27396a1da62822a2c254471d3484,98991642164318449849799255365709672842977763882942243995673937893038856560011,1,0x07358e432c9d31f25a6b65caed1676dd3a053dcfda80e396d4a580b65bdf5d3e
2026-01-04T15:51:07,1767559867,TRADE,BUY,Down,16,0.35,5.6,"Ethereum Up or Down - January 4, 3:45PM-4:00PM ET",eth-updown-15m-1767559500,0x42f75a06062b9e4ce2317fddff0da35adbcb27396a1da62822a2c254471d3484,98991642164318449849799255365709672842977763882942243995673937893038856560011,1,0xa6423ab37311e502c5b5b42aecb3112d22f0d408fd8322f37473bf4912eb10e2
2026-01-04T15:51:07,1767559867,TRADE,BUY,Down,16,0.35,5.6,"Ethereum Up or Down - January 4, 3:45PM-4:00PM ET",eth-updown-15m-1767559500,0x42f75a06062b9e4ce2317fddff0da35adbcb27396a1da62822a2c254471d3484,98991642164318449849799255365709672842977763882942243995673937893038856560011,1,0xe5659f47870abb3863514a79aecdfeec95a632782c78e3748cfb48e620967aee
2026-01-04T15:51:07,1767559867,TRADE,BUY,Down,16,0.35,5.6,"Ethereum Up or Down - January 4, 3:45PM-4:00PM ET",eth-updown-15m-1767559500,0x42f75a06062b9e4ce2317fddff0da35adbcb27396a1da62822a2c254471d3484,98991642164318449849799255365709672842977763882942243995673937893038856560011,1,0x343192175a01ae77c874034a2250907b1d74cbac70f8dda2a3b2dbaee1d08f41
2026-01-04T15:51:07,1767559867,TRADE,BUY,Down,16,0.35,5.6,"Ethereum Up or Down - January 4, 3:45PM-4:00PM ET",eth-updown-15m-1767559500,0x42f75a06062b9e4ce2317fddff0da35adbcb27396a1da62822a2c254471d3484,98991642164318449849799255365709672842977763882942243995673937893038856560011,1,0x5414fd49a10dfefc10aea208ef193a5b4655f388306f8880a3678c9913dd8948
2026-01-04T15:51:07,1767559867,TRADE,BUY,Down,16,0.35,5.6,"Ethereum Up or Down - January 4, 3:45PM-4:00PM ET",eth-updown-15m-1767559500,0x42f75a06062b9e4ce2317fddff0da35adbcb27396a1da62822a2c254471d3484,98991642164318449849799255365709672842977763882942243995673937893038856560011,1,0x5ce34a0b669ce59ed02506ab340df295f4093a7263d0f7ebee46b627cb62f9be
2026-01-04T15:51:07,1767559867,TRADE,BUY,Down,16,0.35,5.6,"Ethereum Up or Down - January 4, 3:45PM-4:00PM ET",eth-updown-15m-1767559500,0x42f75a06062b9e4ce2317fddff0da35adbcb27396a1da62822a2c254471d3484,98991642164318449849799255365709672842977763882942243995673937893038856560011,1,0xff04d022e0699efa39bcb1c790398ec75f73ec9d70b759678d00432864f3f403
2026-01-04T15:51:07,1767559867,TRADE,BUY,Down,30,0.29,8.7,"Bitcoin Up or Down - January 4, 3:45PM-4:00PM ET",btc-updown-15m-1767559500,0x7f2710975c1bdfc4511dc3c327cfe7ee7d7b5c2fe64980181ee74341a2d54462,1557301465141604810551338910140925132332991566065957875071399401478651888971,1,0x237e6c4e8d4e8be700e7b1d6f435fdf18c4cb7b8d3d83f46106d473e694dcc2c
2026-01-04T15:51:07,1767559867,TRADE,BUY,Down,30,0.29,8.7,"Bitcoin Up or Down - January 4, 3:45PM-4:00PM ET",btc-updown-15m-1767559500,0x7f2710975c1bdfc4511dc3c327cfe7ee7d7b5c2fe64980181ee74341a2d54462,1557301465141604810551338910140925132332991566065957875071399401478651888971,1,0x237e6c4e8d4e8be700e7b1d6f435fdf18c4cb7b8d3d83f46106d473e694dcc2c
2026-01-04T15:51:07,1767559867,TRADE,BUY,Down,30,0.29,8.7,"Bitcoin Up or Down - January 4, 3:45PM-4:00PM ET",btc-updown-15m-1767559500,0x7f2710975c1bdfc4511dc3c327cfe7ee7d7b5c2fe64980181ee74341a2d54462,1557301465141604810551338910140925132332991566065957875071399401478651888971,1,0x237e6c4e8d4e8be700e7b1d6f435fdf18c4cb7b8d3d83f46106d473e694dcc2c
2026-01-04T15:51:07,1767559867,TRADE,BUY,Down,7.21,0.33,2.3793,"Ethereum Up or Down - January 4, 3:45PM-4:00PM ET",eth-updown-15m-1767559500,0x42f75a06062b9e4ce2317fddff0da35adbcb27396a1da62822a2c254471d3484,98991642164318449849799255365709672842977763882942243995673937893038856560011,1,0x245871efe7c75069904810210ee8cf1a8f1528eb133217d0e8f1e1d6569b36dc
2026-01-04T15:51:05,1767559865,TRADE,BUY,Down,1.408448,0.29000005680010904,0.40845,"Bitcoin Up or Down - January 4, 3:45PM-4:00PM ET",btc-updown-15m-1767559500,0x7f2710975c1bdfc4511dc3c327cfe7ee7d7b5c2fe64980181ee74341a2d54462,1557301465141604810551338910140925132332991566065957875071399401478651888971,1,0x279e3fe87daf91315ad2d8ccd962201589fa6b1a2b259a0dd1eb947d4f29f84f
2026-01-04T15:51:05,1767559865,TRADE,BUY,Down,28.59,0.29,8.2911,"Bitcoin Up or Down - January 4, 3:45PM-4:00PM ET",btc-updown-15m-1767559500,0x7f2710975c1bdfc4511dc3c327cfe7ee7d7b5c2fe64980181ee74341a2d54462,1557301465141604810551338910140925132332991566065957875071399401478651888971,1,0xf37607902f6e1f72a6f98cd85cd5c100091f8ca003447a619037626e2fc842a1
2026-01-04T15:51:03,1767559863,TRADE,BUY,Up,30,0.68,20.4,"Bitcoin Up or Down - January 4, 3:45PM-4:00PM ET",btc-updown-15m-1767559500,0x7f2710975c1bdfc4511dc3c327cfe7ee7d7b5c2fe64980181ee74341a2d54462,92170632673932098697839181910966056567672220619206304588775032640672954886297,0,0x4163d31644b8474fa03ec7252372e2084b4efaff841c9b1b5bafd87ac939b494
2026-01-04T15:51:03,1767559863,TRADE,BUY,Up,30,0.68,20.4,"Bitcoin Up or Down - January 4, 3:45PM-4:00PM ET",btc-updown-15m-1767559500,0x7f2710975c1bdfc4511dc3c327cfe7ee7d7b5c2fe64980181ee74341a2d54462,92170632673932098697839181910966056567672220619206304588775032640672954886297,0,0x4163d31644b8474fa03ec7252372e2084b4efaff841c9b1b5bafd87ac939b494
2026-01-04T15:51:03,1767559863,TRADE,BUY,Down,0.19,0.3,0.057,"Bitcoin Up or Down - January 4, 3:45PM-4:00PM ET",btc-updown-15m-1767559500,0x7f2710975c1bdfc4511dc3c327cfe7ee7d7b5c2fe64980181ee74341a2d54462,1557301465141604810551338910140925132332991566065957875071399401478651888971,1,0x1b2805c8b65ea677f1e42e47ed8a4ed0962ecf2ba1a6d4a1904885d0569a3c6e
2026-01-04T15:51:03,1767559863,TRADE,BUY,Up,0.04,0.69,0.0276,"Bitcoin Up or Down - January 4, 3:45PM-4:00PM ET",btc-updown-15m-1767559500,0x7f2710975c1bdfc4511dc3c327cfe7ee7d7b5c2fe64980181ee74341a2d54462,92170632673932098697839181910966056567672220619206304588775032640672954886297,0,0x7013c956da01be8d580237e35d07b6aa89261c833a5747c6d21bdb2976f79427
2026-01-04T15:51:03,1767559863,TRADE,BUY,Down,30,0.29,8.7,"Bitcoin Up or Down - January 4, 3:45PM-4:00PM ET",btc-updown-15m-1767559500,0x7f2710975c1bdfc4511dc3c327cfe7ee7d7b5c2fe64980181ee74341a2d54462,1557301465141604810551338910140925132332991566065957875071399401478651888971,1,0xa0c4b170a0a5aac10d067d474f5547306e5fe8fa06fb07dbdb16818ffc7272bb
2026-01-04T15:51:03,1767559863,TRADE,BUY,Down,11.408448,0.29000000701234735,3.30845,"Bitcoin Up or Down - January 4, 3:45PM-4:00PM ET",btc-updown-15m-1767559500,0x7f2710975c1bdfc4511dc3c327cfe7ee7d7b5c2fe64980181ee74341a2d54462,1557301465141604810551338910140925132332991566065957875071399401478651888971,1,0xa0c4b170a0a5aac10d067d474f5547306e5fe8fa06fb07dbdb16818ffc7272bb
2026-01-04T15:51:03,1767559863,TRADE,BUY,Up,14.99,0.69,10.3431,"Bitcoin Up or Down - January 4, 3:45PM-4:00PM ET",btc-updown-15m-1767559500,0x7f2710975c1bdfc4511dc3c327cfe7ee7d7b5c2fe64980181ee74341a2d54462,92170632673932098697839181910966056567672220619206304588775032640672954886297,0,0x9b227da811f286a2e4eff78280a72f57e466f49246f509c38974cfe58a7a7857
2026-01-04T15:51:03,1767559863,TRADE,BUY,Up,29.96,0.69,20.6724,"Bitcoin Up or Down - January 4, 3:45PM-4:00PM ET",btc-updown-15m-1767559500,0x7f2710975c1bdfc4511dc3c327cfe7ee7d7b5c2fe64980181ee74341a2d54462,92170632673932098697839181910966056567672220619206304588775032640672954886297,0,0x4163d31644b8474fa03ec7252372e2084b4efaff841c9b1b5bafd87ac939b494
2026-01-04T15:51:01,1767559861,TRADE,BUY,Down,2.2,0.3,0.66,"Bitcoin Up or Down - January 4, 3:45PM-4:00PM ET",btc-updown-15m-1767559500,0x7f2710975c1bdfc4511dc3c327cfe7ee7d7b5c2fe64980181ee74341a2d54462,1557301465141604810551338910140925132332991566065957875071399401478651888971,1,0xe27afffaeaae878271dee0d999e20a78856774a750f4de28cc41a73a1d0fbff5
2026-01-04T15:51:01,1767559861,TRADE,BUY,Up,16,0.67,10.72,"Ethereum Up or Down - January 4, 3:45PM-4:00PM ET",eth-updown-15m-1767559500,0x42f75a06062b9e4ce2317fddff0da35adbcb27396a1da62822a2c254471d3484,81115282060155343973682629302140588398994460909748445358417739032150121928748,0,0x4678ad67c363dfb317b8961bdb06502e93db74fac91ffccaf275cd52f6774e9b
2026-01-04T15:51:01,1767559861,TRADE,BUY,Down,30,0.3,9,"Bitcoin Up or Down - January 4, 3:45PM-4:00PM ET",btc-updown-15m-1767559500,0x7f2710975c1bdfc4511dc3c327cfe7ee7d7b5c2fe64980181ee74341a2d54462,1557301465141604810551338910140925132332991566065957875071399401478651888971,1,0x6f3dd847f13061aadb2ce254bc8bc5a88a111742f992fbcc88107413f5b22468
2026-01-04T15:51:01,1767559861,TRADE,BUY,Down,12.22714,0.3,3.668142,"Bitcoin Up or Down - January 4, 3:45PM-4:00PM ET",btc-updown-15m-1767559500,0x7f2710975c1bdfc4511dc3c327cfe7ee7d7b5c2fe64980181ee74341a2d54462,1557301465141604810551338910140925132332991566065957875071399401478651888971,1,0x6f3dd847f13061aadb2ce254bc8bc5a88a111742f992fbcc88107413f5b22468
2026-01-04T15:51:01,1767559861,TRADE,BUY,Down,14,0.3,4.2,"Bitcoin Up or Down - January 4, 3:45PM-4:00PM ET",btc-updown-15m-1767559500,0x7f2710975c1bdfc4511dc3c327cfe7ee7d7b5c2fe64980181ee74341a2d54462,1557301465141604810551338910140925132332991566065957875071399401478651888971,1,0xfb1ca62d22663c72c987edeae5df263a5b42aaaf872febf27d2eb7348a19f99d
2026-01-04T15:51:01,1767559861,TRADE,BUY,Down,1.38,0.3,0.414,"Bitcoin Up or Down - January 4, 3:45PM-4:00PM ET",btc-updown-15m-1767559500,0x7f2710975c1bdfc4511dc3c327cfe7ee7d7b5c2fe64980181ee74341a2d54462,1557301465141604810551338910140925132332991566065957875071399401478651888971,1,0x32e8d7b3bd0f5f2e7abc5771007688ea9e2c3ba6ffc2fccfdcf4e73d53d9d3aa
2026-01-04T15:50:59,1767559859,TRADE,BUY,Down,12,0.29,3.48,"Bitcoin Up or Down - January 4, 3:45PM-4:00PM ET",btc-updown-15m-1767559500,0x7f2710975c1bdfc4511dc3c327cfe7ee7d7b5c2fe64980181ee74341a2d54462,1557301465141604810551338910140925132332991566065957875071399401478651888971,1,0x9777572e805aea6c9f782a9cbc589a53774cd8acac6d5387b95265cdeef99ddc
2026-01-04T15:50:59,1767559859,TRADE,BUY,Down,2.281689,0.29000008327164656,0.66169,"Bitcoin Up or Down - January 4, 3:45PM-4:00PM ET",btc-updown-15m-1767559500,0x7f2710975c1bdfc4511dc3c327cfe7ee7d7b5c2fe64980181ee74341a2d54462,1557301465141604810551338910140925132332991566065957875071399401478651888971,1,0xed74ee2f6af5908afe23b589a3088fc19662b833e29e930fc64827f8c0e8b67b
2026-01-04T15:50:59,1767559859,TRADE,BUY,Up,10.96774,0.6900000364705947,7.567741,"Bitcoin Up or Down - January 4, 3:45PM-4:00PM ET",btc-updown-15m-1767559500,0x7f2710975c1bdfc4511dc3c327cfe7ee7d7b5c2fe64980181ee74341a2d54462,92170632673932098697839181910966056567672220619206304588775032640672954886297,0,0xc3042bde050704798770496e7e1fb7a9a9e48d29e8912be19551e513f4771c5f
2026-01-04T15:50:57,1767559857,TRADE,BUY,Down,1.985913,0.29000011581574825,0.575915,"Bitcoin Up or Down - January 4, 3:45PM-4:00PM ET",btc-updown-15m-1767559500,0x7f2710975c1bdfc4511dc3c327cfe7ee7d7b5c2fe64980181ee74341a2d54462,1557301465141604810551338910140925132332991566065957875071399401478651888971,1,0x57389267d363e9ef1d6e4cf669e9a092ccae2d7e0b977991f13fc42b2b674e13
2026-01-04T15:50:57,1767559857,TRADE,BUY,Down,30,0.29,8.7,"Bitcoin Up or Down - January 4, 3:45PM-4:00PM ET",btc-updown-15m-1767559500,0x7f2710975c1bdfc4511dc3c327cfe7ee7d7b5c2fe64980181ee74341a2d54462,1557301465141604810551338910140925132332991566065957875071399401478651888971,1,0x4acf771f78e72eaee906eb17609948bbcf48a41a6940cb841fbf4dd404b61985
2026-01-04T15:50:57,1767559857,TRADE,BUY,Up,24.97,0.68,16.9796,"Bitcoin Up or Down - January 4, 3:45PM-4:00PM ET",btc-updown-15m-1767559500,0x7f2710975c1bdfc4511dc3c327cfe7ee7d7b5c2fe64980181ee74341a2d54462,92170632673932098697839181910966056567672220619206304588775032640672954886297,0,0xf89b9bcaec76df869b3e4978ef28c94ac6812775bfa6972759dc1412211f2adc
2026-01-04T15:50:57,1767559857,TRADE,BUY,Down,30,0.29,8.7,"Bitcoin Up or Down - January 4, 3:45PM-4:00PM ET",btc-updown-15m-1767559500,0x7f2710975c1bdfc4511dc3c327cfe7ee7d7b5c2fe64980181ee74341a2d54462,1557301465141604810551338910140925132332991566065957875071399401478651888971,1,0xbc8d5e4d93512d79afbf1b19643d8b64ff5bd010de7378b5d376d145e8f067c5
2026-01-04T15:50:57,1767559857,TRADE,BUY,Down,7.06,0.29,2.0474,"Bitcoin Up or Down - January 4, 3:45PM-4:00PM ET",btc-updown-15m-1767559500,0x7f2710975c1bdfc4511dc3c327cfe7ee7d7b5c2fe64980181ee74341a2d54462,1557301465141604810551338910140925132332991566065957875071399401478651888971,1,0xb151ecc288b5d490cfeadd1b206607bd9980e4d0d8f874d24053687033504c07
2026-01-04T15:50:57,1767559857,TRADE,BUY,Up,30,0.7,21,"Bitcoin Up or Down - January 4, 3:45PM-4:00PM ET",btc-updown-15m-1767559500,0x7f2710975c1bdfc4511dc3c327cfe7ee7d7b5c2fe64980181ee74341a2d54462,92170632673932098697839181910966056567672220619206304588775032640672954886297,0,0xe3b8ba3f6e5db07e0543aef02a5da8f25fc920082dde142d08fa3f51c57adf19
2026-01-04T15:50:57,1767559857,TRADE,BUY,Up,24.64,0.7,17.248,"Bitcoin Up or Down - January 4, 3:45PM-4:00PM ET",btc-updown-15m-1767559500,0x7f2710975c1bdfc4511dc3c327cfe7ee7d7b5c2fe64980181ee74341a2d54462,92170632673932098697839181910966056567672220619206304588775032640672954886297,0,0xe3b8ba3f6e5db07e0543aef02a5da8f25fc920082dde142d08fa3f51c57adf19
2026-01-04T15:50:57,1767559857,TRADE,BUY,Down,1.408448,0.29000005680010904,0.40845,"Bitcoin Up or Down - January 4, 3:45PM-4:00PM ET",btc-updown-15m-1767559500,0x7f2710975c1bdfc4511dc3c327cfe7ee7d7b5c2fe64980181ee74341a2d54462,1557301465141604810551338910140925132332991566065957875071399401478651888971,1,0xade125851800041dbde360d7bb3adf436b22a0461d1195596373b9d62d2c90ab
2026-01-04T15:50:55,1767559855,TRADE,BUY,Up,30,0.68,20.4,"Bitcoin Up or Down - January 4, 3:45PM-4:00PM ET",btc-updown-15m-1767559500,0x7f2710975c1bdfc4511dc3c327cfe7ee7d7b5c2fe64980181ee74341a2d54462,92170632673932098697839181910966056567672220619206304588775032640672954886297,0,0x22b06172b7a25c421677754c34909e6327c9fe0790d1a707259ed024d0988e90
2026-01-04T15:50:55,1767559855,TRADE,BUY,Up,30,0.68,20.4,"Bitcoin Up or Down - January 4, 3:45PM-4:00PM ET",btc-updown-15m-1767559500,0x7f2710975c1bdfc4511dc3c327cfe7ee7d7b5c2fe64980181ee74341a2d54462,92170632673932098697839181910966056567672220619206304588775032640672954886297,0,0x22b06172b7a25c421677754c34909e6327c9fe0790d1a707259ed024d0988e90
2026-01-04T15:50:55,1767559855,TRADE,BUY,Up,21.250605,0.6700000305873645,14.237906,"Bitcoin Up or Down - January 4, 3:45PM-4:00PM ET",btc-updown-15m-1767559500,0x7f2710975c1bdfc4511dc3c327cfe7ee7d7b5c2fe64980181ee74341a2d54462,92170632673932098697839181910966056567672220619206304588775032640672954886297,0,0x22b06172b7a25c421677754c34909e6327c9fe0790d1a707259ed024d0988e90
2026-01-04T15:50:55,1767559855,TRADE,BUY,Up,10.59,0.69,7.3071,"Bitcoin Up or Down - January 4, 3:45PM-4:00PM ET",btc-updown-15m-1767559500,0x7f2710975c1bdfc4511dc3c327cfe7ee7d7b5c2fe64980181ee74341a2d54462,92170632673932098697839181910966056567672220619206304588775032640672954886297,0,0x51a3ebbbd1fb91ac598a61680d4bb7fd49a958d201ce354204a95ed2640af107
2026-01-04T15:50:55,1767559855,TRADE,BUY,Up,16,0.65,10.4,"Ethereum Up or Down - January 4, 3:45PM-4:00PM ET",eth-updown-15m-1767559500,0x42f75a06062b9e4ce2317fddff0da35adbcb27396a1da62822a2c254471d3484,81115282060155343973682629302140588398994460909748445358417739032150121928748,0,0xc9456f6879d9c2711878ac222db2bb91f92ee204f8e706c91368760fd9d35e6f
2026-01-04T15:50:55,1767559855,TRADE,BUY,Up,16,0.65,10.4,"Ethereum Up or Down - January 4, 3:45PM-4:00PM ET",eth-updown-15m-1767559500,0x42f75a06062b9e4ce2317fddff0da35adbcb27396a1da62822a2c254471d3484,81115282060155343973682629302140588398994460909748445358417739032150121928748,0,0xc9456f6879d9c2711878ac222db2bb91f92ee204f8e706c91368760fd9d35e6f
2026-01-04T15:50:55,1767559855,TRADE,BUY,Down,0.04,0.3,0.012,"Bitcoin Up or Down - January 4, 3:45PM-4:00PM ET",btc-updown-15m-1767559500,0x7f2710975c1bdfc4511dc3c327cfe7ee7d7b5c2fe64980181ee74341a2d54462,1557301465141604810551338910140925132332991566065957875071399401478651888971,1,0x98f6983b663eb036b9f51399274fc79f0225329678919f34f8ca969c53d63799
2026-01-04T15:50:55,1767559855,TRADE,BUY,Down,2.48,0.3,0.744,"Bitcoin Up or Down - January 4, 3:45PM-4:00PM ET",btc-updown-15m-1767559500,0x7f2710975c1bdfc4511dc3c327cfe7ee7d7b5c2fe64980181ee74341a2d54462,1557301465141604810551338910140925132332991566065957875071399401478651888971,1,0x37392bafa7af1b6ffd13d5cc050bcd0524eb1d45e42855b2b734ec0d8133c370
2026-01-04T15:50:55,1767559855,TRADE,BUY,Down,30,0.3,9,"Bitcoin Up or Down - January 4, 3:45PM-4:00PM ET",btc-updown-15m-1767559500,0x7f2710975c1bdfc4511dc3c327cfe7ee7d7b5c2fe64980181ee74341a2d54462,1557301465141604810551338910140925132332991566065957875071399401478651888971,1,0x37392bafa7af1b6ffd13d5cc050bcd0524eb1d45e42855b2b734ec0d8133c370
2026-01-04T15:50:55,1767559855,TRADE,BUY,Down,30,0.3,9,"Bitcoin Up or Down - January 4, 3:45PM-4:00PM ET",btc-updown-15m-1767559500,0x7f2710975c1bdfc4511dc3c327cfe7ee7d7b5c2fe64980181ee74341a2d54462,1557301465141604810551338910140925132332991566065957875071399401478651888971,1,0x37392bafa7af1b6ffd13d5cc050bcd0524eb1d45e42855b2b734ec0d8133c370
2026-01-04T15:50:55,1767559855,TRADE,BUY,Down,0.52,0.3,0.156,"Bitcoin Up or Down - January 4, 3:45PM-4:00PM ET",btc-updown-15m-1767559500,0x7f2710975c1bdfc4511dc3c327cfe7ee7d7b5c2fe64980181ee74341a2d54462,1557301465141604810551338910140925132332991566065957875071399401478651888971,1,0x37392bafa7af1b6ffd13d5cc050bcd0524eb1d45e42855b2b734ec0d8133c370
2026-01-04T15:50:55,1767559855,TRADE,BUY,Up,10.59,0.69,7.3071,"Bitcoin Up or Down - January 4, 3:45PM-4:00PM ET",btc-updown-15m-1767559500,0x7f2710975c1bdfc4511dc3c327cfe7ee7d7b5c2fe64980181ee74341a2d54462,92170632673932098697839181910966056567672220619206304588775032640672954886297,0,0x0f81e5857ccabe6680cdb432de7a34a4fa8336e8da41e26ed7b6d66e77bbcbae
2026-01-04T15:50:55,1767559855,TRADE,BUY,Down,4.66,0.3,1.398,"Bitcoin Up or Down - January 4, 3:45PM-4:00PM ET",btc-updown-15m-1767559500,0x7f2710975c1bdfc4511dc3c327cfe7ee7d7b5c2fe64980181ee74341a2d54462,1557301465141604810551338910140925132332991566065957875071399401478651888971,1,0xb66ba640ac80cbd999851256eecd8e5b3294af8f836dbcd4231780714afc2e7a
2026-01-04T15:50:55,1767559855,TRADE,BUY,Down,30,0.3,9,"Bitcoin Up or Down - January 4, 3:45PM-4:00PM ET",btc-updown-15m-1767559500,0x7f2710975c1bdfc4511dc3c327cfe7ee7d7b5c2fe64980181ee74341a2d54462,1557301465141604810551338910140925132332991566065957875071399401478651888971,1,0xb66ba640ac80cbd999851256eecd8e5b3294af8f836dbcd4231780714afc2e7a
2026-01-04T15:50:53,1767559853,TRADE,BUY,Down,9.35714,0.3,2.807142,"Bitcoin Up or Down - January 4, 3:45PM-4:00PM ET",btc-updown-15m-1767559500,0x7f2710975c1bdfc4511dc3c327cfe7ee7d7b5c2fe64980181ee74341a2d54462,1557301465141604810551338910140925132332991566065957875071399401478651888971,1,0xb7b5c02c60a4b503a0480d3fec0d81e81cb84105a4d9e2b6ca82335928556bb1
2026-01-04T15:50:53,1767559853,TRADE,BUY,Down,25,0.3,7.5,"Bitcoin Up or Down - January 4, 3:45PM-4:00PM ET",btc-updown-15m-1767559500,0x7f2710975c1bdfc4511dc3c327cfe7ee7d7b5c2fe64980181ee74341a2d54462,1557301465141604810551338910140925132332991566065957875071399401478651888971,1,0x760f5e8ba967921a54cd7f55cc3d01dc5c26cecf97d0ef4754663801c2c22f80
2026-01-04T15:50:53,1767559853,TRADE,BUY,Down,0.3,0.3,0.09,"Bitcoin Up or Down - January 4, 3:45PM-4:00PM ET",btc-updown-15m-1767559500,0x7f2710975c1bdfc4511dc3c327cfe7ee7d7b5c2fe64980181ee74341a2d54462,1557301465141604810551338910140925132332991566065957875071399401478651888971,1,0xf11ac7480bc363f21cc02c91ddad8f2ef8d4d7915e6314bbf5458bc2dbd971ca
2026-01-04T15:50:53,1767559853,TRADE,BUY,Down,14.98,0.3,4.494,"Bitcoin Up or Down - January 4, 3:45PM-4:00PM ET",btc-updown-15m-1767559500,0x7f2710975c1bdfc4511dc3c327cfe7ee7d7b5c2fe64980181ee74341a2d54462,1557301465141604810551338910140925132332991566065957875071399401478651888971,1,0x20085cb1fc35eb4e68fd01b1b6fdca31b62620c777c81ae8a2bea5305fffb77e
2026-01-04T15:50:53,1767559853,TRADE,BUY,Up,5,0.68,3.4,"Bitcoin Up or Down - January 4, 3:45PM-4:00PM ET",btc-updown-15m-1767559500,0x7f2710975c1bdfc4511dc3c327cfe7ee7d7b5c2fe64980181ee74341a2d54462,92170632673932098697839181910966056567672220619206304588775032640672954886297,0,0xd62c5244cfeaeb7a3b261480fbf2d432e7afbeb40a25443b166e56336f2f6de2
2026-01-04T15:50:53,1767559853,TRADE,BUY,Down,0.15,0.3,0.045,"Bitcoin Up or Down - January 4, 3:45PM-4:00PM ET",btc-updown-15m-1767559500,0x7f2710975c1bdfc4511dc3c327cfe7ee7d7b5c2fe64980181ee74341a2d54462,1557301465141604810551338910140925132332991566065957875071399401478651888971,1,0xc25799dd2a3bb0fe4bcd57d617bf8feb65d8f97e1fc5104fba6771caa1c4fa52
2026-01-04T15:50:53,1767559853,TRADE,BUY,Up,1.124061,0.680000462608346,0.764362,"Bitcoin Up or Down - January 4, 3:45PM-4:00PM ET",btc-updown-15m-1767559500,0x7f2710975c1bdfc4511dc3c327cfe7ee7d7b5c2fe64980181ee74341a2d54462,92170632673932098697839181910966056567672220619206304588775032640672954886297,0,0xa45b0c9440b3b98a62e908072a9f1f59530dc49fcb266123d65189b3e7d48d23
2026-01-04T15:50:53,1767559853,TRADE,BUY,Down,2.42857,0.3,0.728571,"Bitcoin Up or Down - January 4, 3:45PM-4:00PM ET",btc-updown-15m-1767559500,0x7f2710975c1bdfc4511dc3c327cfe7ee7d7b5c2fe64980181ee74341a2d54462,1557301465141604810551338910140925132332991566065957875071399401478651888971,1,0xbaa77ababc8a62c61f991cb6c2854a94b87ea0af6c730b97db097852e62227e5
2026-01-04T15:50:51,1767559851,TRADE,BUY,Down,1.42857,0.3,0.428571,"Bitcoin Up or Down - January 4, 3:45PM-4:00PM ET",btc-updown-15m-1767559500,0x7f2710975c1bdfc4511dc3c327cfe7ee7d7b5c2fe64980181ee74341a2d54462,1557301465141604810551338910140925132332991566065957875071399401478651888971,1,0x9fd868c9e3125fa2ce73d9728dd5843b0fa6cf54e6f7bf18ac9c6a0db1516aa0
2026-01-04T15:50:51,1767559851,TRADE,BUY,Down,10,0.3,3,"Bitcoin Up or Down - January 4, 3:45PM-4:00PM ET",btc-updown-15m-1767559500,0x7f2710975c1bdfc4511dc3c327cfe7ee7d7b5c2fe64980181ee74341a2d54462,1557301465141604810551338910140925132332991566065957875071399401478651888971,1,0x7d842a82e5ec92a74bca702250d95314d421f1fd4958f3664b24f59f35ff9e25
2026-01-04T15:50:51,1767559851,TRADE,BUY,Down,2.771426,0.3000000721650154,0.831428,"Bitcoin Up or Down - January 4, 3:45PM-4:00PM ET",btc-updown-15m-1767559500,0x7f2710975c1bdfc4511dc3c327cfe7ee7d7b5c2fe64980181ee74341a2d54462,1557301465141604810551338910140925132332991566065957875071399401478651888971,1,0xf654ddbd4719b5b86492cd6887b0dedcfd5ea4b5e48bcaf0c2d6900d10f8301b
2026-01-04T15:50:51,1767559851,TRADE,BUY,Down,5,0.3,1.5,"Bitcoin Up or Down - January 4, 3:45PM-4:00PM ET",btc-updown-15m-1767559500,0x7f2710975c1bdfc4511dc3c327cfe7ee7d7b5c2fe64980181ee74341a2d54462,1557301465141604810551338910140925132332991566065957875071399401478651888971,1,0xdf2d556eb597e59c10642072ee15170e3e24cc346cf6d04a1e0da5b84bd3859e
2026-01-04T15:50:51,1767559851,TRADE,BUY,Up,5,0.68,3.4,"Bitcoin Up or Down - January 4, 3:45PM-4:00PM ET",btc-updown-15m-1767559500,0x7f2710975c1bdfc4511dc3c327cfe7ee7d7b5c2fe64980181ee74341a2d54462,92170632673932098697839181910966056567672220619206304588775032640672954886297,0,0x38201a3a7689740bbc55d695f27925e573b7f4518349b1c5fc1bc11205741344
2026-01-04T15:50:51,1767559851,TRADE,BUY,Down,0.12,0.3,0.036,"Bitcoin Up or Down - January 4, 3:45PM-4:00PM ET",btc-updown-15m-1767559500,0x7f2710975c1bdfc4511dc3c327cfe7ee7d7b5c2fe64980181ee74341a2d54462,1557301465141604810551338910140925132332991566065957875071399401478651888971,1,0xd36657295777e52deb42e60382f9f43ba85e60c272fcf5913f236f0b69882388
2026-01-04T15:50:51,1767559851,TRADE,BUY,Down,18.57,0.3,5.571,"Bitcoin Up or Down - January 4, 3:45PM-4:00PM ET",btc-updown-15m-1767559500,0x7f2710975c1bdfc4511dc3c327cfe7ee7d7b5c2fe64980181ee74341a2d54462,1557301465141604810551338910140925132332991566065957875071399401478651888971,1,0xc156fb9236876fa200a863693c8f39221168e5c21d9279345ab4fcb52a82305b
2026-01-04T15:50:51,1767559851,TRADE,BUY,Down,4.341426,0.3000000460678127,1.302428,"Bitcoin Up or Down - January 4, 3:45PM-4:00PM ET",btc-updown-15m-1767559500,0x7f2710975c1bdfc4511dc3c327cfe7ee7d7b5c2fe64980181ee74341a2d54462,1557301465141604810551338910140925132332991566065957875071399401478651888971,1,0xc156fb9236876fa200a863693c8f39221168e5c21d9279345ab4fcb52a82305b
2026-01-04T15:50:51,1767559851,TRADE,BUY,Down,0.12,0.3,0.036,"Bitcoin Up or Down - January 4, 3:45PM-4:00PM ET",btc-updown-15m-1767559500,0x7f2710975c1bdfc4511dc3c327cfe7ee7d7b5c2fe64980181ee74341a2d54462,1557301465141604810551338910140925132332991566065957875071399401478651888971,1,0xd98d947fc0c898a380f62730c40ba8b519de1b9e4680659f1c64de95430f9f80
2026-01-04T15:50:51,1767559851,TRADE,BUY,Down,0.02,0.3,0.006,"Bitcoin Up or Down - January 4, 3:45PM-4:00PM ET",btc-updown-15m-1767559500,0x7f2710975c1bdfc4511dc3c327cfe7ee7d7b5c2fe64980181ee74341a2d54462,1557301465141604810551338910140925132332991566065957875071399401478651888971,1,0x5af3b59bcc7f2aec66a97448ad6d1becced1d0d76f434670c5a42570de044e06
2026-01-04T15:50:51,1767559851,TRADE,BUY,Up,5,0.68,3.4,"Bitcoin Up or Down - January 4, 3:45PM-4:00PM ET",btc-updown-15m-1767559500,0x7f2710975c1bdfc4511dc3c327cfe7ee7d7b5c2fe64980181ee74341a2d54462,92170632673932098697839181910966056567672220619206304588775032640672954886297,0,0xcac65c601ff113e23523ad5e0fb4d565374db034b10b60efd20f158e5983c782
2026-01-04T15:50:49,1767559849,TRADE,BUY,Up,30,0.69,20.7,"Bitcoin Up or Down - January 4, 3:45PM-4:00PM ET",btc-updown-15m-1767559500,0x7f2710975c1bdfc4511dc3c327cfe7ee7d7b5c2fe64980181ee74341a2d54462,92170632673932098697839181910966056567672220619206304588775032640672954886297,0,0x29081d1bc9c19a547d8cae8a13a7f09447a85201be27bed8e6919f92d64dd74c
2026-01-04T15:50:49,1767559849,TRADE,BUY,Up,30,0.69,20.7,"Bitcoin Up or Down - January 4, 3:45PM-4:00PM ET",btc-updown-15m-1767559500,0x7f2710975c1bdfc4511dc3c327cfe7ee7d7b5c2fe64980181ee74341a2d54462,92170632673932098697839181910966056567672220619206304588775032640672954886297,0,0x29081d1bc9c19a547d8cae8a13a7f09447a85201be27bed8e6919f92d64dd74c
2026-01-04T15:50:49,1767559849,TRADE,BUY,Up,1.3175,0.68,0.8959,"Bitcoin Up or Down - January 4, 3:45PM-4:00PM ET",btc-updown-15m-1767559500,0x7f2710975c1bdfc4511dc3c327cfe7ee7d7b5c2fe64980181ee74341a2d54462,92170632673932098697839181910966056567672220619206304588775032640672954886297,0,0x64bd7e8e0292131374f4591b77156423db186c9030db0183675dd81631d66d02
2026-01-04T15:50:49,1767559849,TRADE,BUY,Up,30,0.68,20.4,"Bitcoin Up or Down - January 4, 3:45PM-4:00PM ET",btc-updown-15m-1767559500,0x7f2710975c1bdfc4511dc3c327cfe7ee7d7b5c2fe64980181ee74341a2d54462,92170632673932098697839181910966056567672220619206304588775032640672954886297,0,0x52293e3b1fe51f217f5e55b8b3b0f244bf35eb021dd8cf23454465984a113807
2026-01-04T15:50:49,1767559849,TRADE,BUY,Up,30,0.68,20.4,"Bitcoin Up or Down - January 4, 3:45PM-4:00PM ET",btc-updown-15m-1767559500,0x7f2710975c1bdfc4511dc3c327cfe7ee7d7b5c2fe64980181ee74341a2d54462,92170632673932098697839181910966056567672220619206304588775032640672954886297,0,0x52293e3b1fe51f217f5e55b8b3b0f244bf35eb021dd8cf23454465984a113807
2026-01-04T15:50:49,1767559849,TRADE,BUY,Down,10,0.28,2.8,"Bitcoin Up or Down - January 4, 3:45PM-4:00PM ET",btc-updown-15m-1767559500,0x7f2710975c1bdfc4511dc3c327cfe7ee7d7b5c2fe64980181ee74341a2d54462,1557301465141604810551338910140925132332991566065957875071399401478651888971,1,0x4cfe82f2fad635c9f33844af9d8467c0cc245b928456b36516b9b44e40c553e4
2026-01-04T15:50:47,1767559847,TRADE,BUY,Down,20,0.28,5.6,"Bitcoin Up or Down - January 4, 3:45PM-4:00PM ET",btc-updown-15m-1767559500,0x7f2710975c1bdfc4511dc3c327cfe7ee7d7b5c2fe64980181ee74341a2d54462,1557301465141604810551338910140925132332991566065957875071399401478651888971,1,0x2629820b43f721b36e59667868d978f57490655ef9034e66908068960c787fa5
2026-01-04T15:50:47,1767559847,TRADE,BUY,Down,7.625,0.28,2.135,"Bitcoin Up or Down - January 4, 3:45PM-4:00PM ET",btc-updown-15m-1767559500,0x7f2710975c1bdfc4511dc3c327cfe7ee7d7b5c2fe64980181ee74341a2d54462,1557301465141604810551338910140925132332991566065957875071399401478651888971,1,0x2629820b43f721b36e59667868d978f57490655ef9034e66908068960c787fa5
2026-01-04T15:50:47,1767559847,TRADE,BUY,Down,0.36,0.26,0.0936,"Bitcoin Up or Down - January 4, 3:45PM-4:00PM ET",btc-updown-15m-1767559500,0x7f2710975c1bdfc4511dc3c327cfe7ee7d7b5c2fe64980181ee74341a2d54462,1557301465141604810551338910140925132332991566065957875071399401478651888971,1,0x389286fd5f4d5924fbc5eda4ea40b2254e6878250179e459b99a47917d423061
2026-01-04T15:50:47,1767559847,TRADE,BUY,Down,1.35135,0.26,0.351351,"Bitcoin Up or Down - January 4, 3:45PM-4:00PM ET",btc-updown-15m-1767559500,0x7f2710975c1bdfc4511dc3c327cfe7ee7d7b5c2fe64980181ee74341a2d54462,1557301465141604810551338910140925132332991566065957875071399401478651888971,1,0xc416106c86f9db71e876376f7d93969d0c2af9b9f605aa61775458d76ff3ecc2
2026-01-04T15:50:47,1767559847,TRADE,BUY,Down,28.28,0.26,7.3528,"Bitcoin Up or Down - January 4, 3:45PM-4:00PM ET",btc-updown-15m-1767559500,0x7f2710975c1bdfc4511dc3c327cfe7ee7d7b5c2fe64980181ee74341a2d54462,1557301465141604810551338910140925132332991566065957875071399401478651888971,1,0x937fa7a29fb991ee4d639afdc7cb36b377c26727fcde083a58bf2287715d9827
2026-01-04T15:50:47,1767559847,TRADE,BUY,Down,30,0.26,7.8,"Bitcoin Up or Down - January 4, 3:45PM-4:00PM ET",btc-updown-15m-1767559500,0x7f2710975c1bdfc4511dc3c327cfe7ee7d7b5c2fe64980181ee74341a2d54462,1557301465141604810551338910140925132332991566065957875071399401478651888971,1,0x937fa7a29fb991ee4d639afdc7cb36b377c26727fcde083a58bf2287715d9827
2026-01-04T15:50:45,1767559845,TRADE,BUY,Down,5.6,0.25,1.4,"Bitcoin Up or Down - January 4, 3:45PM-4:00PM ET",btc-updown-15m-1767559500,0x7f2710975c1bdfc4511dc3c327cfe7ee7d7b5c2fe64980181ee74341a2d54462,1557301465141604810551338910140925132332991566065957875071399401478651888971,1,0xfebc4df128ce3f5e710853e82ea5538dce0874792ee3d72652d40e22fba1566c
2026-01-04T15:50:45,1767559845,TRADE,BUY,Down,10,0.25,2.5,"Bitcoin Up or Down - January 4, 3:45PM-4:00PM ET",btc-updown-15m-1767559500,0x7f2710975c1bdfc4511dc3c327cfe7ee7d7b5c2fe64980181ee74341a2d54462,1557301465141604810551338910140925132332991566065957875071399401478651888971,1,0x7505d520175bf2349d767cf0259678647626695286bd5e14bab3a19889a8e467
2026-01-04T15:50:45,1767559845,TRADE,BUY,Down,2,0.25,0.5,"Bitcoin Up or Down - January 4, 3:45PM-4:00PM ET",btc-updown-15m-1767559500,0x7f2710975c1bdfc4511dc3c327cfe7ee7d7b5c2fe64980181ee74341a2d54462,1557301465141604810551338910140925132332991566065957875071399401478651888971,1,0x4fc13112a4f0b0c9d6c2fa6c48d7ed146b249e8788e5000aa7363e39f65385bd
2026-01-04T15:50:43,1767559843,TRADE,BUY,Up,5,0.75,3.75,"Bitcoin Up or Down - January 4, 3:45PM-4:00PM ET",btc-updown-15m-1767559500,0x7f2710975c1bdfc4511dc3c327cfe7ee7d7b5c2fe64980181ee74341a2d54462,92170632673932098697839181910966056567672220619206304588775032640672954886297,0,0x1ecbd9a513fc36d4396cc33b4b05c6c6b49cf4060aca5c41bf70c387cd6dad2a
2026-01-04T15:50:43,1767559843,TRADE,BUY,Up,5,0.75,3.75,"Bitcoin Up or Down - January 4, 3:45PM-4:00PM ET",btc-updown-15m-1767559500,0x7f2710975c1bdfc4511dc3c327cfe7ee7d7b5c2fe64980181ee74341a2d54462,92170632673932098697839181910966056567672220619206304588775032640672954886297,0,0xb4412c260a66575832a5d560d2dc49b0b582e0ffac3de5088464620ddfef5ba9
2026-01-04T15:50:43,1767559843,TRADE,BUY,Up,8.13,0.75,6.0975,"Bitcoin Up or Down - January 4, 3:45PM-4:00PM ET",btc-updown-15m-1767559500,0x7f2710975c1bdfc4511dc3c327cfe7ee7d7b5c2fe64980181ee74341a2d54462,92170632673932098697839181910966056567672220619206304588775032640672954886297,0,0x035b63ef32b0dfd8c67a4e65d5cd97951866dde558338953cbd44a5c726db157
2026-01-04T15:50:41,1767559841,TRADE,BUY,Down,16,0.29,4.64,"Ethereum Up or Down - January 4, 3:45PM-4:00PM ET",eth-updown-15m-1767559500,0x42f75a06062b9e4ce2317fddff0da35adbcb27396a1da62822a2c254471d3484,98991642164318449849799255365709672842977763882942243995673937893038856560011,1,0xbdd53b62f9458f6fa48088a574de677d6ce6673b4a0a0acca30755a51e064c5c
2026-01-04T15:50:41,1767559841,TRADE,BUY,Up,30,0.7,21,"Bitcoin Up or Down - January 4, 3:45PM-4:00PM ET",btc-updown-15m-1767559500,0x7f2710975c1bdfc4511dc3c327cfe7ee7d7b5c2fe64980181ee74341a2d54462,92170632673932098697839181910966056567672220619206304588775032640672954886297,0,0x08a4b98caf192da3ac96c0de51ed4acc925ec5864f5c7069465365a5e5ef71df
2026-01-04T15:50:41,1767559841,TRADE,BUY,Up,30,0.7,21,"Bitcoin Up or Down - January 4, 3:45PM-4:00PM ET",btc-updown-15m-1767559500,0x7f2710975c1bdfc4511dc3c327cfe7ee7d7b5c2fe64980181ee74341a2d54462,92170632673932098697839181910966056567672220619206304588775032640672954886297,0,0x0efa72f09e3b5b6fb5b86b2b61dadc2ff5dd8ceeb31e32eadac92591d596085a
2026-01-04T15:50:41,1767559841,TRADE,BUY,Up,30,0.7,21,"Bitcoin Up or Down - January 4, 3:45PM-4:00PM ET",btc-updown-15m-1767559500,0x7f2710975c1bdfc4511dc3c327cfe7ee7d7b5c2fe64980181ee74341a2d54462,92170632673932098697839181910966056567672220619206304588775032640672954886297,0,0xbaa890a9bc990a4bc2a06e2f380ed69acf11c82bdc16e9cde34652cb8d746365
2026-01-04T15:50:41,1767559841,TRADE,BUY,Up,30,0.7,21,"Bitcoin Up or Down - January 4, 3:45PM-4:00PM ET",btc-updown-15m-1767559500,0x7f2710975c1bdfc4511dc3c327cfe7ee7d7b5c2fe64980181ee74341a2d54462,92170632673932098697839181910966056567672220619206304588775032640672954886297,0,0xdb056cfa26d4dc72de47940496006f66fa30f21211a4d2f4c316099041c1cdb2
2026-01-04T15:50:41,1767559841,TRADE,BUY,Up,30,0.7,21,"Bitcoin Up or Down - January 4, 3:45PM-4:00PM ET",btc-updown-15m-1767559500,0x7f2710975c1bdfc4511dc3c327cfe7ee7d7b5c2fe64980181ee74341a2d54462,92170632673932098697839181910966056567672220619206304588775032640672954886297,0,0xd0ea0a9aec6a1deda97c307253b031d2ac861c43635fa39a17548fa8b0820a90
2026-01-04T15:50:41,1767559841,TRADE,BUY,Up,2.39,0.65,1.5535,"Ethereum Up or Down - January 4, 3:45PM-4:00PM ET",eth-updown-15m-1767559500,0x42f75a06062b9e4ce2317fddff0da35adbcb27396a1da62822a2c254471d3484,81115282060155343973682629302140588398994460909748445358417739032150121928748,0,0x27aab84c1f6eef2f4c4daa34e40cdd282cca073054a948c44c44af2a5d04be8d
2026-01-04T15:50:41,1767559841,TRADE,BUY,Up,30,0.7,21,"Bitcoin Up or Down - January 4, 3:45PM-4:00PM ET",btc-updown-15m-1767559500,0x7f2710975c1bdfc4511dc3c327cfe7ee7d7b5c2fe64980181ee74341a2d54462,92170632673932098697839181910966056567672220619206304588775032640672954886297,0,0x174732d76ed8ad5eba0f8ff03607e06fcb40dcfeb3f87d09579f36e0d0705eca
2026-01-04T15:50:41,1767559841,TRADE,BUY,Up,30,0.7,21,"Bitcoin Up or Down - January 4, 3:45PM-4:00PM ET",btc-updown-15m-1767559500,0x7f2710975c1bdfc4511dc3c327cfe7ee7d7b5c2fe64980181ee74341a2d54462,92170632673932098697839181910966056567672220619206304588775032640672954886297,0,0xbfac073b79b2c6e7dbdfab19fbd8b912b2dfc3277c0ee2937247f337d8975153
2026-01-04T15:50:39,1767559839,TRADE,BUY,Up,30,0.7,21,"Bitcoin Up or Down - January 4, 3:45PM-4:00PM ET",btc-updown-15m-1767559500,0x7f2710975c1bdfc4511dc3c327cfe7ee7d7b5c2fe64980181ee74341a2d54462,92170632673932098697839181910966056567672220619206304588775032640672954886297,0,0x89a67be38ac1a48cb76eef17f4800c8052a796406cbcfe5518bdb39c8a2a4788
2026-01-04T15:50:39,1767559839,TRADE,BUY,Up,5,0.65,3.25,"Ethereum Up or Down - January 4, 3:45PM-4:00PM ET",eth-updown-15m-1767559500,0x42f75a06062b9e4ce2317fddff0da35adbcb27396a1da62822a2c254471d3484,81115282060155343973682629302140588398994460909748445358417739032150121928748,0,0x2708530d57f77c8553e44625d8a10f4623be94fe31b30adf1a02eb1c16bd9767
2026-01-04T15:50:37,1767559837,TRADE,BUY,Down,16,0.32,5.12,"Bitcoin Up or Down - January 4, 3:45PM-4:00PM ET",btc-updown-15m-1767559500,0x7f2710975c1bdfc4511dc3c327cfe7ee7d7b5c2fe64980181ee74341a2d54462,1557301465141604810551338910140925132332991566065957875071399401478651888971,1,0xbf3e9eccb64ee8b86466ce5872da23fcb8980ff67a54c108da971b6aef41ef48
2026-01-04T15:50:37,1767559837,TRADE,BUY,Down,9.838234,0.320000012197311,3.148235,"Bitcoin Up or Down - January 4, 3:45PM-4:00PM ET",btc-updown-15m-1767559500,0x7f2710975c1bdfc4511dc3c327cfe7ee7d7b5c2fe64980181ee74341a2d54462,1557301465141604810551338910140925132332991566065957875071399401478651888971,1,0xd073096ff6826389491e721194c211ffc7a71023d99ceecc4f4685981f9a0dd2
2026-01-04T15:50:37,1767559837,TRADE,BUY,Down,2,0.32,0.64,"Bitcoin Up or Down - January 4, 3:45PM-4:00PM ET",btc-updown-15m-1767559500,0x7f2710975c1bdfc4511dc3c327cfe7ee7d7b5c2fe64980181ee74341a2d54462,1557301465141604810551338910140925132332991566065957875071399401478651888971,1,0x3a4d6ef59b991a8aa7cd242b39b92f1f0a0577fef37d291b706d315d1c666ff2
2026-01-04T15:50:37,1767559837,TRADE,BUY,Up,30,0.68,20.4,"Bitcoin Up or Down - January 4, 3:45PM-4:00PM ET",btc-updown-15m-1767559500,0x7f2710975c1bdfc4511dc3c327cfe7ee7d7b5c2fe64980181ee74341a2d54462,92170632673932098697839181910966056567672220619206304588775032640672954886297,0,0xe1cbb5edaf8ad209ab41113dda91670f87994db73638b6f88c80cd2a012f25b7
2026-01-04T15:50:37,1767559837,TRADE,BUY,Up,24.68,0.66,16.2888,"Bitcoin Up or Down - January 4, 3:45PM-4:00PM ET",btc-updown-15m-1767559500,0x7f2710975c1bdfc4511dc3c327cfe7ee7d7b5c2fe64980181ee74341a2d54462,92170632673932098697839181910966056567672220619206304588775032640672954886297,0,0x26352e0fc8bf9953414da0e1b93a009acd4e80743dcd79ad53a2f97efff775cc
2026-01-04T15:50:37,1767559837,TRADE,BUY,Down,30,0.32,9.6,"Bitcoin Up or Down - January 4, 3:45PM-4:00PM ET",btc-updown-15m-1767559500,0x7f2710975c1bdfc4511dc3c327cfe7ee7d7b5c2fe64980181ee74341a2d54462,1557301465141604810551338910140925132332991566065957875071399401478651888971,1,0xdb53708a1b0bb8bea9159a5644a40e7002b794517c3f50e7ccf271bba1e26970
2026-01-04T15:50:37,1767559837,TRADE,BUY,Down,30,0.32,9.6,"Bitcoin Up or Down - January 4, 3:45PM-4:00PM ET",btc-updown-15m-1767559500,0x7f2710975c1bdfc4511dc3c327cfe7ee7d7b5c2fe64980181ee74341a2d54462,1557301465141604810551338910140925132332991566065957875071399401478651888971,1,0xdb53708a1b0bb8bea9159a5644a40e7002b794517c3f50e7ccf271bba1e26970
2026-01-04T15:50:37,1767559837,TRADE,BUY,Down,30,0.32,9.6,"Bitcoin Up or Down - January 4, 3:45PM-4:00PM ET",btc-updown-15m-1767559500,0x7f2710975c1bdfc4511dc3c327cfe7ee7d7b5c2fe64980181ee74341a2d54462,1557301465141604810551338910140925132332991566065957875071399401478651888971,1,0xdb53708a1b0bb8bea9159a5644a40e7002b794517c3f50e7ccf271bba1e26970
2026-01-04T15:50:37,1767559837,TRADE,BUY,Down,30,0.32,9.6,"Bitcoin Up or Down - January 4, 3:45PM-4:00PM ET",btc-updown-15m-1767559500,0x7f2710975c1bdfc4511dc3c327cfe7ee7d7b5c2fe64980181ee74341a2d54462,1557301465141604810551338910140925132332991566065957875071399401478651888971,1,0xdb53708a1b0bb8bea9159a5644a40e7002b794517c3f50e7ccf271bba1e26970
2026-01-04T15:50:37,1767559837,TRADE,BUY,Up,16,0.66,10.56,"Ethereum Up or Down - January 4, 3:45PM-4:00PM ET",eth-updown-15m-1767559500,0x42f75a06062b9e4ce2317fddff0da35adbcb27396a1da62822a2c254471d3484,81115282060155343973682629302140588398994460909748445358417739032150121928748,0,0xd158445f616c46d5dddfd5827cbefef4bd1bd0a6d0e5792e10d717cadccfac7f
2026-01-04T15:50:37,1767559837,TRADE,BUY,Down,2.16,0.32,0.6912,"Bitcoin Up or Down - January 4, 3:45PM-4:00PM ET",btc-updown-15m-1767559500,0x7f2710975c1bdfc4511dc3c327cfe7ee7d7b5c2fe64980181ee74341a2d54462,1557301465141604810551338910140925132332991566065957875071399401478651888971,1,0x178f20c26a6040c85a725c22e1397499774f156890a2b9001a92e3aed6148ce5
2026-01-04T15:50:35,1767559835,TRADE,BUY,Up,16,0.656875,10.51,"Ethereum Up or Down - January 4, 3:45PM-4:00PM ET",eth-updown-15m-1767559500,0x42f75a06062b9e4ce2317fddff0da35adbcb27396a1da62822a2c254471d3484,81115282060155343973682629302140588398994460909748445358417739032150121928748,0,0xa137ce259391d88f8aaa546d35aa1d67d77919db548f11abe8f6788a6555a2b1
2026-01-04T15:50:35,1767559835,TRADE,BUY,Up,16,0.66,10.56,"Ethereum Up or Down - January 4, 3:45PM-4:00PM ET",eth-updown-15m-1767559500,0x42f75a06062b9e4ce2317fddff0da35adbcb27396a1da62822a2c254471d3484,81115282060155343973682629302140588398994460909748445358417739032150121928748,0,0x9d6aec833db177b3f405340dbcf8c9db094c980c39ec4af9796048cf272c0c18
2026-01-04T15:50:35,1767559835,TRADE,BUY,Up,16,0.66,10.56,"Ethereum Up or Down - January 4, 3:45PM-4:00PM ET",eth-updown-15m-1767559500,0x42f75a06062b9e4ce2317fddff0da35adbcb27396a1da62822a2c254471d3484,81115282060155343973682629302140588398994460909748445358417739032150121928748,0,0x34ebb90e561701747675c3258b057cfd3cd5111768da1778c6f6a1d942b197b7
2026-01-04T15:50:35,1767559835,TRADE,BUY,Up,2.69,0.66,1.7754,"Ethereum Up or Down - January 4, 3:45PM-4:00PM ET",eth-updown-15m-1767559500,0x42f75a06062b9e4ce2317fddff0da35adbcb27396a1da62822a2c254471d3484,81115282060155343973682629302140588398994460909748445358417739032150121928748,0,0x55bb87ebf1468563ab290004b714870c9158a387fb040cefc8e384f8ae3a82bb
2026-01-04T15:50:35,1767559835,TRADE,BUY,Up,16,0.66,10.56,"Ethereum Up or Down - January 4, 3:45PM-4:00PM ET",eth-updown-15m-1767559500,0x42f75a06062b9e4ce2317fddff0da35adbcb27396a1da62822a2c254471d3484,81115282060155343973682629302140588398994460909748445358417739032150121928748,0,0x7b49dcb34ad0e0502c70f724bca4558d44c0e846c618d59e6f91a484db99e073
2026-01-04T15:50:35,1767559835,TRADE,BUY,Down,1.23,0.4,0.492,"Bitcoin Up or Down - January 4, 3:45PM-4:00PM ET",btc-updown-15m-1767559500,0x7f2710975c1bdfc4511dc3c327cfe7ee7d7b5c2fe64980181ee74341a2d54462,1557301465141604810551338910140925132332991566065957875071399401478651888971,1,0x3d450faf65b53937447e94c10f316d8174b54f7764847acdff155ce247cfa8eb
2026-01-04T15:50:35,1767559835,TRADE,BUY,Down,28.77,0.4,11.508,"Bitcoin Up or Down - January 4, 3:45PM-4:00PM ET",btc-updown-15m-1767559500,0x7f2710975c1bdfc4511dc3c327cfe7ee7d7b5c2fe64980181ee74341a2d54462,1557301465141604810551338910140925132332991566065957875071399401478651888971,1,0x7a8a2506627397602164cf676525d7cd7db592ec68abe20b43283c626876dc83
2026-01-04T15:50:33,1767559833,TRADE,BUY,Down,16,0.41,6.56,"Bitcoin Up or Down - January 4, 3:45PM-4:00PM ET",btc-updown-15m-1767559500,0x7f2710975c1bdfc4511dc3c327cfe7ee7d7b5c2fe64980181ee74341a2d54462,1557301465141604810551338910140925132332991566065957875071399401478651888971,1,0xe15e980f3a1ceba11f69b9d5c684c13f496ac08a229e779f3214b9ee92a952be
2026-01-04T15:50:33,1767559833,TRADE,BUY,Down,5,0.41,2.05,"Bitcoin Up or Down - January 4, 3:45PM-4:00PM ET",btc-updown-15m-1767559500,0x7f2710975c1bdfc4511dc3c327cfe7ee7d7b5c2fe64980181ee74341a2d54462,1557301465141604810551338910140925132332991566065957875071399401478651888971,1,0x579f89541b1243629677ca7d75f538e4737db085348008f8e5d03f243501f5ea
2026-01-04T15:50:33,1767559833,TRADE,BUY,Down,5.9,0.41,2.419,"Bitcoin Up or Down - January 4, 3:45PM-4:00PM ET",btc-updown-15m-1767559500,0x7f2710975c1bdfc4511dc3c327cfe7ee7d7b5c2fe64980181ee74341a2d54462,1557301465141604810551338910140925132332991566065957875071399401478651888971,1,0xdae2ffa9e340e326edf87d677adbe529aa5b4811c95c018d2fa999bf5ce4e421
2026-01-04T15:50:33,1767559833,TRADE,BUY,Down,3.1,0.41,1.271,"Bitcoin Up or Down - January 4, 3:45PM-4:00PM ET",btc-updown-15m-1767559500,0x7f2710975c1bdfc4511dc3c327cfe7ee7d7b5c2fe64980181ee74341a2d54462,1557301465141604810551338910140925132332991566065957875071399401478651888971,1,0xc1def27d00884fc147151c0595c6b68e0a78be9cc2047eaaa29d58c5fb4caab2
2026-01-04T15:50:33,1767559833,TRADE,BUY,Down,30,0.41,12.3,"Bitcoin Up or Down - January 4, 3:45PM-4:00PM ET",btc-updown-15m-1767559500,0x7f2710975c1bdfc4511dc3c327cfe7ee7d7b5c2fe64980181ee74341a2d54462,1557301465141604810551338910140925132332991566065957875071399401478651888971,1,0xc1def27d00884fc147151c0595c6b68e0a78be9cc2047eaaa29d58c5fb4caab2
2026-01-04T15:50:27,1767559827,TRADE,BUY,Up,5,0.59,2.95,"Bitcoin Up or Down - January 4, 3:45PM-4:00PM ET",btc-updown-15m-1767559500,0x7f2710975c1bdfc4511dc3c327cfe7ee7d7b5c2fe64980181ee74341a2d54462,92170632673932098697839181910966056567672220619206304588775032640672954886297,0,0x906cfe85b38f588c2b1ed3c9acb26d39b78fc4c7ecded0d77b8253b0a714b000
2026-01-04T15:50:25,1767559825,TRADE,BUY,Up,25,0.6,15,"Bitcoin Up or Down - January 4, 3:45PM-4:00PM ET",btc-updown-15m-1767559500,0x7f2710975c1bdfc4511dc3c327cfe7ee7d7b5c2fe64980181ee74341a2d54462,92170632673932098697839181910966056567672220619206304588775032640672954886297,0,0xffc15fbaeecfa0e915e402d0eddf8a5a15de448e906d25647b54a7b46c35ff05
2026-01-04T15:50:25,1767559825,TRADE,BUY,Up,30,0.59,17.7,"Bitcoin Up or Down - January 4, 3:45PM-4:00PM ET",btc-updown-15m-1767559500,0x7f2710975c1bdfc4511dc3c327cfe7ee7d7b5c2fe64980181ee74341a2d54462,92170632673932098697839181910966056567672220619206304588775032640672954886297,0,0x1807c3c5a645e2f3be464443bf5bf151bc8d8556cd7263a48a62e04e70a0e561
2026-01-04T15:50:25,1767559825,TRADE,BUY,Up,30,0.59,17.7,"Bitcoin Up or Down - January 4, 3:45PM-4:00PM ET",btc-updown-15m-1767559500,0x7f2710975c1bdfc4511dc3c327cfe7ee7d7b5c2fe64980181ee74341a2d54462,92170632673932098697839181910966056567672220619206304588775032640672954886297,0,0x1807c3c5a645e2f3be464443bf5bf151bc8d8556cd7263a48a62e04e70a0e561
2026-01-04T15:50:25,1767559825,TRADE,BUY,Up,30,0.59,17.7,"Bitcoin Up or Down - January 4, 3:45PM-4:00PM ET",btc-updown-15m-1767559500,0x7f2710975c1bdfc4511dc3c327cfe7ee7d7b5c2fe64980181ee74341a2d54462,92170632673932098697839181910966056567672220619206304588775032640672954886297,0,0x1807c3c5a645e2f3be464443bf5bf151bc8d8556cd7263a48a62e04e70a0e561
2026-01-04T15:50:25,1767559825,TRADE,BUY,Up,5,0.6,3,"Bitcoin Up or Down - January 4, 3:45PM-4:00PM ET",btc-updown-15m-1767559500,0x7f2710975c1bdfc4511dc3c327cfe7ee7d7b5c2fe64980181ee74341a2d54462,92170632673932098697839181910966056567672220619206304588775032640672954886297,0,0xfc42b68f6523ab415bf5bd1306a26a56b1231a504c55078ddb1970bb3d311181
2026-01-04T15:50:25,1767559825,TRADE,BUY,Up,30,0.59,17.7,"Bitcoin Up or Down - January 4, 3:45PM-4:00PM ET",btc-updown-15m-1767559500,0x7f2710975c1bdfc4511dc3c327cfe7ee7d7b5c2fe64980181ee74341a2d54462,92170632673932098697839181910966056567672220619206304588775032640672954886297,0,0x9be4010be28bb7cac6f77a6a87f553a4c803578a2d43fcbf5e8bc980a27e6854
2026-01-04T15:50:25,1767559825,TRADE,BUY,Up,30,0.59,17.7,"Bitcoin Up or Down - January 4, 3:45PM-4:00PM ET",btc-updown-15m-1767559500,0x7f2710975c1bdfc4511dc3c327cfe7ee7d7b5c2fe64980181ee74341a2d54462,92170632673932098697839181910966056567672220619206304588775032640672954886297,0,0x9be4010be28bb7cac6f77a6a87f553a4c803578a2d43fcbf5e8bc980a27e6854
2026-01-04T15:50:23,1767559823,TRADE,BUY,Up,12.4,0.65,8.06,"Ethereum Up or Down - January 4, 3:45PM-4:00PM ET",eth-updown-15m-1767559500,0x42f75a06062b9e4ce2317fddff0da35adbcb27396a1da62822a2c254471d3484,81115282060155343973682629302140588398994460909748445358417739032150121928748,0,0x3978562e70828fb4032c398f7f82ccc85116304229fa1f10d3262dbd93529fbb
2026-01-04T15:50:23,1767559823,TRADE,BUY,Up,5.97,0.59,3.5223,"Bitcoin Up or Down - January 4, 3:45PM-4:00PM ET",btc-updown-15m-1767559500,0x7f2710975c1bdfc4511dc3c327cfe7ee7d7b5c2fe64980181ee74341a2d54462,92170632673932098697839181910966056567672220619206304588775032640672954886297,0,0x24d2230d80b5048b1fffac3a961c57174eb5569795687ba95c27cc4b3841377e
2026-01-04T15:50:21,1767559821,TRADE,BUY,Down,16,0.36,5.76,"Ethereum Up or Down - January 4, 3:45PM-4:00PM ET",eth-updown-15m-1767559500,0x42f75a06062b9e4ce2317fddff0da35adbcb27396a1da62822a2c254471d3484,98991642164318449849799255365709672842977763882942243995673937893038856560011,1,0x9ff9f15ee347b2ba61913ce390a559f445f98fd64e76e6f1183105209215b028
2026-01-04T15:50:21,1767559821,TRADE,BUY,Down,16,0.36,5.76,"Ethereum Up or Down - January 4, 3:45PM-4:00PM ET",eth-updown-15m-1767559500,0x42f75a06062b9e4ce2317fddff0da35adbcb27396a1da62822a2c254471d3484,98991642164318449849799255365709672842977763882942243995673937893038856560011,1,0x9ff9f15ee347b2ba61913ce390a559f445f98fd64e76e6f1183105209215b028
2026-01-04T15:50:21,1767559821,TRADE,BUY,Down,16,0.36,5.76,"Ethereum Up or Down - January 4, 3:45PM-4:00PM ET",eth-updown-15m-1767559500,0x42f75a06062b9e4ce2317fddff0da35adbcb27396a1da62822a2c254471d3484,98991642164318449849799255365709672842977763882942243995673937893038856560011,1,0x9ff9f15ee347b2ba61913ce390a559f445f98fd64e76e6f1183105209215b028
2026-01-04T15:50:21,1767559821,TRADE,BUY,Down,16,0.36,5.76,"Ethereum Up or Down - January 4, 3:45PM-4:00PM ET",eth-updown-15m-1767559500,0x42f75a06062b9e4ce2317fddff0da35adbcb27396a1da62822a2c254471d3484,98991642164318449849799255365709672842977763882942243995673937893038856560011,1,0x9ff9f15ee347b2ba61913ce390a559f445f98fd64e76e6f1183105209215b028
2026-01-04T15:50:21,1767559821,TRADE,BUY,Down,16,0.36,5.76,"Ethereum Up or Down - January 4, 3:45PM-4:00PM ET",eth-updown-15m-1767559500,0x42f75a06062b9e4ce2317fddff0da35adbcb27396a1da62822a2c254471d3484,98991642164318449849799255365709672842977763882942243995673937893038856560011,1,0x9ff9f15ee347b2ba61913ce390a559f445f98fd64e76e6f1183105209215b028
2026-01-04T15:50:21,1767559821,TRADE,BUY,Down,16,0.42,6.72,"Ethereum Up or Down - January 4, 3:45PM-4:00PM ET",eth-updown-15m-1767559500,0x42f75a06062b9e4ce2317fddff0da35adbcb27396a1da62822a2c254471d3484,98991642164318449849799255365709672842977763882942243995673937893038856560011,1,0xd37911f7ec2f2d4c6826d1753a6aa642996c2e9c41ea40ab6a36a2a219d5ab03
2026-01-04T15:50:21,1767559821,TRADE,BUY,Down,9.452066,0.4200000296231533,3.969868,"Ethereum Up or Down - January 4, 3:45PM-4:00PM ET",eth-updown-15m-1767559500,0x42f75a06062b9e4ce2317fddff0da35adbcb27396a1da62822a2c254471d3484,98991642164318449849799255365709672842977763882942243995673937893038856560011,1,0xd37911f7ec2f2d4c6826d1753a6aa642996c2e9c41ea40ab6a36a2a219d5ab03
2026-01-04T15:50:15,1767559815,TRADE,BUY,Up,16,0.57,9.12,"Ethereum Up or Down - January 4, 3:45PM-4:00PM ET",eth-updown-15m-1767559500,0x42f75a06062b9e4ce2317fddff0da35adbcb27396a1da62822a2c254471d3484,81115282060155343973682629302140588398994460909748445358417739032150121928748,0,0x657a042175f81ffca039a274cc5f2b1553f8c23fba9653b6928af62eada0ca81
2026-01-04T15:50:11,1767559811,TRADE,BUY,Up,9.34,0.5,4.67,"Bitcoin Up or Down - January 4, 3:45PM-4:00PM ET",btc-updown-15m-1767559500,0x7f2710975c1bdfc4511dc3c327cfe7ee7d7b5c2fe64980181ee74341a2d54462,92170632673932098697839181910966056567672220619206304588775032640672954886297,0,0x531dcc002ebab53ac5f2783d61a4e2eadfbbe53077dfcfbbbd21375a0094665f
2026-01-04T15:50:11,1767559811,TRADE,BUY,Up,9.22,0.5,4.61,"Bitcoin Up or Down - January 4, 3:45PM-4:00PM ET",btc-updown-15m-1767559500,0x7f2710975c1bdfc4511dc3c327cfe7ee7d7b5c2fe64980181ee74341a2d54462,92170632673932098697839181910966056567672220619206304588775032640672954886297,0,0x9e1dbc9e6b6b4ea512cba043ab55a8d6a289c0ba2fa1282dbac4235eb82689a0
2026-01-04T15:50:11,1767559811,TRADE,BUY,Up,11.44,0.5,5.72,"Bitcoin Up or Down - January 4, 3:45PM-4:00PM ET",btc-updown-15m-1767559500,0x7f2710975c1bdfc4511dc3c327cfe7ee7d7b5c2fe64980181ee74341a2d54462,92170632673932098697839181910966056567672220619206304588775032640672954886297,0,0x2cd053413d92ac6ba3bb1e04b4010cf4d1d57ca2a9e6ca2afe63a33a848c7f72
2026-01-04T15:50:07,1767559807,TRADE,BUY,Down,30,0.55,16.5,"Bitcoin Up or Down - January 4, 3:45PM-4:00PM ET",btc-updown-15m-1767559500,0x7f2710975c1bdfc4511dc3c327cfe7ee7d7b5c2fe64980181ee74341a2d54462,1557301465141604810551338910140925132332991566065957875071399401478651888971,1,0x14c094f7f8bcd9609979e62c8b8a586ed1a1cad866ab4bb4907b642b3cb7d4e2
2026-01-04T15:50:07,1767559807,TRADE,BUY,Down,21.51,0.55,11.8305,"Bitcoin Up or Down - January 4, 3:45PM-4:00PM ET",btc-updown-15m-1767559500,0x7f2710975c1bdfc4511dc3c327cfe7ee7d7b5c2fe64980181ee74341a2d54462,1557301465141604810551338910140925132332991566065957875071399401478651888971,1,0x14c094f7f8bcd9609979e62c8b8a586ed1a1cad866ab4bb4907b642b3cb7d4e2
2026-01-04T15:50:07,1767559807,TRADE,BUY,Down,16,0.46,7.36,"Ethereum Up or Down - January 4, 3:45PM-4:00PM ET",eth-updown-15m-1767559500,0x42f75a06062b9e4ce2317fddff0da35adbcb27396a1da62822a2c254471d3484,98991642164318449849799255365709672842977763882942243995673937893038856560011,1,0x48e3adf01209d459ef94cc38b404b3203c3f157d41d45d32a88dc46b57e8438e
2026-01-04T15:50:07,1767559807,TRADE,BUY,Down,16,0.46,7.36,"Ethereum Up or Down - January 4, 3:45PM-4:00PM ET",eth-updown-15m-1767559500,0x42f75a06062b9e4ce2317fddff0da35adbcb27396a1da62822a2c254471d3484,98991642164318449849799255365709672842977763882942243995673937893038856560011,1,0x48e3adf01209d459ef94cc38b404b3203c3f157d41d45d32a88dc46b57e8438e
2026-01-04T15:50:07,1767559807,TRADE,BUY,Down,16,0.46,7.36,"Ethereum Up or Down - January 4, 3:45PM-4:00PM ET",eth-updown-15m-1767559500,0x42f75a06062b9e4ce2317fddff0da35adbcb27396a1da62822a2c254471d3484,98991642164318449849799255365709672842977763882942243995673937893038856560011,1,0x48e3adf01209d459ef94cc38b404b3203c3f157d41d45d32a88dc46b57e8438e
2026-01-04T15:50:07,1767559807,TRADE,BUY,Down,16,0.46,7.36,"Ethereum Up or Down - January 4, 3:45PM-4:00PM ET",eth-updown-15m-1767559500,0x42f75a06062b9e4ce2317fddff0da35adbcb27396a1da62822a2c254471d3484,98991642164318449849799255365709672842977763882942243995673937893038856560011,1,0x48e3adf01209d459ef94cc38b404b3203c3f157d41d45d32a88dc46b57e8438e
2026-01-04T15:50:07,1767559807,TRADE,BUY,Down,16,0.46,7.36,"Ethereum Up or Down - January 4, 3:45PM-4:00PM ET",eth-updown-15m-1767559500,0x42f75a06062b9e4ce2317fddff0da35adbcb27396a1da62822a2c254471d3484,98991642164318449849799255365709672842977763882942243995673937893038856560011,1,0x48e3adf01209d459ef94cc38b404b3203c3f157d41d45d32a88dc46b57e8438e
2026-01-04T15:50:07,1767559807,TRADE,BUY,Down,30,0.54,16.2,"Bitcoin Up or Down - January 4, 3:45PM-4:00PM ET",btc-updown-15m-1767559500,0x7f2710975c1bdfc4511dc3c327cfe7ee7d7b5c2fe64980181ee74341a2d54462,1557301465141604810551338910140925132332991566065957875071399401478651888971,1,0x5d32562cf452249ff234005cbc20c4f01a109e18fad3afc0fc8fb889d7d1ffc9
2026-01-04T15:50:07,1767559807,TRADE,BUY,Down,4.75,0.54,2.565,"Bitcoin Up or Down - January 4, 3:45PM-4:00PM ET",btc-updown-15m-1767559500,0x7f2710975c1bdfc4511dc3c327cfe7ee7d7b5c2fe64980181ee74341a2d54462,1557301465141604810551338910140925132332991566065957875071399401478651888971,1,0x5d32562cf452249ff234005cbc20c4f01a109e18fad3afc0fc8fb889d7d1ffc9
2026-01-04T15:50:07,1767559807,TRADE,BUY,Down,30,0.51,15.3,"Bitcoin Up or Down - January 4, 3:45PM-4:00PM ET",btc-updown-15m-1767559500,0x7f2710975c1bdfc4511dc3c327cfe7ee7d7b5c2fe64980181ee74341a2d54462,1557301465141604810551338910140925132332991566065957875071399401478651888971,1,0xb4fdb4e86e5a93ac47ddd62db41f1a852164f087597e4be4c329e64826d0faf5
2026-01-04T15:50:07,1767559807,TRADE,BUY,Down,25.25,0.54,13.635,"Bitcoin Up or Down - January 4, 3:45PM-4:00PM ET",btc-updown-15m-1767559500,0x7f2710975c1bdfc4511dc3c327cfe7ee7d7b5c2fe64980181ee74341a2d54462,1557301465141604810551338910140925132332991566065957875071399401478651888971,1,0xf95b2cdf89c86dc28861850d8cb6104a89c90be8c6bad4aca8c88f69cb074232
2026-01-04T15:50:07,1767559807,TRADE,BUY,Down,30,0.56,16.8,"Bitcoin Up or Down - January 4, 3:45PM-4:00PM ET",btc-updown-15m-1767559500,0x7f2710975c1bdfc4511dc3c327cfe7ee7d7b5c2fe64980181ee74341a2d54462,1557301465141604810551338910140925132332991566065957875071399401478651888971,1,0xda8400b99b6783ba18118636ee7b71abe78c67b298790d6c86597739132a357a
2026-01-04T15:50:07,1767559807,TRADE,BUY,Down,16,0.45,7.2,"Ethereum Up or Down - January 4, 3:45PM-4:00PM ET",eth-updown-15m-1767559500,0x42f75a06062b9e4ce2317fddff0da35adbcb27396a1da62822a2c254471d3484,98991642164318449849799255365709672842977763882942243995673937893038856560011,1,0x488df0da008e5abd88c78e849d30c75d9a772f440222440386e466d0a8dbd266
2026-01-04T15:50:07,1767559807,TRADE,BUY,Down,16,0.45,7.2,"Ethereum Up or Down - January 4, 3:45PM-4:00PM ET",eth-updown-15m-1767559500,0x42f75a06062b9e4ce2317fddff0da35adbcb27396a1da62822a2c254471d3484,98991642164318449849799255365709672842977763882942243995673937893038856560011,1,0x488df0da008e5abd88c78e849d30c75d9a772f440222440386e466d0a8dbd266
2026-01-04T15:50:07,1767559807,TRADE,BUY,Down,16,0.45,7.2,"Ethereum Up or Down - January 4, 3:45PM-4:00PM ET",eth-updown-15m-1767559500,0x42f75a06062b9e4ce2317fddff0da35adbcb27396a1da62822a2c254471d3484,98991642164318449849799255365709672842977763882942243995673937893038856560011,1,0x488df0da008e5abd88c78e849d30c75d9a772f440222440386e466d0a8dbd266
2026-01-04T15:50:07,1767559807,TRADE,BUY,Down,8.49,0.55,4.6695,"Bitcoin Up or Down - January 4, 3:45PM-4:00PM ET",btc-updown-15m-1767559500,0x7f2710975c1bdfc4511dc3c327cfe7ee7d7b5c2fe64980181ee74341a2d54462,1557301465141604810551338910140925132332991566065957875071399401478651888971,1,0xf72e4dc2a8cf9f1a02b3d2f5a39ee6ac135ac4d1f8116b0b650eccdd2ac64dbf
2026-01-04T15:50:07,1767559807,TRADE,BUY,Down,30,0.55,16.5,"Bitcoin Up or Down - January 4, 3:45PM-4:00PM ET",btc-updown-15m-1767559500,0x7f2710975c1bdfc4511dc3c327cfe7ee7d7b5c2fe64980181ee74341a2d54462,1557301465141604810551338910140925132332991566065957875071399401478651888971,1,0xf72e4dc2a8cf9f1a02b3d2f5a39ee6ac135ac4d1f8116b0b650eccdd2ac64dbf
2026-01-04T15:50:07,1767559807,TRADE,BUY,Down,30,0.55,16.5,"Bitcoin Up or Down - January 4, 3:45PM-4:00PM ET",btc-updown-15m-1767559500,0x7f2710975c1bdfc4511dc3c327cfe7ee7d7b5c2fe64980181ee74341a2d54462,1557301465141604810551338910140925132332991566065957875071399401478651888971,1,0xf72e4dc2a8cf9f1a02b3d2f5a39ee6ac135ac4d1f8116b0b650eccdd2ac64dbf
2026-01-04T15:50:01,1767559801,TRADE,BUY,Up,16,0.46,7.36,"Ethereum Up or Down - January 4, 3:45PM-4:00PM ET",eth-updown-15m-1767559500,0x42f75a06062b9e4ce2317fddff0da35adbcb27396a1da62822a2c254471d3484,81115282060155343973682629302140588398994460909748445358417739032150121928748,0,0xe0b705f76d472c5410133e0329ff095398de41e227d7e5bc125bfb01962ea3e2
2026-01-04T15:50:01,1767559801,TRADE,BUY,Up,16,0.46,7.36,"Ethereum Up or Down - January 4, 3:45PM-4:00PM ET",eth-updown-15m-1767559500,0x42f75a06062b9e4ce2317fddff0da35adbcb27396a1da62822a2c254471d3484,81115282060155343973682629302140588398994460909748445358417739032150121928748,0,0xe0b705f76d472c5410133e0329ff095398de41e227d7e5bc125bfb01962ea3e2
2026-01-04T15:50:01,1767559801,TRADE,BUY,Up,16,0.46,7.36,"Ethereum Up or Down - January 4, 3:45PM-4:00PM ET",eth-updown-15m-1767559500,0x42f75a06062b9e4ce2317fddff0da35adbcb27396a1da62822a2c254471d3484,81115282060155343973682629302140588398994460909748445358417739032150121928748,0,0xe0b705f76d472c5410133e0329ff095398de41e227d7e5bc125bfb01962ea3e2
2026-01-04T15:50:01,1767559801,TRADE,BUY,Up,16,0.46,7.36,"Ethereum Up or Down - January 4, 3:45PM-4:00PM ET",eth-updown-15m-1767559500,0x42f75a06062b9e4ce2317fddff0da35adbcb27396a1da62822a2c254471d3484,81115282060155343973682629302140588398994460909748445358417739032150121928748,0,0xe0b705f76d472c5410133e0329ff095398de41e227d7e5bc125bfb01962ea3e2
2026-01-04T15:50:01,1767559801,TRADE,BUY,Up,16,0.46,7.36,"Ethereum Up or Down - January 4, 3:45PM-4:00PM ET",eth-updown-15m-1767559500,0x42f75a06062b9e4ce2317fddff0da35adbcb27396a1da62822a2c254471d3484,81115282060155343973682629302140588398994460909748445358417739032150121928748,0,0xe0b705f76d472c5410133e0329ff095398de41e227d7e5bc125bfb01962ea3e2
2026-01-04T15:49:49,1767559789,TRADE,BUY,Up,5.27,0.4,2.108,"Bitcoin Up or Down - January 4, 3:45PM-4:00PM ET",btc-updown-15m-1767559500,0x7f2710975c1bdfc4511dc3c327cfe7ee7d7b5c2fe64980181ee74341a2d54462,92170632673932098697839181910966056567672220619206304588775032640672954886297,0,0x6d0381eb01e4a25584f727c0c7da42de029187ed07687586665a9a464687fd9e
2026-01-04T15:49:49,1767559789,TRADE,BUY,Up,24.73,0.4,9.892,"Bitcoin Up or Down - January 4, 3:45PM-4:00PM ET",btc-updown-15m-1767559500,0x7f2710975c1bdfc4511dc3c327cfe7ee7d7b5c2fe64980181ee74341a2d54462,92170632673932098697839181910966056567672220619206304588775032640672954886297,0,0xa21dc4dd0b9c9cbf8700047dd687a664e6106d90f19a55beb14669c0b5561b17
2026-01-04T15:49:49,1767559789,TRADE,BUY,Up,30,0.4,12,"Bitcoin Up or Down - January 4, 3:45PM-4:00PM ET",btc-updown-15m-1767559500,0x7f2710975c1bdfc4511dc3c327cfe7ee7d7b5c2fe64980181ee74341a2d54462,92170632673932098697839181910966056567672220619206304588775032640672954886297,0,0xa21dc4dd0b9c9cbf8700047dd687a664e6106d90f19a55beb14669c0b5561b17
2026-01-04T15:49:49,1767559789,TRADE,BUY,Up,30,0.4,12,"Bitcoin Up or Down - January 4, 3:45PM-4:00PM ET",btc-updown-15m-1767559500,0x7f2710975c1bdfc4511dc3c327cfe7ee7d7b5c2fe64980181ee74341a2d54462,92170632673932098697839181910966056567672220619206304588775032640672954886297,0,0xa21dc4dd0b9c9cbf8700047dd687a664e6106d90f19a55beb14669c0b5561b17
2026-01-04T15:49:49,1767559789,TRADE,BUY,Up,30,0.4,12,"Bitcoin Up or Down - January 4, 3:45PM-4:00PM ET",btc-updown-15m-1767559500,0x7f2710975c1bdfc4511dc3c327cfe7ee7d7b5c2fe64980181ee74341a2d54462,92170632673932098697839181910966056567672220619206304588775032640672954886297,0,0xa21dc4dd0b9c9cbf8700047dd687a664e6106d90f19a55beb14669c0b5561b17
2026-01-04T15:49:49,1767559789,TRADE,BUY,Up,5.27,0.4,2.108,"Bitcoin Up or Down - January 4, 3:45PM-4:00PM ET",btc-updown-15m-1767559500,0x7f2710975c1bdfc4511dc3c327cfe7ee7d7b5c2fe64980181ee74341a2d54462,92170632673932098697839181910966056567672220619206304588775032640672954886297,0,0xa21dc4dd0b9c9cbf8700047dd687a664e6106d90f19a55beb14669c0b5561b17
2026-01-04T15:49:49,1767559789,TRADE,BUY,Up,24.73,0.4,9.892,"Bitcoin Up or Down - January 4, 3:45PM-4:00PM ET",btc-updown-15m-1767559500,0x7f2710975c1bdfc4511dc3c327cfe7ee7d7b5c2fe64980181ee74341a2d54462,92170632673932098697839181910966056567672220619206304588775032640672954886297,0,0x56d548219ff594da9fa5ac8e64760f77e5c187bd4447a41b555fb4af2d45c6a7
2026-01-04T15:49:49,1767559789,TRADE,BUY,Up,30,0.4,12,"Bitcoin Up or Down - January 4, 3:45PM-4:00PM ET",btc-updown-15m-1767559500,0x7f2710975c1bdfc4511dc3c327cfe7ee7d7b5c2fe64980181ee74341a2d54462,92170632673932098697839181910966056567672220619206304588775032640672954886297,0,0x56d548219ff594da9fa5ac8e64760f77e5c187bd4447a41b555fb4af2d45c6a7
2026-01-04T15:49:47,1767559787,TRADE,BUY,Up,5.18,0.38,1.9684,"Bitcoin Up or Down - January 4, 3:45PM-4:00PM ET",btc-updown-15m-1767559500,0x7f2710975c1bdfc4511dc3c327cfe7ee7d7b5c2fe64980181ee74341a2d54462,92170632673932098697839181910966056567672220619206304588775032640672954886297,0,0x779562dd8eb7acdb8c42efd647af227f6f5c11840343b9e64a3d5a56263c7829
2026-01-04T15:49:47,1767559787,TRADE,BUY,Up,0.281289,0.38000063991126565,0.10689,"Bitcoin Up or Down - January 4, 3:45PM-4:00PM ET",btc-updown-15m-1767559500,0x7f2710975c1bdfc4511dc3c327cfe7ee7d7b5c2fe64980181ee74341a2d54462,92170632673932098697839181910966056567672220619206304588775032640672954886297,0,0x32bdb7c931e8e586f7b2ca1f4625962d7efe971339646bf42bf1e5d267742f8a
2026-01-04T15:49:43,1767559783,TRADE,BUY,Down,30,0.6,18,"Bitcoin Up or Down - January 4, 3:45PM-4:00PM ET",btc-updown-15m-1767559500,0x7f2710975c1bdfc4511dc3c327cfe7ee7d7b5c2fe64980181ee74341a2d54462,1557301465141604810551338910140925132332991566065957875071399401478651888971,1,0x336ec2d3de6c1ed1d1ad4655beae9aeeb22e0168fb3e47887079efdb4eb5f0c0
2026-01-04T15:49:39,1767559779,TRADE,BUY,Down,8.765,0.6,5.259,"Bitcoin Up or Down - January 4, 3:45PM-4:00PM ET",btc-updown-15m-1767559500,0x7f2710975c1bdfc4511dc3c327cfe7ee7d7b5c2fe64980181ee74341a2d54462,1557301465141604810551338910140925132332991566065957875071399401478651888971,1,0x951d24864445e465a6f311ae6a2b5518f23ca0056dda72656313b4ca4e2e8add
2026-01-04T15:49:39,1767559779,TRADE,BUY,Down,11.1,0.6,6.66,"Bitcoin Up or Down - January 4, 3:45PM-4:00PM ET",btc-updown-15m-1767559500,0x7f2710975c1bdfc4511dc3c327cfe7ee7d7b5c2fe64980181ee74341a2d54462,1557301465141604810551338910140925132332991566065957875071399401478651888971,1,0xac4819274b0fc3478e008c0687cade38fc66b9f298434f5c080a6e738d8930c8
2026-01-04T15:49:37,1767559777,TRADE,BUY,Up,1.612902,0.38000014880011307,0.612903,"Bitcoin Up or Down - January 4, 3:45PM-4:00PM ET",btc-updown-15m-1767559500,0x7f2710975c1bdfc4511dc3c327cfe7ee7d7b5c2fe64980181ee74341a2d54462,92170632673932098697839181910966056567672220619206304588775032640672954886297,0,0x3c6070d9d3186da4766c39060088575f0095c5b08526c530990e3079c896fe31
2026-01-04T15:49:35,1767559775,TRADE,BUY,Up,24.427212,0.3900000131001442,9.526613,"Bitcoin Up or Down - January 4, 3:45PM-4:00PM ET",btc-updown-15m-1767559500,0x7f2710975c1bdfc4511dc3c327cfe7ee7d7b5c2fe64980181ee74341a2d54462,92170632673932098697839181910966056567672220619206304588775032640672954886297,0,0x523a3df3cb886c8b21a38b5c3324daa9cd193d7669624c45fae6d78e7f0d8746
2026-01-04T15:49:35,1767559775,TRADE,BUY,Up,5.57,0.39,2.1723,"Bitcoin Up or Down - January 4, 3:45PM-4:00PM ET",btc-updown-15m-1767559500,0x7f2710975c1bdfc4511dc3c327cfe7ee7d7b5c2fe64980181ee74341a2d54462,92170632673932098697839181910966056567672220619206304588775032640672954886297,0,0xaf2e9eff3c03580aa7eab6da206d2f8955fbd5e4b50abc72954e7937e110e923
2026-01-04T15:49:33,1767559773,TRADE,BUY,Down,30,0.6,18,"Bitcoin Up or Down - January 4, 3:45PM-4:00PM ET",btc-updown-15m-1767559500,0x7f2710975c1bdfc4511dc3c327cfe7ee7d7b5c2fe64980181ee74341a2d54462,1557301465141604810551338910140925132332991566065957875071399401478651888971,1,0x8fb4a7c19cd9e081b38ba9199cc602d26a150b30e893b4b319dee627970413ad
2026-01-04T15:49:33,1767559773,TRADE,BUY,Down,4,0.6,2.4,"Bitcoin Up or Down - January 4, 3:45PM-4:00PM ET",btc-updown-15m-1767559500,0x7f2710975c1bdfc4511dc3c327cfe7ee7d7b5c2fe64980181ee74341a2d54462,1557301465141604810551338910140925132332991566065957875071399401478651888971,1,0x8fb4a7c19cd9e081b38ba9199cc602d26a150b30e893b4b319dee627970413ad
2026-01-04T15:49:31,1767559771,TRADE,BUY,Down,7.6,0.61,4.636,"Bitcoin Up or Down - January 4, 3:45PM-4:00PM ET",btc-updown-15m-1767559500,0x7f2710975c1bdfc4511dc3c327cfe7ee7d7b5c2fe64980181ee74341a2d54462,1557301465141604810551338910140925132332991566065957875071399401478651888971,1,0xc85fd8eee29e7bd297b7e386edfbe1526d244577888ec0718de0b6db58dcefa2
2026-01-04T15:49:31,1767559771,TRADE,BUY,Down,21.476922,0.610000027005732,13.100923,"Bitcoin Up or Down - January 4, 3:45PM-4:00PM ET",btc-updown-15m-1767559500,0x7f2710975c1bdfc4511dc3c327cfe7ee7d7b5c2fe64980181ee74341a2d54462,1557301465141604810551338910140925132332991566065957875071399401478651888971,1,0xc85fd8eee29e7bd297b7e386edfbe1526d244577888ec0718de0b6db58dcefa2
2026-01-04T15:49:31,1767559771,TRADE,BUY,Down,8.52,0.61,5.1972,"Bitcoin Up or Down - January 4, 3:45PM-4:00PM ET",btc-updown-15m-1767559500,0x7f2710975c1bdfc4511dc3c327cfe7ee7d7b5c2fe64980181ee74341a2d54462,1557301465141604810551338910140925132332991566065957875071399401478651888971,1,0x94d8e2a3350263d6b4c80a5caeb01a7c4d3a7eb098492539cdeea739bc1bc429
2026-01-04T15:49:31,1767559771,TRADE,BUY,Down,28.48,0.61,17.3728,"Bitcoin Up or Down - January 4, 3:45PM-4:00PM ET",btc-updown-15m-1767559500,0x7f2710975c1bdfc4511dc3c327cfe7ee7d7b5c2fe64980181ee74341a2d54462,1557301465141604810551338910140925132332991566065957875071399401478651888971,1,0x94d8e2a3350263d6b4c80a5caeb01a7c4d3a7eb098492539cdeea739bc1bc429
2026-01-04T15:49:31,1767559771,TRADE,BUY,Down,1.52,0.61,0.9272,"Bitcoin Up or Down - January 4, 3:45PM-4:00PM ET",btc-updown-15m-1767559500,0x7f2710975c1bdfc4511dc3c327cfe7ee7d7b5c2fe64980181ee74341a2d54462,1557301465141604810551338910140925132332991566065957875071399401478651888971,1,0xc558fb097351d288bf64e0bfe31abc937da8c7c9f6ead2f4734f3da0e4061170
2026-01-04T15:49:29,1767559769,TRADE,BUY,Down,30,0.61,18.3,"Bitcoin Up or Down - January 4, 3:45PM-4:00PM ET",btc-updown-15m-1767559500,0x7f2710975c1bdfc4511dc3c327cfe7ee7d7b5c2fe64980181ee74341a2d54462,1557301465141604810551338910140925132332991566065957875071399401478651888971,1,0xa14288e1e7eb099ffab21f6f992893a43efd3996e233eb854793d8d609e99a88
2026-01-04T15:49:29,1767559769,TRADE,BUY,Down,30,0.61,18.3,"Bitcoin Up or Down - January 4, 3:45PM-4:00PM ET",btc-updown-15m-1767559500,0x7f2710975c1bdfc4511dc3c327cfe7ee7d7b5c2fe64980181ee74341a2d54462,1557301465141604810551338910140925132332991566065957875071399401478651888971,1,0xa14288e1e7eb099ffab21f6f992893a43efd3996e233eb854793d8d609e99a88
2026-01-04T15:49:29,1767559769,TRADE,BUY,Down,22.4,0.61,13.664,"Bitcoin Up or Down - January 4, 3:45PM-4:00PM ET",btc-updown-15m-1767559500,0x7f2710975c1bdfc4511dc3c327cfe7ee7d7b5c2fe64980181ee74341a2d54462,1557301465141604810551338910140925132332991566065957875071399401478651888971,1,0xa14288e1e7eb099ffab21f6f992893a43efd3996e233eb854793d8d609e99a88
2026-01-04T15:49:27,1767559767,TRADE,BUY,Up,2.46,0.37,0.9102,"Bitcoin Up or Down - January 4, 3:45PM-4:00PM ET",btc-updown-15m-1767559500,0x7f2710975c1bdfc4511dc3c327cfe7ee7d7b5c2fe64980181ee74341a2d54462,92170632673932098697839181910966056567672220619206304588775032640672954886297,0,0x2c6dc5c2bdb5e8f0b02633e687d22e5b678c0dc39a9604c467041ee69e1992e3
2026-01-04T15:49:25,1767559765,TRADE,BUY,Up,30,0.37,11.1,"Bitcoin Up or Down - January 4, 3:45PM-4:00PM ET",btc-updown-15m-1767559500,0x7f2710975c1bdfc4511dc3c327cfe7ee7d7b5c2fe64980181ee74341a2d54462,92170632673932098697839181910966056567672220619206304588775032640672954886297,0,0xec3b35a9100b51323b7d9bdf4c27967e7ba89b9b43dd6edf6bf52a7689d41170
2026-01-04T15:49:25,1767559765,TRADE,BUY,Up,30,0.37,11.1,"Bitcoin Up or Down - January 4, 3:45PM-4:00PM ET",btc-updown-15m-1767559500,0x7f2710975c1bdfc4511dc3c327cfe7ee7d7b5c2fe64980181ee74341a2d54462,92170632673932098697839181910966056567672220619206304588775032640672954886297,0,0xec3b35a9100b51323b7d9bdf4c27967e7ba89b9b43dd6edf6bf52a7689d41170
2026-01-04T15:49:25,1767559765,TRADE,BUY,Up,27.539681,0.3700000010893372,10.189682,"Bitcoin Up or Down - January 4, 3:45PM-4:00PM ET",btc-updown-15m-1767559500,0x7f2710975c1bdfc4511dc3c327cfe7ee7d7b5c2fe64980181ee74341a2d54462,92170632673932098697839181910966056567672220619206304588775032640672954886297,0,0xec3b35a9100b51323b7d9bdf4c27967e7ba89b9b43dd6edf6bf52a7689d41170
2026-01-04T15:49:25,1767559765,TRADE,BUY,Up,30,0.37,11.1,"Bitcoin Up or Down - January 4, 3:45PM-4:00PM ET",btc-updown-15m-1767559500,0x7f2710975c1bdfc4511dc3c327cfe7ee7d7b5c2fe64980181ee74341a2d54462,92170632673932098697839181910966056567672220619206304588775032640672954886297,0,0xec3b35a9100b51323b7d9bdf4c27967e7ba89b9b43dd6edf6bf52a7689d41170
2026-01-04T15:49:25,1767559765,TRADE,BUY,Up,30,0.37,11.1,"Bitcoin Up or Down - January 4, 3:45PM-4:00PM ET",btc-updown-15m-1767559500,0x7f2710975c1bdfc4511dc3c327cfe7ee7d7b5c2fe64980181ee74341a2d54462,92170632673932098697839181910966056567672220619206304588775032640672954886297,0,0xec3b35a9100b51323b7d9bdf4c27967e7ba89b9b43dd6edf6bf52a7689d41170
2026-01-04T15:49:25,1767559765,TRADE,BUY,Up,30,0.37,11.1,"Bitcoin Up or Down - January 4, 3:45PM-4:00PM ET",btc-updown-15m-1767559500,0x7f2710975c1bdfc4511dc3c327cfe7ee7d7b5c2fe64980181ee74341a2d54462,92170632673932098697839181910966056567672220619206304588775032640672954886297,0,0xec3b35a9100b51323b7d9bdf4c27967e7ba89b9b43dd6edf6bf52a7689d41170
2026-01-04T15:49:25,1767559765,TRADE,BUY,Up,30,0.37,11.1,"Bitcoin Up or Down - January 4, 3:45PM-4:00PM ET",btc-updown-15m-1767559500,0x7f2710975c1bdfc4511dc3c327cfe7ee7d7b5c2fe64980181ee74341a2d54462,92170632673932098697839181910966056567672220619206304588775032640672954886297,0,0xec3b35a9100b51323b7d9bdf4c27967e7ba89b9b43dd6edf6bf52a7689d41170
2026-01-04T15:49:23,1767559763,TRADE,BUY,Down,30,0.61,18.3,"Bitcoin Up or Down - January 4, 3:45PM-4:00PM ET",btc-updown-15m-1767559500,0x7f2710975c1bdfc4511dc3c327cfe7ee7d7b5c2fe64980181ee74341a2d54462,1557301465141604810551338910140925132332991566065957875071399401478651888971,1,0x5848581f33f8062c9dc0a22e0472f87aa0703af585de914d71c141342484a80e
2026-01-04T15:49:23,1767559763,TRADE,BUY,Down,30,0.61,18.3,"Bitcoin Up or Down - January 4, 3:45PM-4:00PM ET",btc-updown-15m-1767559500,0x7f2710975c1bdfc4511dc3c327cfe7ee7d7b5c2fe64980181ee74341a2d54462,1557301465141604810551338910140925132332991566065957875071399401478651888971,1,0x5848581f33f8062c9dc0a22e0472f87aa0703af585de914d71c141342484a80e
2026-01-04T15:49:23,1767559763,TRADE,BUY,Down,30,0.61,18.3,"Bitcoin Up or Down - January 4, 3:45PM-4:00PM ET",btc-updown-15m-1767559500,0x7f2710975c1bdfc4511dc3c327cfe7ee7d7b5c2fe64980181ee74341a2d54462,1557301465141604810551338910140925132332991566065957875071399401478651888971,1,0x5848581f33f8062c9dc0a22e0472f87aa0703af585de914d71c141342484a80e
2026-01-04T15:49:23,1767559763,TRADE,BUY,Down,30,0.61,18.3,"Bitcoin Up or Down - January 4, 3:45PM-4:00PM ET",btc-updown-15m-1767559500,0x7f2710975c1bdfc4511dc3c327cfe7ee7d7b5c2fe64980181ee74341a2d54462,1557301465141604810551338910140925132332991566065957875071399401478651888971,1,0xa48e799b1d247d6898d992395b56e1422af077cf59c1a49312c911b21e295785
2026-01-04T15:49:23,1767559763,TRADE,BUY,Down,30,0.61,18.3,"Bitcoin Up or Down - January 4, 3:45PM-4:00PM ET",btc-updown-15m-1767559500,0x7f2710975c1bdfc4511dc3c327cfe7ee7d7b5c2fe64980181ee74341a2d54462,1557301465141604810551338910140925132332991566065957875071399401478651888971,1,0xa48e799b1d247d6898d992395b56e1422af077cf59c1a49312c911b21e295785
2026-01-04T15:49:23,1767559763,TRADE,BUY,Down,30,0.61,18.3,"Bitcoin Up or Down - January 4, 3:45PM-4:00PM ET",btc-updown-15m-1767559500,0x7f2710975c1bdfc4511dc3c327cfe7ee7d7b5c2fe64980181ee74341a2d54462,1557301465141604810551338910140925132332991566065957875071399401478651888971,1,0xa48e799b1d247d6898d992395b56e1422af077cf59c1a49312c911b21e295785
2026-01-04T15:49:23,1767559763,TRADE,BUY,Down,30,0.61,18.3,"Bitcoin Up or Down - January 4, 3:45PM-4:00PM ET",btc-updown-15m-1767559500,0x7f2710975c1bdfc4511dc3c327cfe7ee7d7b5c2fe64980181ee74341a2d54462,1557301465141604810551338910140925132332991566065957875071399401478651888971,1,0xa48e799b1d247d6898d992395b56e1422af077cf59c1a49312c911b21e295785
2026-01-04T15:49:21,1767559761,TRADE,BUY,Up,16,0.46,7.36,"Ethereum Up or Down - January 4, 3:45PM-4:00PM ET",eth-updown-15m-1767559500,0x42f75a06062b9e4ce2317fddff0da35adbcb27396a1da62822a2c254471d3484,81115282060155343973682629302140588398994460909748445358417739032150121928748,0,0x4aeec94660d33f260c0fa67d5d8a31472e6774afebc5fc094ed614341aa13ec3
2026-01-04T15:49:17,1767559757,TRADE,BUY,Down,30,0.62,18.6,"Bitcoin Up or Down - January 4, 3:45PM-4:00PM ET",btc-updown-15m-1767559500,0x7f2710975c1bdfc4511dc3c327cfe7ee7d7b5c2fe64980181ee74341a2d54462,1557301465141604810551338910140925132332991566065957875071399401478651888971,1,0x4670f465e23b552ef1b8d19c9de3bf80f6e53ed970a63b4bcecc040d0b1980b3
2026-01-04T15:49:17,1767559757,TRADE,BUY,Down,30,0.62,18.6,"Bitcoin Up or Down - January 4, 3:45PM-4:00PM ET",btc-updown-15m-1767559500,0x7f2710975c1bdfc4511dc3c327cfe7ee7d7b5c2fe64980181ee74341a2d54462,1557301465141604810551338910140925132332991566065957875071399401478651888971,1,0x4670f465e23b552ef1b8d19c9de3bf80f6e53ed970a63b4bcecc040d0b1980b3
2026-01-04T15:49:13,1767559753,TRADE,BUY,Down,5.05,0.53,2.6765,"Ethereum Up or Down - January 4, 3:45PM-4:00PM ET",eth-updown-15m-1767559500,0x42f75a06062b9e4ce2317fddff0da35adbcb27396a1da62822a2c254471d3484,98991642164318449849799255365709672842977763882942243995673937893038856560011,1,0x0f99dc8264c5f997efa455a94a92a6031128d054af556f982e366b4d6d5bbe9b
2026-01-04T15:49:13,1767559753,TRADE,BUY,Up,30,0.35,10.5,"Bitcoin Up or Down - January 4, 3:45PM-4:00PM ET",btc-updown-15m-1767559500,0x7f2710975c1bdfc4511dc3c327cfe7ee7d7b5c2fe64980181ee74341a2d54462,92170632673932098697839181910966056567672220619206304588775032640672954886297,0,0xb9db0af89646eb1d725aac3988adb5d89b9ee75cb1e2e9846a268d02ff429886
2026-01-04T15:49:11,1767559751,TRADE,BUY,Down,7,0.52,3.64,"Ethereum Up or Down - January 4, 3:45PM-4:00PM ET",eth-updown-15m-1767559500,0x42f75a06062b9e4ce2317fddff0da35adbcb27396a1da62822a2c254471d3484,98991642164318449849799255365709672842977763882942243995673937893038856560011,1,0x0a80ba4d23f5051b026c9796b8c18ff3c7e472e9abb68231b10e46fc59ae4f15
2026-01-04T15:49:11,1767559751,TRADE,BUY,Down,7,0.52,3.64,"Ethereum Up or Down - January 4, 3:45PM-4:00PM ET",eth-updown-15m-1767559500,0x42f75a06062b9e4ce2317fddff0da35adbcb27396a1da62822a2c254471d3484,98991642164318449849799255365709672842977763882942243995673937893038856560011,1,0xf5870ff17513b69d95f6945944eaf3e107e9c087ff5bd084f1c5f286a12b5f05
2026-01-04T15:49:11,1767559751,TRADE,BUY,Up,8.21,0.41,3.3661,"Bitcoin Up or Down - January 4, 3:45PM-4:00PM ET",btc-updown-15m-1767559500,0x7f2710975c1bdfc4511dc3c327cfe7ee7d7b5c2fe64980181ee74341a2d54462,92170632673932098697839181910966056567672220619206304588775032640672954886297,0,0xd80c2edfaeddd6e1573f4e0f06d6ceeb1f6ced4ef35d79691126437bb98b83bb
2026-01-04T15:49:09,1767559749,TRADE,BUY,Up,21.784743,0.4100000169843638,8.931745,"Bitcoin Up or Down - January 4, 3:45PM-4:00PM ET",btc-updown-15m-1767559500,0x7f2710975c1bdfc4511dc3c327cfe7ee7d7b5c2fe64980181ee74341a2d54462,92170632673932098697839181910966056567672220619206304588775032640672954886297,0,0xe776523320c2faf2aea28a1da8f7a8d167932f4c21cef03b5f78f0445c1ee6d9
2026-01-04T15:49:09,1767559749,TRADE,BUY,Down,16,0.52,8.32,"Ethereum Up or Down - January 4, 3:45PM-4:00PM ET",eth-updown-15m-1767559500,0x42f75a06062b9e4ce2317fddff0da35adbcb27396a1da62822a2c254471d3484,98991642164318449849799255365709672842977763882942243995673937893038856560011,1,0x6669f8471c62097c5c2eebbe9028d8545ac933fde875acee4b62dd676d4cf9b9
2026-01-04T15:49:09,1767559749,TRADE,BUY,Down,1.93,0.52,1.0036,"Ethereum Up or Down - January 4, 3:45PM-4:00PM ET",eth-updown-15m-1767559500,0x42f75a06062b9e4ce2317fddff0da35adbcb27396a1da62822a2c254471d3484,98991642164318449849799255365709672842977763882942243995673937893038856560011,1,0x9fd2c2e05e73bb987fd977b4525d49d13d16ead5169999d4ecdf9f5392e5005c
2026-01-04T15:49:07,1767559747,TRADE,BUY,Up,16,0.49,7.84,"Ethereum Up or Down - January 4, 3:45PM-4:00PM ET",eth-updown-15m-1767559500,0x42f75a06062b9e4ce2317fddff0da35adbcb27396a1da62822a2c254471d3484,81115282060155343973682629302140588398994460909748445358417739032150121928748,0,0xa6a661da35d9330d80b23eec67dc3b97e86f58927262a7f04bfda98832582ec9
2026-01-04T15:49:07,1767559747,TRADE,BUY,Down,1.5,0.57,0.855,"Bitcoin Up or Down - January 4, 3:45PM-4:00PM ET",btc-updown-15m-1767559500,0x7f2710975c1bdfc4511dc3c327cfe7ee7d7b5c2fe64980181ee74341a2d54462,1557301465141604810551338910140925132332991566065957875071399401478651888971,1,0xeab37afea64121664e7f52351e02d5065dfdc38a0d0ec2c73dd4ab540e7ebebf
2026-01-04T15:49:05,1767559745,TRADE,BUY,Up,16,0.46,7.36,"Ethereum Up or Down - January 4, 3:45PM-4:00PM ET",eth-updown-15m-1767559500,0x42f75a06062b9e4ce2317fddff0da35adbcb27396a1da62822a2c254471d3484,81115282060155343973682629302140588398994460909748445358417739032150121928748,0,0xf82b68bd66e9f807cfd69748343e85a0a06638ca552dd8bc71684134ea4d8b76
2026-01-04T15:49:05,1767559745,TRADE,BUY,Up,30,0.42,12.6,"Bitcoin Up or Down - January 4, 3:45PM-4:00PM ET",btc-updown-15m-1767559500,0x7f2710975c1bdfc4511dc3c327cfe7ee7d7b5c2fe64980181ee74341a2d54462,92170632673932098697839181910966056567672220619206304588775032640672954886297,0,0x9391b6a9a29da9213a3907d687c5720dd741e345dc810a3f37a342fb38e542d6
2026-01-04T15:49:05,1767559745,TRADE,BUY,Up,30,0.42,12.6,"Bitcoin Up or Down - January 4, 3:45PM-4:00PM ET",btc-updown-15m-1767559500,0x7f2710975c1bdfc4511dc3c327cfe7ee7d7b5c2fe64980181ee74341a2d54462,92170632673932098697839181910966056567672220619206304588775032640672954886297,0,0x9391b6a9a29da9213a3907d687c5720dd741e345dc810a3f37a342fb38e542d6
2026-01-04T15:49:05,1767559745,TRADE,BUY,Up,30,0.42,12.6,"Bitcoin Up or Down - January 4, 3:45PM-4:00PM ET",btc-updown-15m-1767559500,0x7f2710975c1bdfc4511dc3c327cfe7ee7d7b5c2fe64980181ee74341a2d54462,92170632673932098697839181910966056567672220619206304588775032640672954886297,0,0x9391b6a9a29da9213a3907d687c5720dd741e345dc810a3f37a342fb38e542d6
2026-01-04T15:49:05,1767559745,TRADE,BUY,Up,1.243102,0.42000012871027476,0.522103,"Bitcoin Up or Down - January 4, 3:45PM-4:00PM ET",btc-updown-15m-1767559500,0x7f2710975c1bdfc4511dc3c327cfe7ee7d7b5c2fe64980181ee74341a2d54462,92170632673932098697839181910966056567672220619206304588775032640672954886297,0,0x9391b6a9a29da9213a3907d687c5720dd741e345dc810a3f37a342fb38e542d6
2026-01-04T15:49:05,1767559745,TRADE,BUY,Up,16,0.46,7.36,"Ethereum Up or Down - January 4, 3:45PM-4:00PM ET",eth-updown-15m-1767559500,0x42f75a06062b9e4ce2317fddff0da35adbcb27396a1da62822a2c254471d3484,81115282060155343973682629302140588398994460909748445358417739032150121928748,0,0xb5e68b4e2e7c6597e8376f611bda1cc2b87fd95bcb0ba87f571816023b50e6f4
2026-01-04T15:49:05,1767559745,TRADE,BUY,Up,16,0.46,7.36,"Ethereum Up or Down - January 4, 3:45PM-4:00PM ET",eth-updown-15m-1767559500,0x42f75a06062b9e4ce2317fddff0da35adbcb27396a1da62822a2c254471d3484,81115282060155343973682629302140588398994460909748445358417739032150121928748,0,0x602d00c53f852e3e25a32b257d23f642572573a07b1bc73058705c578add80d1
2026-01-04T15:48:55,1767559735,TRADE,BUY,Up,30,0.43,12.9,"Bitcoin Up or Down - January 4, 3:45PM-4:00PM ET",btc-updown-15m-1767559500,0x7f2710975c1bdfc4511dc3c327cfe7ee7d7b5c2fe64980181ee74341a2d54462,92170632673932098697839181910966056567672220619206304588775032640672954886297,0,0xb61632040a216b7b57d09922fa6303559b48b0389c063f325322b28a92743975
2026-01-04T15:48:55,1767559735,TRADE,BUY,Up,30,0.43,12.9,"Bitcoin Up or Down - January 4, 3:45PM-4:00PM ET",btc-updown-15m-1767559500,0x7f2710975c1bdfc4511dc3c327cfe7ee7d7b5c2fe64980181ee74341a2d54462,92170632673932098697839181910966056567672220619206304588775032640672954886297,0,0xb61632040a216b7b57d09922fa6303559b48b0389c063f325322b28a92743975
2026-01-04T15:48:55,1767559735,TRADE,BUY,Up,24,0.43,10.32,"Bitcoin Up or Down - January 4, 3:45PM-4:00PM ET",btc-updown-15m-1767559500,0x7f2710975c1bdfc4511dc3c327cfe7ee7d7b5c2fe64980181ee74341a2d54462,92170632673932098697839181910966056567672220619206304588775032640672954886297,0,0xb61632040a216b7b57d09922fa6303559b48b0389c063f325322b28a92743975
2026-01-04T15:48:53,1767559733,TRADE,BUY,Up,11.6,0.44,5.104,"Bitcoin Up or Down - January 4, 3:45PM-4:00PM ET",btc-updown-15m-1767559500,0x7f2710975c1bdfc4511dc3c327cfe7ee7d7b5c2fe64980181ee74341a2d54462,92170632673932098697839181910966056567672220619206304588775032640672954886297,0,0xf045bf1068bf2a29bd6ce59ac3c1089d8364c0613d9efbfd78b29b2a0717c94c
2026-01-04T15:48:49,1767559729,TRADE,BUY,Down,7.29,0.55,4.0095,"Bitcoin Up or Down - January 4, 3:45PM-4:00PM ET",btc-updown-15m-1767559500,0x7f2710975c1bdfc4511dc3c327cfe7ee7d7b5c2fe64980181ee74341a2d54462,1557301465141604810551338910140925132332991566065957875071399401478651888971,1,0xaedf7d00be39573ab5f732d24736776010ff78b3616c1d136b3127eb27e285c9
2026-01-04T15:48:49,1767559729,TRADE,BUY,Down,16,0.5,8,"Ethereum Up or Down - January 4, 3:45PM-4:00PM ET",eth-updown-15m-1767559500,0x42f75a06062b9e4ce2317fddff0da35adbcb27396a1da62822a2c254471d3484,98991642164318449849799255365709672842977763882942243995673937893038856560011,1,0x363533084086671ec874f459d2843c665f1f9d5a0bce9f2da74961880eb609dc
2026-01-04T15:48:49,1767559729,TRADE,BUY,Down,4.76,0.5,2.38,"Ethereum Up or Down - January 4, 3:45PM-4:00PM ET",eth-updown-15m-1767559500,0x42f75a06062b9e4ce2317fddff0da35adbcb27396a1da62822a2c254471d3484,98991642164318449849799255365709672842977763882942243995673937893038856560011,1,0x363533084086671ec874f459d2843c665f1f9d5a0bce9f2da74961880eb609dc
2026-01-04T15:48:49,1767559729,TRADE,BUY,Down,11.24,0.5,5.62,"Ethereum Up or Down - January 4, 3:45PM-4:00PM ET",eth-updown-15m-1767559500,0x42f75a06062b9e4ce2317fddff0da35adbcb27396a1da62822a2c254471d3484,98991642164318449849799255365709672842977763882942243995673937893038856560011,1,0x02c63ba5b4591d84c1b79cdbc473695959224ebb7aca6b389e55c2bc02614881
2026-01-04T15:48:49,1767559729,TRADE,BUY,Down,16,0.49,7.84,"Ethereum Up or Down - January 4, 3:45PM-4:00PM ET",eth-updown-15m-1767559500,0x42f75a06062b9e4ce2317fddff0da35adbcb27396a1da62822a2c254471d3484,98991642164318449849799255365709672842977763882942243995673937893038856560011,1,0x02c63ba5b4591d84c1b79cdbc473695959224ebb7aca6b389e55c2bc02614881
2026-01-04T15:48:49,1767559729,TRADE,BUY,Down,16,0.49,7.84,"Ethereum Up or Down - January 4, 3:45PM-4:00PM ET",eth-updown-15m-1767559500,0x42f75a06062b9e4ce2317fddff0da35adbcb27396a1da62822a2c254471d3484,98991642164318449849799255365709672842977763882942243995673937893038856560011,1,0x02c63ba5b4591d84c1b79cdbc473695959224ebb7aca6b389e55c2bc02614881
2026-01-04T15:48:49,1767559729,TRADE,BUY,Down,16,0.49,7.84,"Ethereum Up or Down - January 4, 3:45PM-4:00PM ET",eth-updown-15m-1767559500,0x42f75a06062b9e4ce2317fddff0da35adbcb27396a1da62822a2c254471d3484,98991642164318449849799255365709672842977763882942243995673937893038856560011,1,0x02c63ba5b4591d84c1b79cdbc473695959224ebb7aca6b389e55c2bc02614881
2026-01-04T15:48:49,1767559729,TRADE,BUY,Down,2.76,0.49,1.3524,"Ethereum Up or Down - January 4, 3:45PM-4:00PM ET",eth-updown-15m-1767559500,0x42f75a06062b9e4ce2317fddff0da35adbcb27396a1da62822a2c254471d3484,98991642164318449849799255365709672842977763882942243995673937893038856560011,1,0x02c63ba5b4591d84c1b79cdbc473695959224ebb7aca6b389e55c2bc02614881
2026-01-04T15:48:41,1767559721,TRADE,BUY,Up,5,0.43,2.15,"Bitcoin Up or Down - January 4, 3:45PM-4:00PM ET",btc-updown-15m-1767559500,0x7f2710975c1bdfc4511dc3c327cfe7ee7d7b5c2fe64980181ee74341a2d54462,92170632673932098697839181910966056567672220619206304588775032640672954886297,0,0xe9721f4b09a3412f64b3e3c8a18f5721321e776204ee3fdc78927b1d2cc01e16
2026-01-04T15:48:49,1767559729,TRADE,BUY,Down,16,0.49,7.84,"Ethereum Up or Down - January 4, 3:45PM-4:00PM ET",eth-updown-15m-1767559500,0x42f75a06062b9e4ce2317fddff0da35adbcb27396a1da62822a2c254471d3484,98991642164318449849799255365709672842977763882942243995673937893038856560011,1,0x02c63ba5b4591d84c1b79cdbc473695959224ebb7aca6b389e55c2bc02614881
2026-01-04T15:48:49,1767559729,TRADE,BUY,Down,16,0.49,7.84,"Ethereum Up or Down - January 4, 3:45PM-4:00PM ET",eth-updown-15m-1767559500,0x42f75a06062b9e4ce2317fddff0da35adbcb27396a1da62822a2c254471d3484,98991642164318449849799255365709672842977763882942243995673937893038856560011,1,0x02c63ba5b4591d84c1b79cdbc473695959224ebb7aca6b389e55c2bc02614881
2026-01-04T15:48:49,1767559729,TRADE,BUY,Down,2.76,0.49,1.3524,"Ethereum Up or Down - January 4, 3:45PM-4:00PM ET",eth-updown-15m-1767559500,0x42f75a06062b9e4ce2317fddff0da35adbcb27396a1da62822a2c254471d3484,98991642164318449849799255365709672842977763882942243995673937893038856560011,1,0x02c63ba5b4591d84c1b79cdbc473695959224ebb7aca6b389e55c2bc02614881
2026-01-04T15:48:41,1767559721,TRADE,BUY,Up,5,0.43,2.15,"Bitcoin Up or Down - January 4, 3:45PM-4:00PM ET",btc-updown-15m-1767559500,0x7f2710975c1bdfc4511dc3c327cfe7ee7d7b5c2fe64980181ee74341a2d54462,92170632673932098697839181910966056567672220619206304588775032640672954886297,0,0xe9721f4b09a3412f64b3e3c8a18f5721321e776204ee3fdc78927b1d2cc01e16
2026-01-04T15:48:41,1767559721,TRADE,BUY,Up,30,0.43,12.9,"Bitcoin Up or Down - January 4, 3:45PM-4:00PM ET",btc-updown-15m-1767559500,0x7f2710975c1bdfc4511dc3c327cfe7ee7d7b5c2fe64980181ee74341a2d54462,92170632673932098697839181910966056567672220619206304588775032640672954886297,0,0xf7097eb08b4579ce371a369bbe242246eea66f37e2b661d0544bae71da4a9811
2026-01-04T15:48:41,1767559721,TRADE,BUY,Up,21,0.43,9.03,"Bitcoin Up or Down - January 4, 3:45PM-4:00PM ET",btc-updown-15m-1767559500,0x7f2710975c1bdfc4511dc3c327cfe7ee7d7b5c2fe64980181ee74341a2d54462,92170632673932098697839181910966056567672220619206304588775032640672954886297,0,0x821726eb14ec5a4a4e64874700f3e251af00be6e4c526b08d21e1df5568f14f0
2026-01-04T15:48:39,1767559719,TRADE,BUY,Up,16,0.42,6.72,"Ethereum Up or Down - January 4, 3:45PM-4:00PM ET",eth-updown-15m-1767559500,0x42f75a06062b9e4ce2317fddff0da35adbcb27396a1da62822a2c254471d3484,81115282060155343973682629302140588398994460909748445358417739032150121928748,0,0x7c381a43a7f7eb927623fe8a97b1e289646e9aca4c0820a5832b921a0f487324
2026-01-04T15:48:39,1767559719,TRADE,BUY,Up,16,0.42,6.72,"Ethereum Up or Down - January 4, 3:45PM-4:00PM ET",eth-updown-15m-1767559500,0x42f75a06062b9e4ce2317fddff0da35adbcb27396a1da62822a2c254471d3484,81115282060155343973682629302140588398994460909748445358417739032150121928748,0,0x7c381a43a7f7eb927623fe8a97b1e289646e9aca4c0820a5832b921a0f487324
2026-01-04T15:48:39,1767559719,TRADE,BUY,Up,16,0.42,6.72,"Ethereum Up or Down - January 4, 3:45PM-4:00PM ET",eth-updown-15m-1767559500,0x42f75a06062b9e4ce2317fddff0da35adbcb27396a1da62822a2c254471d3484,81115282060155343973682629302140588398994460909748445358417739032150121928748,0,0x7c381a43a7f7eb927623fe8a97b1e289646e9aca4c0820a5832b921a0f487324
2026-01-04T15:48:39,1767559719,TRADE,BUY,Up,16,0.42,6.72,"Ethereum Up or Down - January 4, 3:45PM-4:00PM ET",eth-updown-15m-1767559500,0x42f75a06062b9e4ce2317fddff0da35adbcb27396a1da62822a2c254471d3484,81115282060155343973682629302140588398994460909748445358417739032150121928748,0,0x7c381a43a7f7eb927623fe8a97b1e289646e9aca4c0820a5832b921a0f487324
2026-01-04T15:48:39,1767559719,TRADE,BUY,Up,16,0.42,6.72,"Ethereum Up or Down - January 4, 3:45PM-4:00PM ET",eth-updown-15m-1767559500,0x42f75a06062b9e4ce2317fddff0da35adbcb27396a1da62822a2c254471d3484,81115282060155343973682629302140588398994460909748445358417739032150121928748,0,0x7c381a43a7f7eb927623fe8a97b1e289646e9aca4c0820a5832b921a0f487324
2026-01-04T15:48:39,1767559719,TRADE,BUY,Up,16,0.42,6.72,"Ethereum Up or Down - January 4, 3:45PM-4:00PM ET",eth-updown-15m-1767559500,0x42f75a06062b9e4ce2317fddff0da35adbcb27396a1da62822a2c254471d3484,81115282060155343973682629302140588398994460909748445358417739032150121928748,0,0x7c381a43a7f7eb927623fe8a97b1e289646e9aca4c0820a5832b921a0f487324
2026-01-04T15:48:39,1767559719,TRADE,BUY,Up,0.7,0.42,0.294,"Ethereum Up or Down - January 4, 3:45PM-4:00PM ET",eth-updown-15m-1767559500,0x42f75a06062b9e4ce2317fddff0da35adbcb27396a1da62822a2c254471d3484,81115282060155343973682629302140588398994460909748445358417739032150121928748,0,0x7c381a43a7f7eb927623fe8a97b1e289646e9aca4c0820a5832b921a0f487324
2026-01-04T15:48:39,1767559719,TRADE,BUY,Up,5,0.42,2.1,"Bitcoin Up or Down - January 4, 3:45PM-4:00PM ET",btc-updown-15m-1767559500,0x7f2710975c1bdfc4511dc3c327cfe7ee7d7b5c2fe64980181ee74341a2d54462,92170632673932098697839181910966056567672220619206304588775032640672954886297,0,0x8b774ee2b7560f70e73e871840d2bbf2e929257f4f02c28af67b0e047d14dee9
2026-01-04T15:48:31,1767559711,TRADE,BUY,Down,6.55,0.54,3.537,"Bitcoin Up or Down - January 4, 3:45PM-4:00PM ET",btc-updown-15m-1767559500,0x7f2710975c1bdfc4511dc3c327cfe7ee7d7b5c2fe64980181ee74341a2d54462,1557301465141604810551338910140925132332991566065957875071399401478651888971,1,0x9327ed3e344328bd214513df4f1e6353bb33d5485fa3d8c710a0ad3f708da4fd
2026-01-04T15:48:31,1767559711,TRADE,BUY,Down,6.55,0.54,3.537,"Bitcoin Up or Down - January 4, 3:45PM-4:00PM ET",btc-updown-15m-1767559500,0x7f2710975c1bdfc4511dc3c327cfe7ee7d7b5c2fe64980181ee74341a2d54462,1557301465141604810551338910140925132332991566065957875071399401478651888971,1,0xb9e8baacc9c468c944fea8a9f32d1878b3632eb162dea8d54ee261dcd2f59004
2026-01-04T15:48:31,1767559711,TRADE,BUY,Down,6,0.54,3.24,"Bitcoin Up or Down - January 4, 3:45PM-4:00PM ET",btc-updown-15m-1767559500,0x7f2710975c1bdfc4511dc3c327cfe7ee7d7b5c2fe64980181ee74341a2d54462,1557301465141604810551338910140925132332991566065957875071399401478651888971,1,0xfbce450926052f2baf79f73f57462eec04c0691370846063fdd17fb00f6037fb
2026-01-04T15:48:31,1767559711,TRADE,BUY,Down,3.531913,0.530000031144595,1.871914,"Bitcoin Up or Down - January 4, 3:45PM-4:00PM ET",btc-updown-15m-1767559500,0x7f2710975c1bdfc4511dc3c327cfe7ee7d7b5c2fe64980181ee74341a2d54462,1557301465141604810551338910140925132332991566065957875071399401478651888971,1,0xe81bb1a3c2f8ff9fe194b0c2c5311e2890885fa44903fcab381f1d9aeef50e8c
2026-01-04T15:48:31,1767559711,TRADE,BUY,Down,5,0.54,2.7,"Bitcoin Up or Down - January 4, 3:45PM-4:00PM ET",btc-updown-15m-1767559500,0x7f2710975c1bdfc4511dc3c327cfe7ee7d7b5c2fe64980181ee74341a2d54462,1557301465141604810551338910140925132332991566065957875071399401478651888971,1,0x37c06aafc91827c745253f30f688f436ec741525740be92fc720054349dc0cd3
2026-01-04T15:48:31,1767559711,TRADE,BUY,Down,1.42,0.54,0.7668,"Bitcoin Up or Down - January 4, 3:45PM-4:00PM ET",btc-updown-15m-1767559500,0x7f2710975c1bdfc4511dc3c327cfe7ee7d7b5c2fe64980181ee74341a2d54462,1557301465141604810551338910140925132332991566065957875071399401478651888971,1,0xc299a9a122fffd215d43b33a0bdbd3a76f88c625ba6cabbf7a5266f0635b365a
2026-01-04T15:48:31,1767559711,TRADE,BUY,Down,11.02,0.54,5.9508,"Bitcoin Up or Down - January 4, 3:45PM-4:00PM ET",btc-updown-15m-1767559500,0x7f2710975c1bdfc4511dc3c327cfe7ee7d7b5c2fe64980181ee74341a2d54462,1557301465141604810551338910140925132332991566065957875071399401478651888971,1,0xc299a9a122fffd215d43b33a0bdbd3a76f88c625ba6cabbf7a5266f0635b365a
2026-01-04T15:48:31,1767559711,TRADE,BUY,Down,6,0.54,3.24,"Bitcoin Up or Down - January 4, 3:45PM-4:00PM ET",btc-updown-15m-1767559500,0x7f2710975c1bdfc4511dc3c327cfe7ee7d7b5c2fe64980181ee74341a2d54462,1557301465141604810551338910140925132332991566065957875071399401478651888971,1,0x7a29b014a508053925e08e231bc03f6300c576d060fade4367a951199c1fecb0
2026-01-04T15:48:31,1767559711,TRADE,BUY,Down,4.608694,0.5400000520754904,2.488695,"Bitcoin Up or Down - January 4, 3:45PM-4:00PM ET",btc-updown-15m-1767559500,0x7f2710975c1bdfc4511dc3c327cfe7ee7d7b5c2fe64980181ee74341a2d54462,1557301465141604810551338910140925132332991566065957875071399401478651888971,1,0xca6bdc900bb318d285256b693062c31515b9fd1b0bb377d29c4f65d3fa819347
2026-01-04T15:48:31,1767559711,TRADE,BUY,Down,30,0.53,15.9,"Bitcoin Up or Down - January 4, 3:45PM-4:00PM ET",btc-updown-15m-1767559500,0x7f2710975c1bdfc4511dc3c327cfe7ee7d7b5c2fe64980181ee74341a2d54462,1557301465141604810551338910140925132332991566065957875071399401478651888971,1,0xb0fba643e4b946902b9d477e080cd5d217a8f78d5dbaf53c99dcb2ab7d428443
2026-01-04T15:48:31,1767559711,TRADE,BUY,Down,15,0.54,8.1,"Bitcoin Up or Down - January 4, 3:45PM-4:00PM ET",btc-updown-15m-1767559500,0x7f2710975c1bdfc4511dc3c327cfe7ee7d7b5c2fe64980181ee74341a2d54462,1557301465141604810551338910140925132332991566065957875071399401478651888971,1,0x5a7f9eba3b55b7d900a24bebc4d736d42321d5da1eada52c0bf687e873f4d0b2
2026-01-04T15:48:31,1767559711,TRADE,BUY,Down,4.478259,0.540000031262149,2.41826,"Bitcoin Up or Down - January 4, 3:45PM-4:00PM ET",btc-updown-15m-1767559500,0x7f2710975c1bdfc4511dc3c327cfe7ee7d7b5c2fe64980181ee74341a2d54462,1557301465141604810551338910140925132332991566065957875071399401478651888971,1,0x3ede8b9d0c64c05719152010ae16089565c07ba5fcda32e548ab0c273bf2edad
2026-01-04T15:48:31,1767559711,TRADE,BUY,Down,15,0.54,8.1,"Bitcoin Up or Down - January 4, 3:45PM-4:00PM ET",btc-updown-15m-1767559500,0x7f2710975c1bdfc4511dc3c327cfe7ee7d7b5c2fe64980181ee74341a2d54462,1557301465141604810551338910140925132332991566065957875071399401478651888971,1,0x2f32b4bb1145e90a0f35f96811a6b71a5a0c48f88be2022e2e6a95f2590a5b59
2026-01-04T15:48:29,1767559709,TRADE,BUY,Down,30,0.52,15.6,"Bitcoin Up or Down - January 4, 3:45PM-4:00PM ET",btc-updown-15m-1767559500,0x7f2710975c1bdfc4511dc3c327cfe7ee7d7b5c2fe64980181ee74341a2d54462,1557301465141604810551338910140925132332991566065957875071399401478651888971,1,0xf0023a08d61cb3f81d689ab6e70ed20001be794e1aa2fc2243ab8b5c1f525197
2026-01-04T15:48:29,1767559709,TRADE,BUY,Down,30,0.52,15.6,"Bitcoin Up or Down - January 4, 3:45PM-4:00PM ET",btc-updown-15m-1767559500,0x7f2710975c1bdfc4511dc3c327cfe7ee7d7b5c2fe64980181ee74341a2d54462,1557301465141604810551338910140925132332991566065957875071399401478651888971,1,0xf0023a08d61cb3f81d689ab6e70ed20001be794e1aa2fc2243ab8b5c1f525197
2026-01-04T15:48:29,1767559709,TRADE,BUY,Down,30,0.53,15.9,"Bitcoin Up or Down - January 4, 3:45PM-4:00PM ET",btc-updown-15m-1767559500,0x7f2710975c1bdfc4511dc3c327cfe7ee7d7b5c2fe64980181ee74341a2d54462,1557301465141604810551338910140925132332991566065957875071399401478651888971,1,0x53a4a73fa914df462d8008eaf74bd1be82a86609d48c0540d122dec195295436
2026-01-04T15:48:29,1767559709,TRADE,BUY,Down,30,0.53,15.9,"Bitcoin Up or Down - January 4, 3:45PM-4:00PM ET",btc-updown-15m-1767559500,0x7f2710975c1bdfc4511dc3c327cfe7ee7d7b5c2fe64980181ee74341a2d54462,1557301465141604810551338910140925132332991566065957875071399401478651888971,1,0x53a4a73fa914df462d8008eaf74bd1be82a86609d48c0540d122dec195295436
2026-01-04T15:48:29,1767559709,TRADE,BUY,Up,14.035086,0.43000000142500017,6.035087,"Bitcoin Up or Down - January 4, 3:45PM-4:00PM ET",btc-updown-15m-1767559500,0x7f2710975c1bdfc4511dc3c327cfe7ee7d7b5c2fe64980181ee74341a2d54462,92170632673932098697839181910966056567672220619206304588775032640672954886297,0,0x5443bb6c904d52ae637d2d4361bc0146ef195a61285e28b8dcfdbc9114cea225
2026-01-04T15:48:29,1767559709,TRADE,BUY,Up,5.477893,0.4300000018255194,2.355494,"Bitcoin Up or Down - January 4, 3:45PM-4:00PM ET",btc-updown-15m-1767559500,0x7f2710975c1bdfc4511dc3c327cfe7ee7d7b5c2fe64980181ee74341a2d54462,92170632673932098697839181910966056567672220619206304588775032640672954886297,0,0xec59b4ca257784121ff5f28a5ceab24a8043d5d15f6d92770c5909b238513efa
2026-01-04T15:48:29,1767559709,TRADE,BUY,Down,16,0.49,7.84,"Ethereum Up or Down - January 4, 3:45PM-4:00PM ET",eth-updown-15m-1767559500,0x42f75a06062b9e4ce2317fddff0da35adbcb27396a1da62822a2c254471d3484,98991642164318449849799255365709672842977763882942243995673937893038856560011,1,0xfc4d65f99163baf5afa7acec7bbe8cbbd3f010b2a60d5f13eeb020d9b2598870
2026-01-04T15:48:29,1767559709,TRADE,BUY,Down,16,0.5,8,"Ethereum Up or Down - January 4, 3:45PM-4:00PM ET",eth-updown-15m-1767559500,0x42f75a06062b9e4ce2317fddff0da35adbcb27396a1da62822a2c254471d3484,98991642164318449849799255365709672842977763882942243995673937893038856560011,1,0x48809828d8b99a67c423c73acac19e02c6517e7239b6a3e889065f914f11017d
2026-01-04T15:48:29,1767559709,TRADE,BUY,Down,16,0.5,8,"Ethereum Up or Down - January 4, 3:45PM-4:00PM ET",eth-updown-15m-1767559500,0x42f75a06062b9e4ce2317fddff0da35adbcb27396a1da62822a2c254471d3484,98991642164318449849799255365709672842977763882942243995673937893038856560011,1,0x48809828d8b99a67c423c73acac19e02c6517e7239b6a3e889065f914f11017d
2026-01-04T15:48:29,1767559709,TRADE,BUY,Down,16,0.5,8,"Ethereum Up or Down - January 4, 3:45PM-4:00PM ET",eth-updown-15m-1767559500,0x42f75a06062b9e4ce2317fddff0da35adbcb27396a1da62822a2c254471d3484,98991642164318449849799255365709672842977763882942243995673937893038856560011,1,0x48809828d8b99a67c423c73acac19e02c6517e7239b6a3e889065f914f11017d
2026-01-04T15:48:29,1767559709,TRADE,BUY,Down,16,0.5,8,"Ethereum Up or Down - January 4, 3:45PM-4:00PM ET",eth-updown-15m-1767559500,0x42f75a06062b9e4ce2317fddff0da35adbcb27396a1da62822a2c254471d3484,98991642164318449849799255365709672842977763882942243995673937893038856560011,1,0x48809828d8b99a67c423c73acac19e02c6517e7239b6a3e889065f914f11017d
2026-01-04T15:48:29,1767559709,TRADE,BUY,Down,16,0.5,8,"Ethereum Up or Down - January 4, 3:45PM-4:00PM ET",eth-updown-15m-1767559500,0x42f75a06062b9e4ce2317fddff0da35adbcb27396a1da62822a2c254471d3484,98991642164318449849799255365709672842977763882942243995673937893038856560011,1,0x48809828d8b99a67c423c73acac19e02c6517e7239b6a3e889065f914f11017d
2026-01-04T15:48:29,1767559709,TRADE,BUY,Down,16,0.49,7.84,"Ethereum Up or Down - January 4, 3:45PM-4:00PM ET",eth-updown-15m-1767559500,0x42f75a06062b9e4ce2317fddff0da35adbcb27396a1da62822a2c254471d3484,98991642164318449849799255365709672842977763882942243995673937893038856560011,1,0x0a24a7c256b006ae83f628741a616e94ee4a6524370bee0834e8470863270bfb
2026-01-04T15:48:29,1767559709,TRADE,BUY,Down,16,0.49,7.84,"Ethereum Up or Down - January 4, 3:45PM-4:00PM ET",eth-updown-15m-1767559500,0x42f75a06062b9e4ce2317fddff0da35adbcb27396a1da62822a2c254471d3484,98991642164318449849799255365709672842977763882942243995673937893038856560011,1,0x0a24a7c256b006ae83f628741a616e94ee4a6524370bee0834e8470863270bfb
2026-01-04T15:48:27,1767559707,TRADE,BUY,Down,16,0.59,9.44,"Bitcoin Up or Down - January 4, 3:45PM-4:00PM ET",btc-updown-15m-1767559500,0x7f2710975c1bdfc4511dc3c327cfe7ee7d7b5c2fe64980181ee74341a2d54462,1557301465141604810551338910140925132332991566065957875071399401478651888971,1,0xd0f0538b7ce9adc51df4dd042f9e991fa367aa5c777c03386d130cc317c20cbb
2026-01-04T15:48:27,1767559707,TRADE,BUY,Down,2.439023,0.5900001763001005,1.439024,"Bitcoin Up or Down - January 4, 3:45PM-4:00PM ET",btc-updown-15m-1767559500,0x7f2710975c1bdfc4511dc3c327cfe7ee7d7b5c2fe64980181ee74341a2d54462,1557301465141604810551338910140925132332991566065957875071399401478651888971,1,0x39753ac075f135080ad0714992648b0586ae19af67024668a3624894d2a88c98
2026-01-04T15:48:27,1767559707,TRADE,BUY,Down,30,0.58,17.4,"Bitcoin Up or Down - January 4, 3:45PM-4:00PM ET",btc-updown-15m-1767559500,0x7f2710975c1bdfc4511dc3c327cfe7ee7d7b5c2fe64980181ee74341a2d54462,1557301465141604810551338910140925132332991566065957875071399401478651888971,1,0xba99b213a7a55971d217e17121621913cf0a8318842edd3631f0f6bd2472c528
2026-01-04T15:48:27,1767559707,TRADE,BUY,Down,30,0.58,17.4,"Bitcoin Up or Down - January 4, 3:45PM-4:00PM ET",btc-updown-15m-1767559500,0x7f2710975c1bdfc4511dc3c327cfe7ee7d7b5c2fe64980181ee74341a2d54462,1557301465141604810551338910140925132332991566065957875071399401478651888971,1,0xba99b213a7a55971d217e17121621913cf0a8318842edd3631f0f6bd2472c528
2026-01-04T15:48:27,1767559707,TRADE,BUY,Down,30,0.58,17.4,"Bitcoin Up or Down - January 4, 3:45PM-4:00PM ET",btc-updown-15m-1767559500,0x7f2710975c1bdfc4511dc3c327cfe7ee7d7b5c2fe64980181ee74341a2d54462,1557301465141604810551338910140925132332991566065957875071399401478651888971,1,0xba99b213a7a55971d217e17121621913cf0a8318842edd3631f0f6bd2472c528
2026-01-04T15:48:27,1767559707,TRADE,BUY,Down,30,0.58,17.4,"Bitcoin Up or Down - January 4, 3:45PM-4:00PM ET",btc-updown-15m-1767559500,0x7f2710975c1bdfc4511dc3c327cfe7ee7d7b5c2fe64980181ee74341a2d54462,1557301465141604810551338910140925132332991566065957875071399401478651888971,1,0xba99b213a7a55971d217e17121621913cf0a8318842edd3631f0f6bd2472c528
2026-01-04T15:48:25,1767559705,TRADE,BUY,Up,12.86,0.39,5.0154,"Bitcoin Up or Down - January 4, 3:45PM-4:00PM ET",btc-updown-15m-1767559500,0x7f2710975c1bdfc4511dc3c327cfe7ee7d7b5c2fe64980181ee74341a2d54462,92170632673932098697839181910966056567672220619206304588775032640672954886297,0,0x4b8b41349ffd19bbd9e6b010568867fc7fa6e7db0d1a4511ed701023bef9ac06
2026-01-04T15:48:25,1767559705,TRADE,BUY,Up,16,0.44,7.04,"Ethereum Up or Down - January 4, 3:45PM-4:00PM ET",eth-updown-15m-1767559500,0x42f75a06062b9e4ce2317fddff0da35adbcb27396a1da62822a2c254471d3484,81115282060155343973682629302140588398994460909748445358417739032150121928748,0,0x5b2f1405cad15fcc2c1fc52838071efee32d576780df213ad066d23c89501d4b
2026-01-04T15:48:25,1767559705,TRADE,BUY,Up,4,0.47,1.88,"Ethereum Up or Down - January 4, 3:45PM-4:00PM ET",eth-updown-15m-1767559500,0x42f75a06062b9e4ce2317fddff0da35adbcb27396a1da62822a2c254471d3484,81115282060155343973682629302140588398994460909748445358417739032150121928748,0,0x3bf9a2178d72ff33478c4fab048ec80e9047a7b3b6bbe942ad50cc87e109dd38
2026-01-04T15:48:25,1767559705,TRADE,BUY,Up,30,0.39,11.7,"Bitcoin Up or Down - January 4, 3:45PM-4:00PM ET",btc-updown-15m-1767559500,0x7f2710975c1bdfc4511dc3c327cfe7ee7d7b5c2fe64980181ee74341a2d54462,92170632673932098697839181910966056567672220619206304588775032640672954886297,0,0xa6e27a078af03158c0ddca2009b57029c3dc50a6f198bd6433cf2d5628505517
2026-01-04T15:48:23,1767559703,TRADE,BUY,Up,1.639343,0.39000014030010804,0.639344,"Bitcoin Up or Down - January 4, 3:45PM-4:00PM ET",btc-updown-15m-1767559500,0x7f2710975c1bdfc4511dc3c327cfe7ee7d7b5c2fe64980181ee74341a2d54462,92170632673932098697839181910966056567672220619206304588775032640672954886297,0,0xdb35d3afef4786ffe8f44bae188d89d962bbc49aa8f834d39b37de22c7d80a06
2026-01-04T15:48:23,1767559703,TRADE,BUY,Up,15.491802,0.3900000142010594,6.041803,"Bitcoin Up or Down - January 4, 3:45PM-4:00PM ET",btc-updown-15m-1767559500,0x7f2710975c1bdfc4511dc3c327cfe7ee7d7b5c2fe64980181ee74341a2d54462,92170632673932098697839181910966056567672220619206304588775032640672954886297,0,0xe0d6c1e36741c7156fc9aa0ccfd1388a04ea291651f161726e2e27541968ebd1
2026-01-04T15:48:23,1767559703,TRADE,BUY,Up,16,0.44,7.04,"Ethereum Up or Down - January 4, 3:45PM-4:00PM ET",eth-updown-15m-1767559500,0x42f75a06062b9e4ce2317fddff0da35adbcb27396a1da62822a2c254471d3484,81115282060155343973682629302140588398994460909748445358417739032150121928748,0,0xe135636f74d465e5a02dd662e61fd71a1cc1b3b2a842b46713378166b544e88f
2026-01-04T15:48:23,1767559703,TRADE,BUY,Up,16,0.44,7.04,"Ethereum Up or Down - January 4, 3:45PM-4:00PM ET",eth-updown-15m-1767559500,0x42f75a06062b9e4ce2317fddff0da35adbcb27396a1da62822a2c254471d3484,81115282060155343973682629302140588398994460909748445358417739032150121928748,0,0x9212b212ccfb79b2dc2ce3a503ff8986af967898c24bc34b3b229a6237b01be4
2026-01-04T15:48:23,1767559703,TRADE,BUY,Up,16,0.44,7.04,"Ethereum Up or Down - January 4, 3:45PM-4:00PM ET",eth-updown-15m-1767559500,0x42f75a06062b9e4ce2317fddff0da35adbcb27396a1da62822a2c254471d3484,81115282060155343973682629302140588398994460909748445358417739032150121928748,0,0x1aa38e8c3c0d3e2cd06430e03c31f3a714b25d40f8b5c7ef065e308d857af3b1
2026-01-04T15:48:23,1767559703,TRADE,BUY,Up,16,0.44,7.04,"Ethereum Up or Down - January 4, 3:45PM-4:00PM ET",eth-updown-15m-1767559500,0x42f75a06062b9e4ce2317fddff0da35adbcb27396a1da62822a2c254471d3484,81115282060155343973682629302140588398994460909748445358417739032150121928748,0,0xcdb311b525d4f08e00a0218dac26a823d9a9e47f177de3822aa5d554ce8d17f5
2026-01-04T15:48:23,1767559703,TRADE,BUY,Up,16,0.44,7.04,"Ethereum Up or Down - January 4, 3:45PM-4:00PM ET",eth-updown-15m-1767559500,0x42f75a06062b9e4ce2317fddff0da35adbcb27396a1da62822a2c254471d3484,81115282060155343973682629302140588398994460909748445358417739032150121928748,0,0xd9e81e71f501ecd3dcfcc43e9b17b70daa13b3bdf66123f25d191499f020f6d5
2026-01-04T15:48:23,1767559703,TRADE,BUY,Down,11.511626,0.5700000156363663,6.561627,"Bitcoin Up or Down - January 4, 3:45PM-4:00PM ET",btc-updown-15m-1767559500,0x7f2710975c1bdfc4511dc3c327cfe7ee7d7b5c2fe64980181ee74341a2d54462,1557301465141604810551338910140925132332991566065957875071399401478651888971,1,0xd7fff2dbbf79efa43806bf79bb4d725935725a09bef15d740d43806c2a7a88bc
2026-01-04T15:48:23,1767559703,TRADE,BUY,Down,18.48,0.57,10.5336,"Bitcoin Up or Down - January 4, 3:45PM-4:00PM ET",btc-updown-15m-1767559500,0x7f2710975c1bdfc4511dc3c327cfe7ee7d7b5c2fe64980181ee74341a2d54462,1557301465141604810551338910140925132332991566065957875071399401478651888971,1,0xbff4e6684f1affa4fa6f6af9c2b32d36c068bf4a7f644433f7e024aafad716a9
2026-01-04T15:48:23,1767559703,TRADE,BUY,Down,30,0.57,17.1,"Bitcoin Up or Down - January 4, 3:45PM-4:00PM ET",btc-updown-15m-1767559500,0x7f2710975c1bdfc4511dc3c327cfe7ee7d7b5c2fe64980181ee74341a2d54462,1557301465141604810551338910140925132332991566065957875071399401478651888971,1,0xbb7406808c60442e98aae2773232711fed1ef1778cd71f24ebf60ac7c7a18b34
2026-01-04T15:48:23,1767559703,TRADE,BUY,Down,4.078138,0.5700000833713817,2.324539,"Bitcoin Up or Down - January 4, 3:45PM-4:00PM ET",btc-updown-15m-1767559500,0x7f2710975c1bdfc4511dc3c327cfe7ee7d7b5c2fe64980181ee74341a2d54462,1557301465141604810551338910140925132332991566065957875071399401478651888971,1,0xbb7406808c60442e98aae2773232711fed1ef1778cd71f24ebf60ac7c7a18b34
2026-01-04T15:48:23,1767559703,TRADE,BUY,Up,30,0.4,12,"Bitcoin Up or Down - January 4, 3:45PM-4:00PM ET",btc-updown-15m-1767559500,0x7f2710975c1bdfc4511dc3c327cfe7ee7d7b5c2fe64980181ee74341a2d54462,92170632673932098697839181910966056567672220619206304588775032640672954886297,0,0xbe8a4498f84e069cfbf51a9dca208646afdb87c092fc6c5402cb452ea290feff
2026-01-04T15:48:21,1767559701,TRADE,BUY,Down,16,0.53,8.48,"Ethereum Up or Down - January 4, 3:45PM-4:00PM ET",eth-updown-15m-1767559500,0x42f75a06062b9e4ce2317fddff0da35adbcb27396a1da62822a2c254471d3484,98991642164318449849799255365709672842977763882942243995673937893038856560011,1,0x857e369827cacc3b32ca9b1e16273ef50072065f94543cec359d0ac82501795e
2026-01-04T15:48:21,1767559701,TRADE,BUY,Up,30,0.43,12.9,"Bitcoin Up or Down - January 4, 3:45PM-4:00PM ET",btc-updown-15m-1767559500,0x7f2710975c1bdfc4511dc3c327cfe7ee7d7b5c2fe64980181ee74341a2d54462,92170632673932098697839181910966056567672220619206304588775032640672954886297,0,0xc89b01d744aad579b1421eb34994a57d76cf365a8dc2d7ba4863550b5df5a24b
2026-01-04T15:48:21,1767559701,TRADE,BUY,Down,29,0.56,16.24,"Bitcoin Up or Down - January 4, 3:45PM-4:00PM ET",btc-updown-15m-1767559500,0x7f2710975c1bdfc4511dc3c327cfe7ee7d7b5c2fe64980181ee74341a2d54462,1557301465141604810551338910140925132332991566065957875071399401478651888971,1,0x09cd4a0729ffd1c0e136b697333ec98e3c1ffab43fde987f0e3749dd6f1e660d
2026-01-04T15:48:21,1767559701,TRADE,BUY,Down,9,0.53,4.77,"Ethereum Up or Down - January 4, 3:45PM-4:00PM ET",eth-updown-15m-1767559500,0x42f75a06062b9e4ce2317fddff0da35adbcb27396a1da62822a2c254471d3484,98991642164318449849799255365709672842977763882942243995673937893038856560011,1,0xcd7e76bf01a7e8a63405b36e8d248ad3e8a9bab83d1baae4a6f14c15a8df5421
2026-01-04T15:48:19,1767559699,TRADE,BUY,Up,30,0.47,14.1,"Bitcoin Up or Down - January 4, 3:45PM-4:00PM ET",btc-updown-15m-1767559500,0x7f2710975c1bdfc4511dc3c327cfe7ee7d7b5c2fe64980181ee74341a2d54462,92170632673932098697839181910966056567672220619206304588775032640672954886297,0,0xa445e1c548e6edb115be472a548d292cfb40373f0813f6ad25645c9094045d0a
2026-01-04T15:48:19,1767559699,TRADE,BUY,Up,30,0.47,14.1,"Bitcoin Up or Down - January 4, 3:45PM-4:00PM ET",btc-updown-15m-1767559500,0x7f2710975c1bdfc4511dc3c327cfe7ee7d7b5c2fe64980181ee74341a2d54462,92170632673932098697839181910966056567672220619206304588775032640672954886297,0,0xa445e1c548e6edb115be472a548d292cfb40373f0813f6ad25645c9094045d0a
2026-01-04T15:48:19,1767559699,TRADE,BUY,Up,30,0.46,13.8,"Bitcoin Up or Down - January 4, 3:45PM-4:00PM ET",btc-updown-15m-1767559500,0x7f2710975c1bdfc4511dc3c327cfe7ee7d7b5c2fe64980181ee74341a2d54462,92170632673932098697839181910966056567672220619206304588775032640672954886297,0,0xa445e1c548e6edb115be472a548d292cfb40373f0813f6ad25645c9094045d0a
2026-01-04T15:48:19,1767559699,TRADE,BUY,Up,30,0.46,13.8,"Bitcoin Up or Down - January 4, 3:45PM-4:00PM ET",btc-updown-15m-1767559500,0x7f2710975c1bdfc4511dc3c327cfe7ee7d7b5c2fe64980181ee74341a2d54462,92170632673932098697839181910966056567672220619206304588775032640672954886297,0,0xa445e1c548e6edb115be472a548d292cfb40373f0813f6ad25645c9094045d0a
2026-01-04T15:48:19,1767559699,TRADE,BUY,Up,30,0.46,13.8,"Bitcoin Up or Down - January 4, 3:45PM-4:00PM ET",btc-updown-15m-1767559500,0x7f2710975c1bdfc4511dc3c327cfe7ee7d7b5c2fe64980181ee74341a2d54462,92170632673932098697839181910966056567672220619206304588775032640672954886297,0,0xa445e1c548e6edb115be472a548d292cfb40373f0813f6ad25645c9094045d0a
2026-01-04T15:48:19,1767559699,TRADE,BUY,Up,30,0.46,13.8,"Bitcoin Up or Down - January 4, 3:45PM-4:00PM ET",btc-updown-15m-1767559500,0x7f2710975c1bdfc4511dc3c327cfe7ee7d7b5c2fe64980181ee74341a2d54462,92170632673932098697839181910966056567672220619206304588775032640672954886297,0,0xa445e1c548e6edb115be472a548d292cfb40373f0813f6ad25645c9094045d0a
2026-01-04T15:48:19,1767559699,TRADE,BUY,Up,3.795184,0.46000009485706095,1.745785,"Bitcoin Up or Down - January 4, 3:45PM-4:00PM ET",btc-updown-15m-1767559500,0x7f2710975c1bdfc4511dc3c327cfe7ee7d7b5c2fe64980181ee74341a2d54462,92170632673932098697839181910966056567672220619206304588775032640672954886297,0,0xa445e1c548e6edb115be472a548d292cfb40373f0813f6ad25645c9094045d0a
2026-01-04T15:48:19,1767559699,TRADE,BUY,Down,26.06,0.5,13.03,"Bitcoin Up or Down - January 4, 3:45PM-4:00PM ET",btc-updown-15m-1767559500,0x7f2710975c1bdfc4511dc3c327cfe7ee7d7b5c2fe64980181ee74341a2d54462,1557301465141604810551338910140925132332991566065957875071399401478651888971,1,0x929b62659ce26049dbe9f9ef1a6d1de129e6c5fbfa9765b6c43bdec85fc330d2
2026-01-04T15:48:19,1767559699,TRADE,BUY,Down,3.632652,0.51000013213487,1.852653,"Bitcoin Up or Down - January 4, 3:45PM-4:00PM ET",btc-updown-15m-1767559500,0x7f2710975c1bdfc4511dc3c327cfe7ee7d7b5c2fe64980181ee74341a2d54462,1557301465141604810551338910140925132332991566065957875071399401478651888971,1,0x96210f14c8b8666f180a30f0d9f7566ac9d2e1950e25fc991a9d5dcdd81f32c7
2026-01-04T15:48:19,1767559699,TRADE,BUY,Down,11.632652,0.5100000412631617,5.932653,"Bitcoin Up or Down - January 4, 3:45PM-4:00PM ET",btc-updown-15m-1767559500,0x7f2710975c1bdfc4511dc3c327cfe7ee7d7b5c2fe64980181ee74341a2d54462,1557301465141604810551338910140925132332991566065957875071399401478651888971,1,0xbedec8c7a0ceadfd1995369a64ac1af6f1f09214a7110d0c44911bc25804a9e3
2026-01-04T15:48:19,1767559699,TRADE,BUY,Down,5.20408,0.5100000384313846,2.654081,"Bitcoin Up or Down - January 4, 3:45PM-4:00PM ET",btc-updown-15m-1767559500,0x7f2710975c1bdfc4511dc3c327cfe7ee7d7b5c2fe64980181ee74341a2d54462,1557301465141604810551338910140925132332991566065957875071399401478651888971,1,0xd3a96d278809c32a98ca80a443d09063f536291675eda927f7f6d49ad57dc9e9
2026-01-04T15:48:19,1767559699,TRADE,BUY,Down,5,0.51,2.55,"Bitcoin Up or Down - January 4, 3:45PM-4:00PM ET",btc-updown-15m-1767559500,0x7f2710975c1bdfc4511dc3c327cfe7ee7d7b5c2fe64980181ee74341a2d54462,1557301465141604810551338910140925132332991566065957875071399401478651888971,1,0x1e21ddaab29f2fb0713aa51fb5f2dcadeb40ab28ca3ef0520f9931bc1859c501
2026-01-04T15:48:17,1767559697,TRADE,BUY,Down,5.1,0.5,2.55,"Bitcoin Up or Down - January 4, 3:45PM-4:00PM ET",btc-updown-15m-1767559500,0x7f2710975c1bdfc4511dc3c327cfe7ee7d7b5c2fe64980181ee74341a2d54462,1557301465141604810551338910140925132332991566065957875071399401478651888971,1,0xfa5d6f1e4c3711280dffdfed8c276b66890e5165420153d3962a499dd90818c8
2026-01-04T15:48:17,1767559697,TRADE,BUY,Down,2.02,0.5,1.01,"Bitcoin Up or Down - January 4, 3:45PM-4:00PM ET",btc-updown-15m-1767559500,0x7f2710975c1bdfc4511dc3c327cfe7ee7d7b5c2fe64980181ee74341a2d54462,1557301465141604810551338910140925132332991566065957875071399401478651888971,1,0xf2ac6c26b4d5695cd538c32919d09909f7cb7484efa7b6239ed428d1e4a52d72
2026-01-04T15:48:17,1767559697,TRADE,BUY,Down,2.44,0.5,1.22,"Bitcoin Up or Down - January 4, 3:45PM-4:00PM ET",btc-updown-15m-1767559500,0x7f2710975c1bdfc4511dc3c327cfe7ee7d7b5c2fe64980181ee74341a2d54462,1557301465141604810551338910140925132332991566065957875071399401478651888971,1,0x11d333c93ebf68c3999c24e9dcb2e086eab6e6815e73a4d9c3bc9f7ad6943605
2026-01-04T15:48:17,1767559697,TRADE,BUY,Down,11.4,0.5,5.7,"Bitcoin Up or Down - January 4, 3:45PM-4:00PM ET",btc-updown-15m-1767559500,0x7f2710975c1bdfc4511dc3c327cfe7ee7d7b5c2fe64980181ee74341a2d54462,1557301465141604810551338910140925132332991566065957875071399401478651888971,1,0x1defd3be685be25a7cd7fa6f046df2d0dc8466778885b8867511fb695dd434d8
2026-01-04T15:48:17,1767559697,TRADE,BUY,Down,15,0.5,7.5,"Bitcoin Up or Down - January 4, 3:45PM-4:00PM ET",btc-updown-15m-1767559500,0x7f2710975c1bdfc4511dc3c327cfe7ee7d7b5c2fe64980181ee74341a2d54462,1557301465141604810551338910140925132332991566065957875071399401478651888971,1,0xdd8f7d35a720c611e34d145477278499f531542e0a535323475cd00c80cc1b08
2026-01-04T15:48:17,1767559697,TRADE,BUY,Down,1.16,0.5,0.58,"Bitcoin Up or Down - January 4, 3:45PM-4:00PM ET",btc-updown-15m-1767559500,0x7f2710975c1bdfc4511dc3c327cfe7ee7d7b5c2fe64980181ee74341a2d54462,1557301465141604810551338910140925132332991566065957875071399401478651888971,1,0xd23472d01f2b84f9156e9d60fd0944333517d721eb2174567e6c7e700724d521
2026-01-04T15:48:17,1767559697,TRADE,BUY,Down,3.94,0.5,1.97,"Bitcoin Up or Down - January 4, 3:45PM-4:00PM ET",btc-updown-15m-1767559500,0x7f2710975c1bdfc4511dc3c327cfe7ee7d7b5c2fe64980181ee74341a2d54462,1557301465141604810551338910140925132332991566065957875071399401478651888971,1,0xd23472d01f2b84f9156e9d60fd0944333517d721eb2174567e6c7e700724d521
2026-01-04T15:48:17,1767559697,TRADE,BUY,Down,2.387754,0.5100001926496616,1.217755,"Bitcoin Up or Down - January 4, 3:45PM-4:00PM ET",btc-updown-15m-1767559500,0x7f2710975c1bdfc4511dc3c327cfe7ee7d7b5c2fe64980181ee74341a2d54462,1557301465141604810551338910140925132332991566065957875071399401478651888971,1,0xdf9cdee851f5e8f111a035cc3b6cfc03adfd7a32e2981763e16b57dd269bf04a
2026-01-04T15:48:15,1767559695,TRADE,BUY,Down,10,0.5,5,"Bitcoin Up or Down - January 4, 3:45PM-4:00PM ET",btc-updown-15m-1767559500,0x7f2710975c1bdfc4511dc3c327cfe7ee7d7b5c2fe64980181ee74341a2d54462,1557301465141604810551338910140925132332991566065957875071399401478651888971,1,0xebc4996c8f1984ea40856d525c87aef6b0b8e926919d1fb94421fd9341093d09
2026-01-04T15:48:15,1767559695,TRADE,BUY,Down,2,0.5,1,"Bitcoin Up or Down - January 4, 3:45PM-4:00PM ET",btc-updown-15m-1767559500,0x7f2710975c1bdfc4511dc3c327cfe7ee7d7b5c2fe64980181ee74341a2d54462,1557301465141604810551338910140925132332991566065957875071399401478651888971,1,0xe4acd8f006bbe17803045dd99046b808ef92b7abb68563233ebecea47d819b11
2026-01-04T15:48:13,1767559693,TRADE,BUY,Down,16,0.49,7.84,"Ethereum Up or Down - January 4, 3:45PM-4:00PM ET",eth-updown-15m-1767559500,0x42f75a06062b9e4ce2317fddff0da35adbcb27396a1da62822a2c254471d3484,98991642164318449849799255365709672842977763882942243995673937893038856560011,1,0xca16e45e38e03557166dd1c9350604d60f5f58097acd94dc2f1394af91ed1624
2026-01-04T15:48:11,1767559691,TRADE,BUY,Down,5.1,0.5,2.55,"Bitcoin Up or Down - January 4, 3:45PM-4:00PM ET",btc-updown-15m-1767559500,0x7f2710975c1bdfc4511dc3c327cfe7ee7d7b5c2fe64980181ee74341a2d54462,1557301465141604810551338910140925132332991566065957875071399401478651888971,1,0xa579625e604ebc71f5951741bc8af2be1f6f3f3ef756f8b799e58cf93348496c
2026-01-04T15:48:11,1767559691,TRADE,BUY,Down,6,0.5,3,"Bitcoin Up or Down - January 4, 3:45PM-4:00PM ET",btc-updown-15m-1767559500,0x7f2710975c1bdfc4511dc3c327cfe7ee7d7b5c2fe64980181ee74341a2d54462,1557301465141604810551338910140925132332991566065957875071399401478651888971,1,0xbf6eff2c3353427ae9d04cddcd72d6d5e77ae6351c3c06ff2937c592ee5c6c8f
2026-01-04T15:48:09,1767559689,TRADE,BUY,Down,0.1,0.5,0.05,"Bitcoin Up or Down - January 4, 3:45PM-4:00PM ET",btc-updown-15m-1767559500,0x7f2710975c1bdfc4511dc3c327cfe7ee7d7b5c2fe64980181ee74341a2d54462,1557301465141604810551338910140925132332991566065957875071399401478651888971,1,0x943fef1701fbe1bffd9584ec6a59a783dddf9d8b969ede85bb8d9de3ba4fcb8d
2026-01-04T15:48:07,1767559687,TRADE,BUY,Up,22.28,0.5,11.14,"Bitcoin Up or Down - January 4, 3:45PM-4:00PM ET",btc-updown-15m-1767559500,0x7f2710975c1bdfc4511dc3c327cfe7ee7d7b5c2fe64980181ee74341a2d54462,92170632673932098697839181910966056567672220619206304588775032640672954886297,0,0xedb2bf62f96f27713254c72d57298d53a56117fc4dcad8c66838ed08a520c49a
2026-01-04T15:48:05,1767559685,TRADE,BUY,Up,30,0.49,14.7,"Bitcoin Up or Down - January 4, 3:45PM-4:00PM ET",btc-updown-15m-1767559500,0x7f2710975c1bdfc4511dc3c327cfe7ee7d7b5c2fe64980181ee74341a2d54462,92170632673932098697839181910966056567672220619206304588775032640672954886297,0,0x6fac877541f8ff9a6f7d027fb2b3509e6988d7d596af5b130a976125e34106de
2026-01-04T15:48:05,1767559685,TRADE,BUY,Up,30,0.49,14.7,"Bitcoin Up or Down - January 4, 3:45PM-4:00PM ET",btc-updown-15m-1767559500,0x7f2710975c1bdfc4511dc3c327cfe7ee7d7b5c2fe64980181ee74341a2d54462,92170632673932098697839181910966056567672220619206304588775032640672954886297,0,0x6fac877541f8ff9a6f7d027fb2b3509e6988d7d596af5b130a976125e34106de
2026-01-04T15:48:05,1767559685,TRADE,BUY,Up,7.04,0.5,3.52,"Bitcoin Up or Down - January 4, 3:45PM-4:00PM ET",btc-updown-15m-1767559500,0x7f2710975c1bdfc4511dc3c327cfe7ee7d7b5c2fe64980181ee74341a2d54462,92170632673932098697839181910966056567672220619206304588775032640672954886297,0,0x194f04e712dba97831a079e764289b45056e8571a477a867a63e274c4e32b0a5
2026-01-04T15:48:05,1767559685,TRADE,BUY,Up,29.32,0.5,14.66,"Bitcoin Up or Down - January 4, 3:45PM-4:00PM ET",btc-updown-15m-1767559500,0x7f2710975c1bdfc4511dc3c327cfe7ee7d7b5c2fe64980181ee74341a2d54462,92170632673932098697839181910966056567672220619206304588775032640672954886297,0,0x194f04e712dba97831a079e764289b45056e8571a477a867a63e274c4e32b0a5
2026-01-04T15:48:05,1767559685,TRADE,BUY,Up,0.68,0.5,0.34,"Bitcoin Up or Down - January 4, 3:45PM-4:00PM ET",btc-updown-15m-1767559500,0x7f2710975c1bdfc4511dc3c327cfe7ee7d7b5c2fe64980181ee74341a2d54462,92170632673932098697839181910966056567672220619206304588775032640672954886297,0,0x913628d29a9f8f15ac318568eee383d3ad4e4fd270fb8081e50a361520a867bc
2026-01-04T15:48:05,1767559685,TRADE,BUY,Up,7.72,0.5,3.86,"Bitcoin Up or Down - January 4, 3:45PM-4:00PM ET",btc-updown-15m-1767559500,0x7f2710975c1bdfc4511dc3c327cfe7ee7d7b5c2fe64980181ee74341a2d54462,92170632673932098697839181910966056567672220619206304588775032640672954886297,0,0x913628d29a9f8f15ac318568eee383d3ad4e4fd270fb8081e50a361520a867bc
2026-01-04T15:48:05,1767559685,TRADE,BUY,Up,22.956,0.5,11.478,"Bitcoin Up or Down - January 4, 3:45PM-4:00PM ET",btc-updown-15m-1767559500,0x7f2710975c1bdfc4511dc3c327cfe7ee7d7b5c2fe64980181ee74341a2d54462,92170632673932098697839181910966056567672220619206304588775032640672954886297,0,0x0b7af3da0c8c709631f1e7b59b24dda3147f5bde656dcf0cbf141b20fceefa5e
2026-01-04T15:48:05,1767559685,TRADE,BUY,Up,30,0.49,14.7,"Bitcoin Up or Down - January 4, 3:45PM-4:00PM ET",btc-updown-15m-1767559500,0x7f2710975c1bdfc4511dc3c327cfe7ee7d7b5c2fe64980181ee74341a2d54462,92170632673932098697839181910966056567672220619206304588775032640672954886297,0,0x6fac877541f8ff9a6f7d027fb2b3509e6988d7d596af5b130a976125e34106de
2026-01-04T15:48:05,1767559685,TRADE,BUY,Up,30,0.49,14.7,"Bitcoin Up or Down - January 4, 3:45PM-4:00PM ET",btc-updown-15m-1767559500,0x7f2710975c1bdfc4511dc3c327cfe7ee7d7b5c2fe64980181ee74341a2d54462,92170632673932098697839181910966056567672220619206304588775032640672954886297,0,0x6fac877541f8ff9a6f7d027fb2b3509e6988d7d596af5b130a976125e34106de
2026-01-04T15:48:05,1767559685,TRADE,BUY,Up,30,0.49,14.7,"Bitcoin Up or Down - January 4, 3:45PM-4:00PM ET",btc-updown-15m-1767559500,0x7f2710975c1bdfc4511dc3c327cfe7ee7d7b5c2fe64980181ee74341a2d54462,92170632673932098697839181910966056567672220619206304588775032640672954886297,0,0x6fac877541f8ff9a6f7d027fb2b3509e6988d7d596af5b130a976125e34106de
2026-01-04T15:48:03,1767559683,TRADE,BUY,Down,5.9,0.48,2.832,"Bitcoin Up or Down - January 4, 3:45PM-4:00PM ET",btc-updown-15m-1767559500,0x7f2710975c1bdfc4511dc3c327cfe7ee7d7b5c2fe64980181ee74341a2d54462,1557301465141604810551338910140925132332991566065957875071399401478651888971,1,0x1d469bc53076ea42ddf081b6ee2d48c57f1a9118b3bbf7fee3f6e0c85df25c8d
2026-01-04T15:48:03,1767559683,TRADE,BUY,Down,5.253845,0.48000007613471657,2.521846,"Bitcoin Up or Down - January 4, 3:45PM-4:00PM ET",btc-updown-15m-1767559500,0x7f2710975c1bdfc4511dc3c327cfe7ee7d7b5c2fe64980181ee74341a2d54462,1557301465141604810551338910140925132332991566065957875071399401478651888971,1,0x1d469bc53076ea42ddf081b6ee2d48c57f1a9118b3bbf7fee3f6e0c85df25c8d
2026-01-04T15:48:03,1767559683,TRADE,BUY,Down,24.74,0.48,11.8752,"Bitcoin Up or Down - January 4, 3:45PM-4:00PM ET",btc-updown-15m-1767559500,0x7f2710975c1bdfc4511dc3c327cfe7ee7d7b5c2fe64980181ee74341a2d54462,1557301465141604810551338910140925132332991566065957875071399401478651888971,1,0x95b53d9248798d866f1451ad399affdfac49343a9c08905778876f3d922dab20
2026-01-04T15:48:03,1767559683,TRADE,BUY,Down,24.1,0.48,11.568,"Bitcoin Up or Down - January 4, 3:45PM-4:00PM ET",btc-updown-15m-1767559500,0x7f2710975c1bdfc4511dc3c327cfe7ee7d7b5c2fe64980181ee74341a2d54462,1557301465141604810551338910140925132332991566065957875071399401478651888971,1,0xcc36ed49c9db830591b0fce00e732e678625a9ef1d08ff839ebe20e95b956713
2026-01-04T15:47:59,1767559679,TRADE,BUY,Down,16,0.49,7.84,"Ethereum Up or Down - January 4, 3:45PM-4:00PM ET",eth-updown-15m-1767559500,0x42f75a06062b9e4ce2317fddff0da35adbcb27396a1da62822a2c254471d3484,98991642164318449849799255365709672842977763882942243995673937893038856560011,1,0x60c5bf331a100c55512eaa25b07a666144da7afeb244fd32ed3641e41e10e2d8
2026-01-04T15:47:59,1767559679,TRADE,BUY,Up,5,0.5,2.5,"Bitcoin Up or Down - January 4, 3:45PM-4:00PM ET",btc-updown-15m-1767559500,0x7f2710975c1bdfc4511dc3c327cfe7ee7d7b5c2fe64980181ee74341a2d54462,92170632673932098697839181910966056567672220619206304588775032640672954886297,0,0xa7c233284c903cb396267b1c646a63f731fc07b310f70d0d54e8ef9a789a1458
2026-01-04T15:47:59,1767559679,TRADE,BUY,Up,14.7,0.5,7.35,"Bitcoin Up or Down - January 4, 3:45PM-4:00PM ET",btc-updown-15m-1767559500,0x7f2710975c1bdfc4511dc3c327cfe7ee7d7b5c2fe64980181ee74341a2d54462,92170632673932098697839181910966056567672220619206304588775032640672954886297,0,0x7b08821501b9fc39c40361c1d21060b8b1cdf60435715a53429cfc312f6cab76
2026-01-04T15:47:59,1767559679,TRADE,BUY,Up,2.32,0.5,1.16,"Bitcoin Up or Down - January 4, 3:45PM-4:00PM ET",btc-updown-15m-1767559500,0x7f2710975c1bdfc4511dc3c327cfe7ee7d7b5c2fe64980181ee74341a2d54462,92170632673932098697839181910966056567672220619206304588775032640672954886297,0,0x097fbe205b47a16c448cc233362c32a25f61a47e0e7a538b597b6b1bb38863f1
2026-01-04T15:47:59,1767559679,TRADE,BUY,Up,5,0.5,2.5,"Bitcoin Up or Down - January 4, 3:45PM-4:00PM ET",btc-updown-15m-1767559500,0x7f2710975c1bdfc4511dc3c327cfe7ee7d7b5c2fe64980181ee74341a2d54462,92170632673932098697839181910966056567672220619206304588775032640672954886297,0,0x8a1966e994a01423ea7aac8e90f745a536f3308373934d1321adfc827d679cd3
2026-01-04T15:47:59,1767559679,TRADE,BUY,Up,2.04,0.5,1.02,"Bitcoin Up or Down - January 4, 3:45PM-4:00PM ET",btc-updown-15m-1767559500,0x7f2710975c1bdfc4511dc3c327cfe7ee7d7b5c2fe64980181ee74341a2d54462,92170632673932098697839181910966056567672220619206304588775032640672954886297,0,0xa691aec5091743f9c593a0fecbab1dcd078642c20cba9a60986e2ea22191a9fe
2026-01-04T15:47:59,1767559679,TRADE,BUY,Up,5,0.5,2.5,"Bitcoin Up or Down - January 4, 3:45PM-4:00PM ET",btc-updown-15m-1767559500,0x7f2710975c1bdfc4511dc3c327cfe7ee7d7b5c2fe64980181ee74341a2d54462,92170632673932098697839181910966056567672220619206304588775032640672954886297,0,0x724d57e2ec3495487d3dafba92f7cfef4017e8dc18f4b565084566cfd9ef9feb
2026-01-04T15:47:59,1767559679,TRADE,BUY,Up,5,0.5,2.5,"Bitcoin Up or Down - January 4, 3:45PM-4:00PM ET",btc-updown-15m-1767559500,0x7f2710975c1bdfc4511dc3c327cfe7ee7d7b5c2fe64980181ee74341a2d54462,92170632673932098697839181910966056567672220619206304588775032640672954886297,0,0xcd7dad96c3ef6d678a99fb54a122faa5e39dfe514a3f6d8141e21a7c144adab8
2026-01-04T15:47:59,1767559679,TRADE,BUY,Up,5.32,0.5,2.66,"Bitcoin Up or Down - January 4, 3:45PM-4:00PM ET",btc-updown-15m-1767559500,0x7f2710975c1bdfc4511dc3c327cfe7ee7d7b5c2fe64980181ee74341a2d54462,92170632673932098697839181910966056567672220619206304588775032640672954886297,0,0x07724145421698c02490f13ffaf02836a36365facff424e5e8b249af698a797b
2026-01-04T15:47:57,1767559677,TRADE,BUY,Down,30,0.5,15,"Bitcoin Up or Down - January 4, 3:45PM-4:00PM ET",btc-updown-15m-1767559500,0x7f2710975c1bdfc4511dc3c327cfe7ee7d7b5c2fe64980181ee74341a2d54462,1557301465141604810551338910140925132332991566065957875071399401478651888971,1,0x3ad4994b06868c5df1c9d5e0294cb9c329afbbf7604e35cf9fc6af5c601abc98
2026-01-04T15:47:57,1767559677,TRADE,BUY,Down,6.88,0.5,3.44,"Bitcoin Up or Down - January 4, 3:45PM-4:00PM ET",btc-updown-15m-1767559500,0x7f2710975c1bdfc4511dc3c327cfe7ee7d7b5c2fe64980181ee74341a2d54462,1557301465141604810551338910140925132332991566065957875071399401478651888971,1,0x80b2cfca8640bd33b943adf6250d635852fe09a51a5577f93de945aa18b039bf
2026-01-04T15:47:57,1767559677,TRADE,BUY,Down,30,0.5,15,"Bitcoin Up or Down - January 4, 3:45PM-4:00PM ET",btc-updown-15m-1767559500,0x7f2710975c1bdfc4511dc3c327cfe7ee7d7b5c2fe64980181ee74341a2d54462,1557301465141604810551338910140925132332991566065957875071399401478651888971,1,0x829787ca0dc701b85e107d5c0a256a70c497391eb191482a548a858c3e3cdffb
2026-01-04T15:47:57,1767559677,TRADE,BUY,Up,22.43,0.5,11.215,"Bitcoin Up or Down - January 4, 3:45PM-4:00PM ET",btc-updown-15m-1767559500,0x7f2710975c1bdfc4511dc3c327cfe7ee7d7b5c2fe64980181ee74341a2d54462,92170632673932098697839181910966056567672220619206304588775032640672954886297,0,0xacb3a9b2e82c572bfc53571307b2cc90ada2084df629c2057425d6c08c1d9669
2026-01-04T15:47:57,1767559677,TRADE,BUY,Up,4.07,0.5,2.035,"Bitcoin Up or Down - January 4, 3:45PM-4:00PM ET",btc-updown-15m-1767559500,0x7f2710975c1bdfc4511dc3c327cfe7ee7d7b5c2fe64980181ee74341a2d54462,92170632673932098697839181910966056567672220619206304588775032640672954886297,0,0xacb3a9b2e82c572bfc53571307b2cc90ada2084df629c2057425d6c08c1d9669
2026-01-04T15:47:57,1767559677,TRADE,BUY,Up,7.57,0.5,3.785,"Bitcoin Up or Down - January 4, 3:45PM-4:00PM ET",btc-updown-15m-1767559500,0x7f2710975c1bdfc4511dc3c327cfe7ee7d7b5c2fe64980181ee74341a2d54462,92170632673932098697839181910966056567672220619206304588775032640672954886297,0,0xc3b85e08945c701a031626bea3e0d388a9f3db341de7895cc4db50f5f3213de7
2026-01-04T15:47:57,1767559677,TRADE,BUY,Up,11.74,0.5,5.87,"Bitcoin Up or Down - January 4, 3:45PM-4:00PM ET",btc-updown-15m-1767559500,0x7f2710975c1bdfc4511dc3c327cfe7ee7d7b5c2fe64980181ee74341a2d54462,92170632673932098697839181910966056567672220619206304588775032640672954886297,0,0x32572bfbd38ae04b3536c2280f36489f9664e8919248f4dfc7121fda7013e710
2026-01-04T15:47:57,1767559677,TRADE,BUY,Up,1.41,0.5,0.705,"Bitcoin Up or Down - January 4, 3:45PM-4:00PM ET",btc-updown-15m-1767559500,0x7f2710975c1bdfc4511dc3c327cfe7ee7d7b5c2fe64980181ee74341a2d54462,92170632673932098697839181910966056567672220619206304588775032640672954886297,0,0xcabf762e05b462de7f39c25993d47bc3683bd7ec7a4913d6d3d0401ae6d08df7
2026-01-04T15:47:57,1767559677,TRADE,BUY,Up,5,0.5,2.5,"Bitcoin Up or Down - January 4, 3:45PM-4:00PM ET",btc-updown-15m-1767559500,0x7f2710975c1bdfc4511dc3c327cfe7ee7d7b5c2fe64980181ee74341a2d54462,92170632673932098697839181910966056567672220619206304588775032640672954886297,0,0xa98a86006dc1dd9951ee054e9d6e4c1c36b37b170bc03c5f880c5c6ee7003ed5
2026-01-04T15:47:57,1767559677,TRADE,BUY,Up,4.84,0.5,2.42,"Bitcoin Up or Down - January 4, 3:45PM-4:00PM ET",btc-updown-15m-1767559500,0x7f2710975c1bdfc4511dc3c327cfe7ee7d7b5c2fe64980181ee74341a2d54462,92170632673932098697839181910966056567672220619206304588775032640672954886297,0,0xbb4c0e8a944eb9c9f2324110b6a7c2ef0792cce172fdfc1ef8e15154ea7ecacd
2026-01-04T15:47:57,1767559677,TRADE,BUY,Up,0.16,0.5,0.08,"Bitcoin Up or Down - January 4, 3:45PM-4:00PM ET",btc-updown-15m-1767559500,0x7f2710975c1bdfc4511dc3c327cfe7ee7d7b5c2fe64980181ee74341a2d54462,92170632673932098697839181910966056567672220619206304588775032640672954886297,0,0xbb4c0e8a944eb9c9f2324110b6a7c2ef0792cce172fdfc1ef8e15154ea7ecacd
2026-01-04T15:47:57,1767559677,TRADE,BUY,Up,5,0.5,2.5,"Bitcoin Up or Down - January 4, 3:45PM-4:00PM ET",btc-updown-15m-1767559500,0x7f2710975c1bdfc4511dc3c327cfe7ee7d7b5c2fe64980181ee74341a2d54462,92170632673932098697839181910966056567672220619206304588775032640672954886297,0,0x9a2a3493934f444a71728ac8a6d1ba6dfbc2dee08637edc25b68adc455445604
2026-01-04T15:47:57,1767559677,TRADE,BUY,Up,2.94,0.5,1.47,"Bitcoin Up or Down - January 4, 3:45PM-4:00PM ET",btc-updown-15m-1767559500,0x7f2710975c1bdfc4511dc3c327cfe7ee7d7b5c2fe64980181ee74341a2d54462,92170632673932098697839181910966056567672220619206304588775032640672954886297,0,0x86ce826f4176a8ad28f955a31802fd7ec6705a7a5cbe0384f4a1ab18993b2ca7
2026-01-04T15:47:57,1767559677,TRADE,BUY,Up,0.32,0.5,0.16,"Bitcoin Up or Down - January 4, 3:45PM-4:00PM ET",btc-updown-15m-1767559500,0x7f2710975c1bdfc4511dc3c327cfe7ee7d7b5c2fe64980181ee74341a2d54462,92170632673932098697839181910966056567672220619206304588775032640672954886297,0,0x5bc40ad69a40c8dd7d06392c28cbde890406bfdd545977cc7f82041f4488a202
2026-01-04T15:47:57,1767559677,TRADE,BUY,Up,5,0.5,2.5,"Bitcoin Up or Down - January 4, 3:45PM-4:00PM ET",btc-updown-15m-1767559500,0x7f2710975c1bdfc4511dc3c327cfe7ee7d7b5c2fe64980181ee74341a2d54462,92170632673932098697839181910966056567672220619206304588775032640672954886297,0,0xc2de653920916b448cabe53de88d7540bc62c8def00f4230456b88a813fd9c34
2026-01-04T15:47:57,1767559677,TRADE,BUY,Up,5.14,0.5,2.57,"Bitcoin Up or Down - January 4, 3:45PM-4:00PM ET",btc-updown-15m-1767559500,0x7f2710975c1bdfc4511dc3c327cfe7ee7d7b5c2fe64980181ee74341a2d54462,92170632673932098697839181910966056567672220619206304588775032640672954886297,0,0xdb2ddf2bb92886a312dbe9224ee85c121776bfc97ea7bda20d244509747e6623
2026-01-04T15:47:57,1767559677,TRADE,BUY,Down,16,0.5,8,"Bitcoin Up or Down - January 4, 3:45PM-4:00PM ET",btc-updown-15m-1767559500,0x7f2710975c1bdfc4511dc3c327cfe7ee7d7b5c2fe64980181ee74341a2d54462,1557301465141604810551338910140925132332991566065957875071399401478651888971,1,0xb132a4094ee46a8003bebd3b0b36514d6af456e6ad138debe6cf5360d8055072
2026-01-04T15:47:57,1767559677,TRADE,BUY,Up,16,0.5,8,"Ethereum Up or Down - January 4, 3:45PM-4:00PM ET",eth-updown-15m-1767559500,0x42f75a06062b9e4ce2317fddff0da35adbcb27396a1da62822a2c254471d3484,81115282060155343973682629302140588398994460909748445358417739032150121928748,0,0x69272eb9f8650049d9ed22a4cb9a453a1ac6c41a57b833c3c5558e1cca91b079
2026-01-04T15:47:57,1767559677,TRADE,BUY,Down,30,0.5,15,"Bitcoin Up or Down - January 4, 3:45PM-4:00PM ET",btc-updown-15m-1767559500,0x7f2710975c1bdfc4511dc3c327cfe7ee7d7b5c2fe64980181ee74341a2d54462,1557301465141604810551338910140925132332991566065957875071399401478651888971,1,0x2580e93baaf7fc3eb3df291fd60b656d360095291d6ca98566e022187a05922b
2026-01-04T15:47:57,1767559677,TRADE,BUY,Down,30,0.5,15,"Bitcoin Up or Down - January 4, 3:45PM-4:00PM ET",btc-updown-15m-1767559500,0x7f2710975c1bdfc4511dc3c327cfe7ee7d7b5c2fe64980181ee74341a2d54462,1557301465141604810551338910140925132332991566065957875071399401478651888971,1,0x2580e93baaf7fc3eb3df291fd60b656d360095291d6ca98566e022187a05922b
2026-01-04T15:47:55,1767559675,TRADE,BUY,Down,15.72,0.51,8.0172,"Ethereum Up or Down - January 4, 3:45PM-4:00PM ET",eth-updown-15m-1767559500,0x42f75a06062b9e4ce2317fddff0da35adbcb27396a1da62822a2c254471d3484,98991642164318449849799255365709672842977763882942243995673937893038856560011,1,0xd82232d27e6261db0464216cee0e346f9cea20ad9419c4fd3817fa58fde796dd
2026-01-04T15:47:55,1767559675,TRADE,BUY,Up,18,0.48,8.64,"Bitcoin Up or Down - January 4, 3:45PM-4:00PM ET",btc-updown-15m-1767559500,0x7f2710975c1bdfc4511dc3c327cfe7ee7d7b5c2fe64980181ee74341a2d54462,92170632673932098697839181910966056567672220619206304588775032640672954886297,0,0x44b8238b57e81fbeba60e07bd8e934e3ef60493842c04b4ab9b8b7379f52544e
2026-01-04T15:47:55,1767559675,TRADE,BUY,Up,16,0.5,8,"Ethereum Up or Down - January 4, 3:45PM-4:00PM ET",eth-updown-15m-1767559500,0x42f75a06062b9e4ce2317fddff0da35adbcb27396a1da62822a2c254471d3484,81115282060155343973682629302140588398994460909748445358417739032150121928748,0,0x056fcdb5679546c0d77fac56d2a5068d05195fad45b951b8f5a15613ad29611b
2026-01-04T15:47:55,1767559675,TRADE,BUY,Up,16,0.51,8.16,"Ethereum Up or Down - January 4, 3:45PM-4:00PM ET",eth-updown-15m-1767559500,0x42f75a06062b9e4ce2317fddff0da35adbcb27396a1da62822a2c254471d3484,81115282060155343973682629302140588398994460909748445358417739032150121928748,0,0xc4d3033e817dc66c9e9084f48bd50e2cd701695a97f749af3f1e462625871e6e
2026-01-04T15:47:55,1767559675,TRADE,BUY,Up,30,0.47,14.1,"Bitcoin Up or Down - January 4, 3:45PM-4:00PM ET",btc-updown-15m-1767559500,0x7f2710975c1bdfc4511dc3c327cfe7ee7d7b5c2fe64980181ee74341a2d54462,92170632673932098697839181910966056567672220619206304588775032640672954886297,0,0x57a2988290e81880e5c6f1bfb85f1eac0f2c6ba9e0fbb370a1df7e11fb04dcf3
2026-01-04T15:47:55,1767559675,TRADE,BUY,Up,30,0.47,14.1,"Bitcoin Up or Down - January 4, 3:45PM-4:00PM ET",btc-updown-15m-1767559500,0x7f2710975c1bdfc4511dc3c327cfe7ee7d7b5c2fe64980181ee74341a2d54462,92170632673932098697839181910966056567672220619206304588775032640672954886297,0,0x57a2988290e81880e5c6f1bfb85f1eac0f2c6ba9e0fbb370a1df7e11fb04dcf3
2026-01-04T15:47:55,1767559675,TRADE,BUY,Up,16,0.5,8,"Ethereum Up or Down - January 4, 3:45PM-4:00PM ET",eth-updown-15m-1767559500,0x42f75a06062b9e4ce2317fddff0da35adbcb27396a1da62822a2c254471d3484,81115282060155343973682629302140588398994460909748445358417739032150121928748,0,0xb0d7e778d863104d7083820573a31d2f57b929dd86d76a39717ab0c4e6431042
2026-01-04T15:47:55,1767559675,TRADE,BUY,Up,16,0.5,8,"Ethereum Up or Down - January 4, 3:45PM-4:00PM ET",eth-updown-15m-1767559500,0x42f75a06062b9e4ce2317fddff0da35adbcb27396a1da62822a2c254471d3484,81115282060155343973682629302140588398994460909748445358417739032150121928748,0,0x35cbd38ba7c2f89d15985d0983c838c81206b2937b679913f108be104243d74b
2026-01-04T15:47:55,1767559675,TRADE,BUY,Up,16,0.5,8,"Ethereum Up or Down - January 4, 3:45PM-4:00PM ET",eth-updown-15m-1767559500,0x42f75a06062b9e4ce2317fddff0da35adbcb27396a1da62822a2c254471d3484,81115282060155343973682629302140588398994460909748445358417739032150121928748,0,0x8e49e08e5e655f9e5d3acfc579e5660ba58f33e8d4c2dd294caab1227f93844f
2026-01-04T15:47:55,1767559675,TRADE,BUY,Down,30,0.51,15.3,"Bitcoin Up or Down - January 4, 3:45PM-4:00PM ET",btc-updown-15m-1767559500,0x7f2710975c1bdfc4511dc3c327cfe7ee7d7b5c2fe64980181ee74341a2d54462,1557301465141604810551338910140925132332991566065957875071399401478651888971,1,0xb793ecd0c167f377f5894bbf5f545c73fc62622f397efa7b1a5f8e2f83b29eff
2026-01-04T15:47:55,1767559675,TRADE,BUY,Up,16,0.5,8,"Ethereum Up or Down - January 4, 3:45PM-4:00PM ET",eth-updown-15m-1767559500,0x42f75a06062b9e4ce2317fddff0da35adbcb27396a1da62822a2c254471d3484,81115282060155343973682629302140588398994460909748445358417739032150121928748,0,0x2b0afdef85561dca3bccf4aefc0c4750896a113f34ecc3858b26d2377173570a
2026-01-04T15:47:55,1767559675,TRADE,BUY,Up,16,0.51,8.16,"Ethereum Up or Down - January 4, 3:45PM-4:00PM ET",eth-updown-15m-1767559500,0x42f75a06062b9e4ce2317fddff0da35adbcb27396a1da62822a2c254471d3484,81115282060155343973682629302140588398994460909748445358417739032150121928748,0,0xbdff36c2955c9822677512b4965e3373e9388c8756b874079a6178dfceec34b5
2026-01-04T15:47:55,1767559675,TRADE,BUY,Up,5,0.48,2.4,"Bitcoin Up or Down - January 4, 3:45PM-4:00PM ET",btc-updown-15m-1767559500,0x7f2710975c1bdfc4511dc3c327cfe7ee7d7b5c2fe64980181ee74341a2d54462,92170632673932098697839181910966056567672220619206304588775032640672954886297,0,0x3303a6c2bb36b899592a0622c011c4df14d612a291061602f91003c45c7fd70c
2026-01-04T15:47:55,1767559675,TRADE,BUY,Up,7,0.48,3.36,"Bitcoin Up or Down - January 4, 3:45PM-4:00PM ET",btc-updown-15m-1767559500,0x7f2710975c1bdfc4511dc3c327cfe7ee7d7b5c2fe64980181ee74341a2d54462,92170632673932098697839181910966056567672220619206304588775032640672954886297,0,0xe3a98460398a3ef0eeee480127f0dab1c47c263d0e5665922c820cb9a08ff914
2026-01-04T15:47:55,1767559675,TRADE,BUY,Down,0.28,0.51,0.1428,"Ethereum Up or Down - January 4, 3:45PM-4:00PM ET",eth-updown-15m-1767559500,0x42f75a06062b9e4ce2317fddff0da35adbcb27396a1da62822a2c254471d3484,98991642164318449849799255365709672842977763882942243995673937893038856560011,1,0x175c8fdab64f8b0a30c3bb055b2c99b7f2c622ea49b2256b31345ea24b7fa11d
2026-01-04T15:47:55,1767559675,TRADE,BUY,Down,16,0.51,8.16,"Ethereum Up or Down - January 4, 3:45PM-4:00PM ET",eth-updown-15m-1767559500,0x42f75a06062b9e4ce2317fddff0da35adbcb27396a1da62822a2c254471d3484,98991642164318449849799255365709672842977763882942243995673937893038856560011,1,0x175c8fdab64f8b0a30c3bb055b2c99b7f2c622ea49b2256b31345ea24b7fa11d
2026-01-04T15:47:55,1767559675,TRADE,BUY,Down,16,0.51,8.16,"Ethereum Up or Down - January 4, 3:45PM-4:00PM ET",eth-updown-15m-1767559500,0x42f75a06062b9e4ce2317fddff0da35adbcb27396a1da62822a2c254471d3484,98991642164318449849799255365709672842977763882942243995673937893038856560011,1,0x175c8fdab64f8b0a30c3bb055b2c99b7f2c622ea49b2256b31345ea24b7fa11d
2026-01-04T15:47:55,1767559675,TRADE,BUY,Down,16,0.51,8.16,"Ethereum Up or Down - January 4, 3:45PM-4:00PM ET",eth-updown-15m-1767559500,0x42f75a06062b9e4ce2317fddff0da35adbcb27396a1da62822a2c254471d3484,98991642164318449849799255365709672842977763882942243995673937893038856560011,1,0xd82232d27e6261db0464216cee0e346f9cea20ad9419c4fd3817fa58fde796dd
2026-01-04T15:47:55,1767559675,TRADE,BUY,Down,16,0.51,8.16,"Ethereum Up or Down - January 4, 3:45PM-4:00PM ET",eth-updown-15m-1767559500,0x42f75a06062b9e4ce2317fddff0da35adbcb27396a1da62822a2c254471d3484,98991642164318449849799255365709672842977763882942243995673937893038856560011,1,0xd82232d27e6261db0464216cee0e346f9cea20ad9419c4fd3817fa58fde796dd
2026-01-04T15:47:55,1767559675,TRADE,BUY,Down,16,0.51,8.16,"Ethereum Up or Down - January 4, 3:45PM-4:00PM ET",eth-updown-15m-1767559500,0x42f75a06062b9e4ce2317fddff0da35adbcb27396a1da62822a2c254471d3484,98991642164318449849799255365709672842977763882942243995673937893038856560011,1,0xd82232d27e6261db0464216cee0e346f9cea20ad9419c4fd3817fa58fde796dd
2026-01-04T15:47:55,1767559675,TRADE,BUY,Down,16,0.51,8.16,"Ethereum Up or Down - January 4, 3:45PM-4:00PM ET",eth-updown-15m-1767559500,0x42f75a06062b9e4ce2317fddff0da35adbcb27396a1da62822a2c254471d3484,98991642164318449849799255365709672842977763882942243995673937893038856560011,1,0xd82232d27e6261db0464216cee0e346f9cea20ad9419c4fd3817fa58fde796dd
2026-01-04T15:47:53,1767559673,TRADE,BUY,Down,30,0.54,16.2,"Bitcoin Up or Down - January 4, 3:45PM-4:00PM ET",btc-updown-15m-1767559500,0x7f2710975c1bdfc4511dc3c327cfe7ee7d7b5c2fe64980181ee74341a2d54462,1557301465141604810551338910140925132332991566065957875071399401478651888971,1,0x62241eff2728bf927fc3eab902b88743f93e16ffd408a1f28ab0e1f3a99d4005
2026-01-04T15:47:53,1767559673,TRADE,BUY,Down,30,0.54,16.2,"Bitcoin Up or Down - January 4, 3:45PM-4:00PM ET",btc-updown-15m-1767559500,0x7f2710975c1bdfc4511dc3c327cfe7ee7d7b5c2fe64980181ee74341a2d54462,1557301465141604810551338910140925132332991566065957875071399401478651888971,1,0x62241eff2728bf927fc3eab902b88743f93e16ffd408a1f28ab0e1f3a99d4005
2026-01-04T15:47:53,1767559673,TRADE,BUY,Down,30,0.54,16.2,"Bitcoin Up or Down - January 4, 3:45PM-4:00PM ET",btc-updown-15m-1767559500,0x7f2710975c1bdfc4511dc3c327cfe7ee7d7b5c2fe64980181ee74341a2d54462,1557301465141604810551338910140925132332991566065957875071399401478651888971,1,0x62241eff2728bf927fc3eab902b88743f93e16ffd408a1f28ab0e1f3a99d4005
2026-01-04T15:47:53,1767559673,TRADE,BUY,Down,30,0.54,16.2,"Bitcoin Up or Down - January 4, 3:45PM-4:00PM ET",btc-updown-15m-1767559500,0x7f2710975c1bdfc4511dc3c327cfe7ee7d7b5c2fe64980181ee74341a2d54462,1557301465141604810551338910140925132332991566065957875071399401478651888971,1,0x62241eff2728bf927fc3eab902b88743f93e16ffd408a1f28ab0e1f3a99d4005
2026-01-04T15:47:53,1767559673,TRADE,BUY,Down,30,0.54,16.2,"Bitcoin Up or Down - January 4, 3:45PM-4:00PM ET",btc-updown-15m-1767559500,0x7f2710975c1bdfc4511dc3c327cfe7ee7d7b5c2fe64980181ee74341a2d54462,1557301465141604810551338910140925132332991566065957875071399401478651888971,1,0x62241eff2728bf927fc3eab902b88743f93e16ffd408a1f28ab0e1f3a99d4005
2026-01-04T15:47:53,1767559673,TRADE,BUY,Down,27,0.54,14.58,"Bitcoin Up or Down - January 4, 3:45PM-4:00PM ET",btc-updown-15m-1767559500,0x7f2710975c1bdfc4511dc3c327cfe7ee7d7b5c2fe64980181ee74341a2d54462,1557301465141604810551338910140925132332991566065957875071399401478651888971,1,0x62241eff2728bf927fc3eab902b88743f93e16ffd408a1f28ab0e1f3a99d4005
2026-01-04T15:47:51,1767559671,TRADE,BUY,Down,16,0.54,8.64,"Ethereum Up or Down - January 4, 3:45PM-4:00PM ET",eth-updown-15m-1767559500,0x42f75a06062b9e4ce2317fddff0da35adbcb27396a1da62822a2c254471d3484,98991642164318449849799255365709672842977763882942243995673937893038856560011,1,0xa6d02245e16ce22063e09877258c7154fb438b87b2cb0d6f65d89964d16f4648
2026-01-04T15:47:41,1767559661,TRADE,BUY,Up,16,0.37,5.92,"Ethereum Up or Down - January 4, 3:45PM-4:00PM ET",eth-updown-15m-1767559500,0x42f75a06062b9e4ce2317fddff0da35adbcb27396a1da62822a2c254471d3484,81115282060155343973682629302140588398994460909748445358417739032150121928748,0,0x42ec3dedb0519c890f20b60742a89702a604fe90349e63a623482842c0a9110d
2026-01-04T15:47:41,1767559661,TRADE,BUY,Up,16,0.34,5.44,"Ethereum Up or Down - January 4, 3:45PM-4:00PM ET",eth-updown-15m-1767559500,0x42f75a06062b9e4ce2317fddff0da35adbcb27396a1da62822a2c254471d3484,81115282060155343973682629302140588398994460909748445358417739032150121928748,0,0x2544e4074e78583ff5e3f434c8b7de582ffd9c3a9c4cec2fe6a6258b2cf859f7
2026-01-04T15:47:41,1767559661,TRADE,BUY,Up,16,0.34,5.44,"Ethereum Up or Down - January 4, 3:45PM-4:00PM ET",eth-updown-15m-1767559500,0x42f75a06062b9e4ce2317fddff0da35adbcb27396a1da62822a2c254471d3484,81115282060155343973682629302140588398994460909748445358417739032150121928748,0,0x3d42bf2c32d0256b916a6a0c1156d066514886722f40e43c903e7519b8764a5d
2026-01-04T15:47:41,1767559661,TRADE,BUY,Up,16,0.34,5.44,"Ethereum Up or Down - January 4, 3:45PM-4:00PM ET",eth-updown-15m-1767559500,0x42f75a06062b9e4ce2317fddff0da35adbcb27396a1da62822a2c254471d3484,81115282060155343973682629302140588398994460909748445358417739032150121928748,0,0x0176f3a88cdffeebb7be5844c7b7f490b33d3bb41f32387fe8a605cab1f0ed8d
2026-01-04T15:47:41,1767559661,TRADE,BUY,Up,16,0.34,5.44,"Ethereum Up or Down - January 4, 3:45PM-4:00PM ET",eth-updown-15m-1767559500,0x42f75a06062b9e4ce2317fddff0da35adbcb27396a1da62822a2c254471d3484,81115282060155343973682629302140588398994460909748445358417739032150121928748,0,0x8a9848f1be9787eda0806ce51d3fd1cf3dafd6f5a30e2a4ff567f110ea1f23d5
2026-01-04T15:47:41,1767559661,TRADE,BUY,Up,5,0.35,1.75,"Ethereum Up or Down - January 4, 3:45PM-4:00PM ET",eth-updown-15m-1767559500,0x42f75a06062b9e4ce2317fddff0da35adbcb27396a1da62822a2c254471d3484,81115282060155343973682629302140588398994460909748445358417739032150121928748,0,0x6f9ad736e8fc1e293caf062c70fe25408e6b6a5580731d9f78847bd148788c8f
2026-01-04T15:47:39,1767559659,TRADE,BUY,Down,9.75,0.68,6.63,"Bitcoin Up or Down - January 4, 3:45PM-4:00PM ET",btc-updown-15m-1767559500,0x7f2710975c1bdfc4511dc3c327cfe7ee7d7b5c2fe64980181ee74341a2d54462,1557301465141604810551338910140925132332991566065957875071399401478651888971,1,0x0431dedfacf03afe1a89abced0b1842a787f1a8e84e97851f969b951e8b71eec
2026-01-04T15:47:39,1767559659,TRADE,BUY,Up,1,0.34,0.34,"Ethereum Up or Down - January 4, 3:45PM-4:00PM ET",eth-updown-15m-1767559500,0x42f75a06062b9e4ce2317fddff0da35adbcb27396a1da62822a2c254471d3484,81115282060155343973682629302140588398994460909748445358417739032150121928748,0,0x628018a4072182fdadf3478f6463005d42a5df4180c68ef49d04b9f1d5fd47b4
2026-01-04T15:47:35,1767559655,TRADE,BUY,Up,16,0.29,4.64,"Ethereum Up or Down - January 4, 3:45PM-4:00PM ET",eth-updown-15m-1767559500,0x42f75a06062b9e4ce2317fddff0da35adbcb27396a1da62822a2c254471d3484,81115282060155343973682629302140588398994460909748445358417739032150121928748,0,0xbfd5fb38717eb69c033ebe8b5c7a2959e80797a4a6a534d59ea10884e9b50d99
2026-01-04T15:47:35,1767559655,TRADE,BUY,Up,16,0.29,4.64,"Ethereum Up or Down - January 4, 3:45PM-4:00PM ET",eth-updown-15m-1767559500,0x42f75a06062b9e4ce2317fddff0da35adbcb27396a1da62822a2c254471d3484,81115282060155343973682629302140588398994460909748445358417739032150121928748,0,0xbfd5fb38717eb69c033ebe8b5c7a2959e80797a4a6a534d59ea10884e9b50d99
2026-01-04T15:47:35,1767559655,TRADE,BUY,Down,1.59875,0.68,1.08715,"Bitcoin Up or Down - January 4, 3:45PM-4:00PM ET",btc-updown-15m-1767559500,0x7f2710975c1bdfc4511dc3c327cfe7ee7d7b5c2fe64980181ee74341a2d54462,1557301465141604810551338910140925132332991566065957875071399401478651888971,1,0xcd6f90153a29d17c4f4ea01b86158d4f756f097747556b3c5e212de42f5fe2fb
2026-01-04T15:47:35,1767559655,TRADE,BUY,Down,16,0.69,11.04,"Ethereum Up or Down - January 4, 3:45PM-4:00PM ET",eth-updown-15m-1767559500,0x42f75a06062b9e4ce2317fddff0da35adbcb27396a1da62822a2c254471d3484,98991642164318449849799255365709672842977763882942243995673937893038856560011,1,0x1a3f1ca3f35114874bdb76ace7f09df55fd68081e45d2fd3253787efc8efe671
2026-01-04T15:47:35,1767559655,TRADE,BUY,Down,8.06,0.68,5.4808,"Ethereum Up or Down - January 4, 3:45PM-4:00PM ET",eth-updown-15m-1767559500,0x42f75a06062b9e4ce2317fddff0da35adbcb27396a1da62822a2c254471d3484,98991642164318449849799255365709672842977763882942243995673937893038856560011,1,0x07d9e86b2784da9b08fd348dffd97ce12fa921315f3d3d93ddbde27ca4c22d34
2026-01-04T15:47:35,1767559655,TRADE,BUY,Down,16,0.68,10.88,"Ethereum Up or Down - January 4, 3:45PM-4:00PM ET",eth-updown-15m-1767559500,0x42f75a06062b9e4ce2317fddff0da35adbcb27396a1da62822a2c254471d3484,98991642164318449849799255365709672842977763882942243995673937893038856560011,1,0x07d9e86b2784da9b08fd348dffd97ce12fa921315f3d3d93ddbde27ca4c22d34
2026-01-04T15:47:35,1767559655,TRADE,BUY,Down,16,0.68,10.88,"Ethereum Up or Down - January 4, 3:45PM-4:00PM ET",eth-updown-15m-1767559500,0x42f75a06062b9e4ce2317fddff0da35adbcb27396a1da62822a2c254471d3484,98991642164318449849799255365709672842977763882942243995673937893038856560011,1,0x07d9e86b2784da9b08fd348dffd97ce12fa921315f3d3d93ddbde27ca4c22d34
2026-01-04T15:47:35,1767559655,TRADE,BUY,Down,16,0.68,10.88,"Ethereum Up or Down - January 4, 3:45PM-4:00PM ET",eth-updown-15m-1767559500,0x42f75a06062b9e4ce2317fddff0da35adbcb27396a1da62822a2c254471d3484,98991642164318449849799255365709672842977763882942243995673937893038856560011,1,0x07d9e86b2784da9b08fd348dffd97ce12fa921315f3d3d93ddbde27ca4c22d34
2026-01-04T15:47:35,1767559655,TRADE,BUY,Down,8.94,0.68,6.0792,"Ethereum Up or Down - January 4, 3:45PM-4:00PM ET",eth-updown-15m-1767559500,0x42f75a06062b9e4ce2317fddff0da35adbcb27396a1da62822a2c254471d3484,98991642164318449849799255365709672842977763882942243995673937893038856560011,1,0x07d9e86b2784da9b08fd348dffd97ce12fa921315f3d3d93ddbde27ca4c22d34
2026-01-04T15:47:33,1767559653,TRADE,BUY,Down,7.93875,0.68,5.39835,"Ethereum Up or Down - January 4, 3:45PM-4:00PM ET",eth-updown-15m-1767559500,0x42f75a06062b9e4ce2317fddff0da35adbcb27396a1da62822a2c254471d3484,98991642164318449849799255365709672842977763882942243995673937893038856560011,1,0xac85bbcdc0f8241fd4cfdc55ab34f508e1dd62107d3886ee6cdee2f086ab7daf
2026-01-04T15:47:33,1767559653,TRADE,BUY,Down,7.06,0.68,4.8008,"Ethereum Up or Down - January 4, 3:45PM-4:00PM ET",eth-updown-15m-1767559500,0x42f75a06062b9e4ce2317fddff0da35adbcb27396a1da62822a2c254471d3484,98991642164318449849799255365709672842977763882942243995673937893038856560011,1,0xa63e4060ad9a0cb933e075f02b829936981eae8fe102490c22833eaf82a57541
2026-01-04T15:47:33,1767559653,TRADE,BUY,Down,16,0.68,10.88,"Ethereum Up or Down - January 4, 3:45PM-4:00PM ET",eth-updown-15m-1767559500,0x42f75a06062b9e4ce2317fddff0da35adbcb27396a1da62822a2c254471d3484,98991642164318449849799255365709672842977763882942243995673937893038856560011,1,0xa63e4060ad9a0cb933e075f02b829936981eae8fe102490c22833eaf82a57541
2026-01-04T15:47:21,1767559641,TRADE,BUY,Down,2.33,0.66,1.5378,"Bitcoin Up or Down - January 4, 3:45PM-4:00PM ET",btc-updown-15m-1767559500,0x7f2710975c1bdfc4511dc3c327cfe7ee7d7b5c2fe64980181ee74341a2d54462,1557301465141604810551338910140925132332991566065957875071399401478651888971,1,0x5d698b808276d16d7ce4e78c16004fbbd5afe8dde0d3056af9d5dd6172e557ce
2026-01-04T15:47:21,1767559641,TRADE,BUY,Down,5,0.63,3.15,"Ethereum Up or Down - January 4, 3:45PM-4:00PM ET",eth-updown-15m-1767559500,0x42f75a06062b9e4ce2317fddff0da35adbcb27396a1da62822a2c254471d3484,98991642164318449849799255365709672842977763882942243995673937893038856560011,1,0x5d286848bb2563b8196aaf50344f54d4103c878daa0b36ed245c078bf6462fff
2026-01-04T15:47:21,1767559641,TRADE,BUY,Down,5,0.63,3.15,"Ethereum Up or Down - January 4, 3:45PM-4:00PM ET",eth-updown-15m-1767559500,0x42f75a06062b9e4ce2317fddff0da35adbcb27396a1da62822a2c254471d3484,98991642164318449849799255365709672842977763882942243995673937893038856560011,1,0x49f9f9a6e3b7a3803894256e974fa46341ad62a0297fa88dbb82129d18799636
2026-01-04T15:47:15,1767559635,TRADE,BUY,Down,5,0.68,3.4,"Bitcoin Up or Down - January 4, 3:45PM-4:00PM ET",btc-updown-15m-1767559500,0x7f2710975c1bdfc4511dc3c327cfe7ee7d7b5c2fe64980181ee74341a2d54462,1557301465141604810551338910140925132332991566065957875071399401478651888971,1,0xbc9e9c5a62e40f832cb7c0c8394214049485c6f9d5811f2c41a5678929ebd5c7
2026-01-04T15:47:07,1767559627,TRADE,BUY,Up,10.5,0.38,3.99,"Ethereum Up or Down - January 4, 3:45PM-4:00PM ET",eth-updown-15m-1767559500,0x42f75a06062b9e4ce2317fddff0da35adbcb27396a1da62822a2c254471d3484,81115282060155343973682629302140588398994460909748445358417739032150121928748,0,0xa4ace3a8b75471ad63e2424db0c00cb39a8e07a1b8fe9fbf889c22dcaf38de69
2026-01-04T15:47:03,1767559623,TRADE,BUY,Down,5,0.62,3.1,"Ethereum Up or Down - January 4, 3:45PM-4:00PM ET",eth-updown-15m-1767559500,0x42f75a06062b9e4ce2317fddff0da35adbcb27396a1da62822a2c254471d3484,98991642164318449849799255365709672842977763882942243995673937893038856560011,1,0x2ff995dc80847e812efee202f872b5877d769bec2b2641c1b12555af2ae0fcc2
2026-01-04T15:47:03,1767559623,TRADE,BUY,Down,7,0.62,4.34,"Ethereum Up or Down - January 4, 3:45PM-4:00PM ET",eth-updown-15m-1767559500,0x42f75a06062b9e4ce2317fddff0da35adbcb27396a1da62822a2c254471d3484,98991642164318449849799255365709672842977763882942243995673937893038856560011,1,0xac378aa3ed4300da812f78a77e7c2766742126d4850fca51884b8636613777e2
2026-01-04T15:47:03,1767559623,TRADE,BUY,Down,4.5,0.62,2.79,"Ethereum Up or Down - January 4, 3:45PM-4:00PM ET",eth-updown-15m-1767559500,0x42f75a06062b9e4ce2317fddff0da35adbcb27396a1da62822a2c254471d3484,98991642164318449849799255365709672842977763882942243995673937893038856560011,1,0xca684ec18f89c9f1043879e2bfdef5170abc50b14135398f344890e929ce7108
2026-01-04T15:47:03,1767559623,TRADE,BUY,Down,7,0.62,4.34,"Ethereum Up or Down - January 4, 3:45PM-4:00PM ET",eth-updown-15m-1767559500,0x42f75a06062b9e4ce2317fddff0da35adbcb27396a1da62822a2c254471d3484,98991642164318449849799255365709672842977763882942243995673937893038856560011,1,0xea1ffecaff8ae63480bfc2d2881d40fc089c9bb413a932516e12459bb107052d
2026-01-04T15:46:37,1767559597,TRADE,BUY,Up,30,0.32,9.6,"Bitcoin Up or Down - January 4, 3:45PM-4:00PM ET",btc-updown-15m-1767559500,0x7f2710975c1bdfc4511dc3c327cfe7ee7d7b5c2fe64980181ee74341a2d54462,92170632673932098697839181910966056567672220619206304588775032640672954886297,0,0x1d4da381104d5a6478cc60c7071c229fc8f52704c8ba65f8db67dc8f7229d283
2026-01-04T15:46:33,1767559593,TRADE,BUY,Up,5,0.32,1.6,"Bitcoin Up or Down - January 4, 3:45PM-4:00PM ET",btc-updown-15m-1767559500,0x7f2710975c1bdfc4511dc3c327cfe7ee7d7b5c2fe64980181ee74341a2d54462,92170632673932098697839181910966056567672220619206304588775032640672954886297,0,0xd58406cb396abf2dda08e064d64c4d86410b1445ae5f7e3499ec015a1eca1f95
2026-01-04T15:46:33,1767559593,TRADE,BUY,Down,8,0.05,0.4,"Ethereum Up or Down - January 4, 3PM ET",ethereum-up-or-down-january-4-3pm-et,0xc9ba23731892bbe8ec25b674511f4ded7f0e306b45bf83b532366fae27844262,74614531136658419869976518774444230457209477759886108308757218855704640458130,1,0x45388414b913c7631c5e9d787803a698e302e39a87c896edf2dd3f7e662db421
2026-01-04T15:46:33,1767559593,TRADE,BUY,Down,8,0.05,0.4,"Ethereum Up or Down - January 4, 3PM ET",ethereum-up-or-down-january-4-3pm-et,0xc9ba23731892bbe8ec25b674511f4ded7f0e306b45bf83b532366fae27844262,74614531136658419869976518774444230457209477759886108308757218855704640458130,1,0x45388414b913c7631c5e9d787803a698e302e39a87c896edf2dd3f7e662db421
2026-01-04T15:46:33,1767559593,TRADE,BUY,Down,8,0.05,0.4,"Ethereum Up or Down - January 4, 3PM ET",ethereum-up-or-down-january-4-3pm-et,0xc9ba23731892bbe8ec25b674511f4ded7f0e306b45bf83b532366fae27844262,74614531136658419869976518774444230457209477759886108308757218855704640458130,1,0x45388414b913c7631c5e9d787803a698e302e39a87c896edf2dd3f7e662db421
2026-01-04T15:46:33,1767559593,TRADE,BUY,Down,8,0.05,0.4,"Ethereum Up or Down - January 4, 3PM ET",ethereum-up-or-down-january-4-3pm-et,0xc9ba23731892bbe8ec25b674511f4ded7f0e306b45bf83b532366fae27844262,74614531136658419869976518774444230457209477759886108308757218855704640458130,1,0x45388414b913c7631c5e9d787803a698e302e39a87c896edf2dd3f7e662db421
2026-01-04T15:47:35,1767559655,TRADE,BUY,Up,16,0.29,4.64,"Ethereum Up or Down - January 4, 3:45PM-4:00PM ET",eth-updown-15m-1767559500,0x42f75a06062b9e4ce2317fddff0da35adbcb27396a1da62822a2c254471d3484,81115282060155343973682629302140588398994460909748445358417739032150121928748,0,0xbfd5fb38717eb69c033ebe8b5c7a2959e80797a4a6a534d59ea10884e9b50d99
2026-01-04T15:47:35,1767559655,TRADE,BUY,Up,16,0.29,4.64,"Ethereum Up or Down - January 4, 3:45PM-4:00PM ET",eth-updown-15m-1767559500,0x42f75a06062b9e4ce2317fddff0da35adbcb27396a1da62822a2c254471d3484,81115282060155343973682629302140588398994460909748445358417739032150121928748,0,0xbfd5fb38717eb69c033ebe8b5c7a2959e80797a4a6a534d59ea10884e9b50d99
2026-01-04T15:47:35,1767559655,TRADE,BUY,Down,1.59875,0.68,1.08715,"Bitcoin Up or Down - January 4, 3:45PM-4:00PM ET",btc-updown-15m-1767559500,0x7f2710975c1bdfc4511dc3c327cfe7ee7d7b5c2fe64980181ee74341a2d54462,1557301465141604810551338910140925132332991566065957875071399401478651888971,1,0xcd6f90153a29d17c4f4ea01b86158d4f756f097747556b3c5e212de42f5fe2fb
2026-01-04T15:47:35,1767559655,TRADE,BUY,Down,16,0.69,11.04,"Ethereum Up or Down - January 4, 3:45PM-4:00PM ET",eth-updown-15m-1767559500,0x42f75a06062b9e4ce2317fddff0da35adbcb27396a1da62822a2c254471d3484,98991642164318449849799255365709672842977763882942243995673937893038856560011,1,0x1a3f1ca3f35114874bdb76ace7f09df55fd68081e45d2fd3253787efc8efe671
2026-01-04T15:47:35,1767559655,TRADE,BUY,Down,8.06,0.68,5.4808,"Ethereum Up or Down - January 4, 3:45PM-4:00PM ET",eth-updown-15m-1767559500,0x42f75a06062b9e4ce2317fddff0da35adbcb27396a1da62822a2c254471d3484,98991642164318449849799255365709672842977763882942243995673937893038856560011,1,0x07d9e86b2784da9b08fd348dffd97ce12fa921315f3d3d93ddbde27ca4c22d34
2026-01-04T15:47:35,1767559655,TRADE,BUY,Down,16,0.68,10.88,"Ethereum Up or Down - January 4, 3:45PM-4:00PM ET",eth-updown-15m-1767559500,0x42f75a06062b9e4ce2317fddff0da35adbcb27396a1da62822a2c254471d3484,98991642164318449849799255365709672842977763882942243995673937893038856560011,1,0x07d9e86b2784da9b08fd348dffd97ce12fa921315f3d3d93ddbde27ca4c22d34
2026-01-04T15:47:35,1767559655,TRADE,BUY,Down,16,0.68,10.88,"Ethereum Up or Down - January 4, 3:45PM-4:00PM ET",eth-updown-15m-1767559500,0x42f75a06062b9e4ce2317fddff0da35adbcb27396a1da62822a2c254471d3484,98991642164318449849799255365709672842977763882942243995673937893038856560011,1,0x07d9e86b2784da9b08fd348dffd97ce12fa921315f3d3d93ddbde27ca4c22d34
2026-01-04T15:47:35,1767559655,TRADE,BUY,Down,16,0.68,10.88,"Ethereum Up or Down - January 4, 3:45PM-4:00PM ET",eth-updown-15m-1767559500,0x42f75a06062b9e4ce2317fddff0da35adbcb27396a1da62822a2c254471d3484,98991642164318449849799255365709672842977763882942243995673937893038856560011,1,0x07d9e86b2784da9b08fd348dffd97ce12fa921315f3d3d93ddbde27ca4c22d34
2026-01-04T15:47:35,1767559655,TRADE,BUY,Down,8.94,0.68,6.0792,"Ethereum Up or Down - January 4, 3:45PM-4:00PM ET",eth-updown-15m-1767559500,0x42f75a06062b9e4ce2317fddff0da35adbcb27396a1da62822a2c254471d3484,98991642164318449849799255365709672842977763882942243995673937893038856560011,1,0x07d9e86b2784da9b08fd348dffd97ce12fa921315f3d3d93ddbde27ca4c22d34
2026-01-04T15:47:33,1767559653,TRADE,BUY,Down,7.93875,0.68,5.39835,"Ethereum Up or Down - January 4, 3:45PM-4:00PM ET",eth-updown-15m-1767559500,0x42f75a06062b9e4ce2317fddff0da35adbcb27396a1da62822a2c254471d3484,98991642164318449849799255365709672842977763882942243995673937893038856560011,1,0xac85bbcdc0f8241fd4cfdc55ab34f508e1dd62107d3886ee6cdee2f086ab7daf
2026-01-04T15:47:33,1767559653,TRADE,BUY,Down,7.06,0.68,4.8008,"Ethereum Up or Down - January 4, 3:45PM-4:00PM ET",eth-updown-15m-1767559500,0x42f75a06062b9e4ce2317fddff0da35adbcb27396a1da62822a2c254471d3484,98991642164318449849799255365709672842977763882942243995673937893038856560011,1,0xa63e4060ad9a0cb933e075f02b829936981eae8fe102490c22833eaf82a57541
2026-01-04T15:47:33,1767559653,TRADE,BUY,Down,16,0.68,10.88,"Ethereum Up or Down - January 4, 3:45PM-4:00PM ET",eth-updown-15m-1767559500,0x42f75a06062b9e4ce2317fddff0da35adbcb27396a1da62822a2c254471d3484,98991642164318449849799255365709672842977763882942243995673937893038856560011,1,0xa63e4060ad9a0cb933e075f02b829936981eae8fe102490c22833eaf82a57541
2026-01-04T15:47:21,1767559641,TRADE,BUY,Down,2.33,0.66,1.5378,"Bitcoin Up or Down - January 4, 3:45PM-4:00PM ET",btc-updown-15m-1767559500,0x7f2710975c1bdfc4511dc3c327cfe7ee7d7b5c2fe64980181ee74341a2d54462,1557301465141604810551338910140925132332991566065957875071399401478651888971,1,0x5d698b808276d16d7ce4e78c16004fbbd5afe8dde0d3056af9d5dd6172e557ce
2026-01-04T15:47:21,1767559641,TRADE,BUY,Down,5,0.63,3.15,"Ethereum Up or Down - January 4, 3:45PM-4:00PM ET",eth-updown-15m-1767559500,0x42f75a06062b9e4ce2317fddff0da35adbcb27396a1da62822a2c254471d3484,98991642164318449849799255365709672842977763882942243995673937893038856560011,1,0x5d286848bb2563b8196aaf50344f54d4103c878daa0b36ed245c078bf6462fff
2026-01-04T15:47:21,1767559641,TRADE,BUY,Down,5,0.63,3.15,"Ethereum Up or Down - January 4, 3:45PM-4:00PM ET",eth-updown-15m-1767559500,0x42f75a06062b9e4ce2317fddff0da35adbcb27396a1da62822a2c254471d3484,98991642164318449849799255365709672842977763882942243995673937893038856560011,1,0x49f9f9a6e3b7a3803894256e974fa46341ad62a0297fa88dbb82129d18799636
2026-01-04T15:47:15,1767559635,TRADE,BUY,Down,5,0.68,3.4,"Bitcoin Up or Down - January 4, 3:45PM-4:00PM ET",btc-updown-15m-1767559500,0x7f2710975c1bdfc4511dc3c327cfe7ee7d7b5c2fe64980181ee74341a2d54462,1557301465141604810551338910140925132332991566065957875071399401478651888971,1,0xbc9e9c5a62e40f832cb7c0c8394214049485c6f9d5811f2c41a5678929ebd5c7
2026-01-04T15:47:07,1767559627,TRADE,BUY,Up,10.5,0.38,3.99,"Ethereum Up or Down - January 4, 3:45PM-4:00PM ET",eth-updown-15m-1767559500,0x42f75a06062b9e4ce2317fddff0da35adbcb27396a1da62822a2c254471d3484,81115282060155343973682629302140588398994460909748445358417739032150121928748,0,0xa4ace3a8b75471ad63e2424db0c00cb39a8e07a1b8fe9fbf889c22dcaf38de69
2026-01-04T15:47:03,1767559623,TRADE,BUY,Down,5,0.62,3.1,"Ethereum Up or Down - January 4, 3:45PM-4:00PM ET",eth-updown-15m-1767559500,0x42f75a06062b9e4ce2317fddff0da35adbcb27396a1da62822a2c254471d3484,98991642164318449849799255365709672842977763882942243995673937893038856560011,1,0x2ff995dc80847e812efee202f872b5877d769bec2b2641c1b12555af2ae0fcc2
2026-01-04T15:47:03,1767559623,TRADE,BUY,Down,7,0.62,4.34,"Ethereum Up or Down - January 4, 3:45PM-4:00PM ET",eth-updown-15m-1767559500,0x42f75a06062b9e4ce2317fddff0da35adbcb27396a1da62822a2c254471d3484,98991642164318449849799255365709672842977763882942243995673937893038856560011,1,0xac378aa3ed4300da812f78a77e7c2766742126d4850fca51884b8636613777e2
2026-01-04T15:47:03,1767559623,TRADE,BUY,Down,4.5,0.62,2.79,"Ethereum Up or Down - January 4, 3:45PM-4:00PM ET",eth-updown-15m-1767559500,0x42f75a06062b9e4ce2317fddff0da35adbcb27396a1da62822a2c254471d3484,98991642164318449849799255365709672842977763882942243995673937893038856560011,1,0xca684ec18f89c9f1043879e2bfdef5170abc50b14135398f344890e929ce7108
2026-01-04T15:47:03,1767559623,TRADE,BUY,Down,7,0.62,4.34,"Ethereum Up or Down - January 4, 3:45PM-4:00PM ET",eth-updown-15m-1767559500,0x42f75a06062b9e4ce2317fddff0da35adbcb27396a1da62822a2c254471d3484,98991642164318449849799255365709672842977763882942243995673937893038856560011,1,0xea1ffecaff8ae63480bfc2d2881d40fc089c9bb413a932516e12459bb107052d
2026-01-04T15:46:37,1767559597,TRADE,BUY,Up,30,0.32,9.6,"Bitcoin Up or Down - January 4, 3:45PM-4:00PM ET",btc-updown-15m-1767559500,0x7f2710975c1bdfc4511dc3c327cfe7ee7d7b5c2fe64980181ee74341a2d54462,92170632673932098697839181910966056567672220619206304588775032640672954886297,0,0x1d4da381104d5a6478cc60c7071c229fc8f52704c8ba65f8db67dc8f7229d283
2026-01-04T15:46:33,1767559593,TRADE,BUY,Up,5,0.32,1.6,"Bitcoin Up or Down - January 4, 3:45PM-4:00PM ET",btc-updown-15m-1767559500,0x7f2710975c1bdfc4511dc3c327cfe7ee7d7b5c2fe64980181ee74341a2d54462,92170632673932098697839181910966056567672220619206304588775032640672954886297,0,0xd58406cb396abf2dda08e064d64c4d86410b1445ae5f7e3499ec015a1eca1f95
2026-01-04T15:46:33,1767559593,TRADE,BUY,Down,8,0.05,0.4,"Ethereum Up or Down - January 4, 3PM ET",ethereum-up-or-down-january-4-3pm-et,0xc9ba23731892bbe8ec25b674511f4ded7f0e306b45bf83b532366fae27844262,74614531136658419869976518774444230457209477759886108308757218855704640458130,1,0x45388414b913c7631c5e9d787803a698e302e39a87c896edf2dd3f7e662db421
2026-01-04T15:46:33,1767559593,TRADE,BUY,Down,8,0.05,0.4,"Ethereum Up or Down - January 4, 3PM ET",ethereum-up-or-down-january-4-3pm-et,0xc9ba23731892bbe8ec25b674511f4ded7f0e306b45bf83b532366fae27844262,74614531136658419869976518774444230457209477759886108308757218855704640458130,1,0x45388414b913c7631c5e9d787803a698e302e39a87c896edf2dd3f7e662db421
2026-01-04T15:46:33,1767559593,TRADE,BUY,Down,8,0.05,0.4,"Ethereum Up or Down - January 4, 3PM ET",ethereum-up-or-down-january-4-3pm-et,0xc9ba23731892bbe8ec25b674511f4ded7f0e306b45bf83b532366fae27844262,74614531136658419869976518774444230457209477759886108308757218855704640458130,1,0x45388414b913c7631c5e9d787803a698e302e39a87c896edf2dd3f7e662db421
2026-01-04T15:46:33,1767559593,TRADE,BUY,Down,8,0.05,0.4,"Ethereum Up or Down - January 4, 3PM ET",ethereum-up-or-down-january-4-3pm-et,0xc9ba23731892bbe8ec25b674511f4ded7f0e306b45bf83b532366fae27844262,74614531136658419869976518774444230457209477759886108308757218855704640458130,1,0x45388414b913c7631c5e9d787803a698e302e39a87c896edf2dd3f7e662db421
2026-01-04T15:46:31,1767559591,TRADE,BUY,Up,2.50746,0.3300000797619902,0.827462,"Bitcoin Up or Down - January 4, 3:45PM-4:00PM ET",btc-updown-15m-1767559500,0x7f2710975c1bdfc4511dc3c327cfe7ee7d7b5c2fe64980181ee74341a2d54462,92170632673932098697839181910966056567672220619206304588775032640672954886297,0,0xe43abfddf5e1b78c8714e1d425eb243981a49f98c9604ac9c285a58f5f33a875
2026-01-04T15:46:31,1767559591,TRADE,BUY,Up,25.373133,0.33000000433529436,8.373134,"Bitcoin Up or Down - January 4, 3:45PM-4:00PM ET",btc-updown-15m-1767559500,0x7f2710975c1bdfc4511dc3c327cfe7ee7d7b5c2fe64980181ee74341a2d54462,92170632673932098697839181910966056567672220619206304588775032640672954886297,0,0x78fe52a77d8a308ad1392a27ca18ebba0d04f9e83d5769f0d15de92a9b613eac
2026-01-04T15:46:31,1767559591,TRADE,BUY,Up,4.62,0.33,1.5246,"Bitcoin Up or Down - January 4, 3:45PM-4:00PM ET",btc-updown-15m-1767559500,0x7f2710975c1bdfc4511dc3c327cfe7ee7d7b5c2fe64980181ee74341a2d54462,92170632673932098697839181910966056567672220619206304588775032640672954886297,0,0x376c3e19a2d3fdfd1a2ab92506a8ebc36eab07e3cdb4fe9d248036ced0ef5e76
2026-01-04T15:46:29,1767559589,TRADE,BUY,Up,15,0.33,4.95,"Bitcoin Up or Down - January 4, 3:45PM-4:00PM ET",btc-updown-15m-1767559500,0x7f2710975c1bdfc4511dc3c327cfe7ee7d7b5c2fe64980181ee74341a2d54462,92170632673932098697839181910966056567672220619206304588775032640672954886297,0,0xbdf533309c4c2f93faf576cbe8174fadebac30fa806046bf90b21e0d60056215
2026-01-04T15:46:29,1767559589,TRADE,BUY,Up,5,0.33,1.65,"Bitcoin Up or Down - January 4, 3:45PM-4:00PM ET",btc-updown-15m-1767559500,0x7f2710975c1bdfc4511dc3c327cfe7ee7d7b5c2fe64980181ee74341a2d54462,92170632673932098697839181910966056567672220619206304588775032640672954886297,0,0xb2d8f60a2209252f852d76606fdbcf09bf8f44cf2229d991931d9780fd4be175
2026-01-04T15:46:29,1767559589,TRADE,BUY,Up,1.492536,0.3300000804000707,0.492537,"Bitcoin Up or Down - January 4, 3:45PM-4:00PM ET",btc-updown-15m-1767559500,0x7f2710975c1bdfc4511dc3c327cfe7ee7d7b5c2fe64980181ee74341a2d54462,92170632673932098697839181910966056567672220619206304588775032640672954886297,0,0x6a432eef83160af9a20ecff84099be81b7fd7152023e3a5ef5ab8bb29c720966
2026-01-04T15:46:25,1767559585,TRADE,BUY,Down,2.271514,0.6700002729457093,1.521915,"Bitcoin Up or Down - January 4, 3:45PM-4:00PM ET",btc-updown-15m-1767559500,0x7f2710975c1bdfc4511dc3c327cfe7ee7d7b5c2fe64980181ee74341a2d54462,1557301465141604810551338910140925132332991566065957875071399401478651888971,1,0x8b8f478faf88fce81c2383a5d0d0e4be22322f2e07af76c748e639f7d41845cb
2026-01-04T15:46:25,1767559585,TRADE,BUY,Up,1.603172,0.37000022455482007,0.593174,"Ethereum Up or Down - January 4, 3:45PM-4:00PM ET",eth-updown-15m-1767559500,0x42f75a06062b9e4ce2317fddff0da35adbcb27396a1da62822a2c254471d3484,81115282060155343973682629302140588398994460909748445358417739032150121928748,0,0x61ac620be4e3d0068af4bc3e8493e27f5ce88a3f3598d3fc77af2120cf1c19f7
2026-01-04T15:46:25,1767559585,TRADE,BUY,Up,7,0.37,2.59,"Ethereum Up or Down - January 4, 3:45PM-4:00PM ET",eth-updown-15m-1767559500,0x42f75a06062b9e4ce2317fddff0da35adbcb27396a1da62822a2c254471d3484,81115282060155343973682629302140588398994460909748445358417739032150121928748,0,0xf988af9031dc2781308e729e30b73f57b4b854a915374b633834f851da0742a8
2026-01-04T15:46:25,1767559585,TRADE,BUY,Up,0.39,0.37,0.1443,"Ethereum Up or Down - January 4, 3:45PM-4:00PM ET",eth-updown-15m-1767559500,0x42f75a06062b9e4ce2317fddff0da35adbcb27396a1da62822a2c254471d3484,81115282060155343973682629302140588398994460909748445358417739032150121928748,0,0x5571d6b96f0f6a2c55c19e687049d1c78fdccd0125f9750be8e3b467e82acb1c
2026-01-04T15:46:25,1767559585,TRADE,BUY,Up,1.213172,0.3700002967427537,0.448874,"Ethereum Up or Down - January 4, 3:45PM-4:00PM ET",eth-updown-15m-1767559500,0x42f75a06062b9e4ce2317fddff0da35adbcb27396a1da62822a2c254471d3484,81115282060155343973682629302140588398994460909748445358417739032150121928748,0,0x5571d6b96f0f6a2c55c19e687049d1c78fdccd0125f9750be8e3b467e82acb1c
2026-01-04T15:46:25,1767559585,TRADE,BUY,Up,7,0.37,2.59,"Ethereum Up or Down - January 4, 3:45PM-4:00PM ET",eth-updown-15m-1767559500,0x42f75a06062b9e4ce2317fddff0da35adbcb27396a1da62822a2c254471d3484,81115282060155343973682629302140588398994460909748445358417739032150121928748,0,0xa937c0f27edb0a8ccaa7f5431d73ac8330a87ca9b3822fef036cc03d380ced55
2026-01-04T15:46:21,1767559581,REDEEM,,,3.3e-05,0,3.3e-05,"Bitcoin Up or Down - January 4, 3:15PM-3:30PM ET",btc-updown-15m-1767557700,0x233ba288cfc831974320394e7c75a4865d98695eaf4c11c62ad6d30613f1f417,,999,0xec4c4b5d100f0add46f424659712df9a600cd699154aa1d1d8fa0bcff9ce0e24
2026-01-04T15:46:21,1767559581,REDEEM,,,0,0,0,"Bitcoin Up or Down - January 4, 3:15PM-3:30PM ET",btc-updown-15m-1767557700,0x233ba288cfc831974320394e7c75a4865d98695eaf4c11c62ad6d30613f1f417,,999,0xec4c4b5d100f0add46f424659712df9a600cd699154aa1d1d8fa0bcff9ce0e24
2026-01-04T15:46:21,1767559581,REDEEM,,,2.7e-05,0,2.7e-05,"Ethereum Up or Down - January 4, 3:15PM-3:30PM ET",eth-updown-15m-1767557700,0x05d83816d3babf8b501f53c28cf86451f1acbffcec2267181888b8d91f4d8ab4,,999,0xec4c4b5d100f0add46f424659712df9a600cd699154aa1d1d8fa0bcff9ce0e24
2026-01-04T15:46:21,1767559581,REDEEM,,,0,0,0,"Ethereum Up or Down - January 4, 3:15PM-3:30PM ET",eth-updown-15m-1767557700,0x05d83816d3babf8b501f53c28cf86451f1acbffcec2267181888b8d91f4d8ab4,,999,0xec4c4b5d100f0add46f424659712df9a600cd699154aa1d1d8fa0bcff9ce0e24
2026-01-04T15:46:21,1767559581,REDEEM,,,0,0,0,"Will Elon Musk post 480-499 tweets from December 26 to January 2, 2026?",elon-musk-of-tweets-december-26-january-2-480-499,0xab90fa9ab957bf8457c6dc61a05366aa29125d504ee4edc27abc3841cd99118c,,999,0xec4c4b5d100f0add46f424659712df9a600cd699154aa1d1d8fa0bcff9ce0e24
2026-01-04T15:46:21,1767559581,TRADE,BUY,Up,1.470587,0.3200001088000914,0.470588,"Bitcoin Up or Down - January 4, 3:45PM-4:00PM ET",btc-updown-15m-1767559500,0x7f2710975c1bdfc4511dc3c327cfe7ee7d7b5c2fe64980181ee74341a2d54462,92170632673932098697839181910966056567672220619206304588775032640672954886297,0,0xd5f4f214e81533d537392efc0a672ad8d1cf341ee317db905e034f3105c1f0e9
2026-01-04T15:46:21,1767559581,TRADE,BUY,Up,1.470587,0.3200001088000914,0.470588,"Bitcoin Up or Down - January 4, 3:45PM-4:00PM ET",btc-updown-15m-1767559500,0x7f2710975c1bdfc4511dc3c327cfe7ee7d7b5c2fe64980181ee74341a2d54462,92170632673932098697839181910966056567672220619206304588775032640672954886297,0,0xffc763e3c94fbdce61c7cd7439876d7ffd1e1664375673e6ce0a85a85aacfc76
2026-01-04T15:46:21,1767559581,TRADE,BUY,Up,1.691175,0.32,0.541176,"Bitcoin Up or Down - January 4, 3:45PM-4:00PM ET",btc-updown-15m-1767559500,0x7f2710975c1bdfc4511dc3c327cfe7ee7d7b5c2fe64980181ee74341a2d54462,92170632673932098697839181910966056567672220619206304588775032640672954886297,0,0x69cb1409c894bb81705853aff000bb6b8935aab84e2c51c9e08bdf86575e0350
2026-01-04T15:46:21,1767559581,TRADE,BUY,Up,1.470587,0.3200001088000914,0.470588,"Bitcoin Up or Down - January 4, 3:45PM-4:00PM ET",btc-updown-15m-1767559500,0x7f2710975c1bdfc4511dc3c327cfe7ee7d7b5c2fe64980181ee74341a2d54462,92170632673932098697839181910966056567672220619206304588775032640672954886297,0,0x1d205596fe30cc9ecea322adfcedb6e102092574e53dbf8a0675ef6ba21e440c
2026-01-04T15:46:19,1767559579,TRADE,BUY,Up,1.970587,0.32000008119408074,0.630588,"Bitcoin Up or Down - January 4, 3:45PM-4:00PM ET",btc-updown-15m-1767559500,0x7f2710975c1bdfc4511dc3c327cfe7ee7d7b5c2fe64980181ee74341a2d54462,92170632673932098697839181910966056567672220619206304588775032640672954886297,0,0x6832f6a320a7641745458bc3512cbe3c0cb2e99ecb3ae4ea66bd8a8a5ea43b13
2026-01-04T15:46:19,1767559579,TRADE,BUY,Up,5,0.32,1.6,"Bitcoin Up or Down - January 4, 3:45PM-4:00PM ET",btc-updown-15m-1767559500,0x7f2710975c1bdfc4511dc3c327cfe7ee7d7b5c2fe64980181ee74341a2d54462,92170632673932098697839181910966056567672220619206304588775032640672954886297,0,0xa4d0f10fb25f661baafce28c8a7e6724d8b0d6bfde6d31ffa36481bbcfed20d6
2026-01-04T15:46:19,1767559579,TRADE,BUY,Up,1.470587,0.3200001088000914,0.470588,"Bitcoin Up or Down - January 4, 3:45PM-4:00PM ET",btc-updown-15m-1767559500,0x7f2710975c1bdfc4511dc3c327cfe7ee7d7b5c2fe64980181ee74341a2d54462,92170632673932098697839181910966056567672220619206304588775032640672954886297,0,0xb0d9c30bf4ff221dab805c5019d1406788dd08cccff3a28a0c85e336f766b4bc
2026-01-04T15:46:19,1767559579,TRADE,BUY,Up,1.661762,0.32000009628334264,0.531764,"Bitcoin Up or Down - January 4, 3:45PM-4:00PM ET",btc-updown-15m-1767559500,0x7f2710975c1bdfc4511dc3c327cfe7ee7d7b5c2fe64980181ee74341a2d54462,92170632673932098697839181910966056567672220619206304588775032640672954886297,0,0xf5facf1e91c8a9330f57daace13e996a34292f1ca0dabd066280897e432c568c
2026-01-04T15:46:17,1767559577,TRADE,BUY,Up,12.720587,0.3200000125780359,4.070588,"Bitcoin Up or Down - January 4, 3:45PM-4:00PM ET",btc-updown-15m-1767559500,0x7f2710975c1bdfc4511dc3c327cfe7ee7d7b5c2fe64980181ee74341a2d54462,92170632673932098697839181910966056567672220619206304588775032640672954886297,0,0x616fa209874eed22ca66dcc5767dbd7c37ac1bf3ba2b5bc03f5b8402b39a8f5c
2026-01-04T15:46:15,1767559575,MERGE,,,8924.8116,0,8924.8116,"Bitcoin Up or Down - January 4, 3:30PM-3:45PM ET",btc-updown-15m-1767558600,0xe5210e98876150e16e40f5e94d245e96f9de0dd493c420eeba4124cab602e3b9,,999,0x8ecfc3d3e90729c04367f55a6f8908196c4e6f4a1e9340bdcb9e2a176be715e6
2026-01-04T15:46:15,1767559575,MERGE,,,2793.8389,0,2793.8389,"Ethereum Up or Down - January 4, 3:30PM-3:45PM ET",eth-updown-15m-1767558600,0x2ba6c3827ebd4ab5f0dbf3b76d6b7e070e59ebd0accaa3797721ff718e746770,,999,0x8ecfc3d3e90729c04367f55a6f8908196c4e6f4a1e9340bdcb9e2a176be715e6
2026-01-04T15:46:15,1767559575,MERGE,,,1233.4352,0,1233.4352,"Bitcoin Up or Down - January 4, 3:15PM-3:30PM ET",btc-updown-15m-1767557700,0x233ba288cfc831974320394e7c75a4865d98695eaf4c11c62ad6d30613f1f417,,999,0x8ecfc3d3e90729c04367f55a6f8908196c4e6f4a1e9340bdcb9e2a176be715e6
2026-01-04T15:46:15,1767559575,MERGE,,,1162.901,0,1162.901,"Bitcoin Up or Down - January 4, 3:45PM-4:00PM ET",btc-updown-15m-1767559500,0x7f2710975c1bdfc4511dc3c327cfe7ee7d7b5c2fe64980181ee74341a2d54462,,999,0x8ecfc3d3e90729c04367f55a6f8908196c4e6f4a1e9340bdcb9e2a176be715e6
2026-01-04T15:46:15,1767559575,MERGE,,,688.9955,0,688.9955,"Ethereum Up or Down - January 4, 3:15PM-3:30PM ET",eth-updown-15m-1767557700,0x05d83816d3babf8b501f53c28cf86451f1acbffcec2267181888b8d91f4d8ab4,,999,0x8ecfc3d3e90729c04367f55a6f8908196c4e6f4a1e9340bdcb9e2a176be715e6
2026-01-04T15:46:15,1767559575,MERGE,,,559.0579,0,559.0579,"Bitcoin Up or Down - January 4, 3PM ET",bitcoin-up-or-down-january-4-3pm-et,0x2b3bdb9a7d9b5b455de1da5898877d10d375bdcd6fd69ac4b50315e4f2046853,,999,0x8ecfc3d3e90729c04367f55a6f8908196c4e6f4a1e9340bdcb9e2a176be715e6
2026-01-04T15:46:15,1767559575,MERGE,,,211.814,0,211.814,"Ethereum Up or Down - January 4, 3:45PM-4:00PM ET",eth-updown-15m-1767559500,0x42f75a06062b9e4ce2317fddff0da35adbcb27396a1da62822a2c254471d3484,,999,0x8ecfc3d3e90729c04367f55a6f8908196c4e6f4a1e9340bdcb9e2a176be715e6
2026-01-04T15:46:15,1767559575,MERGE,,,130.9,0,130.9,"Ethereum Up or Down - January 4, 3PM ET",ethereum-up-or-down-january-4-3pm-et,0xc9ba23731892bbe8ec25b674511f4ded7f0e306b45bf83b532366fae27844262,,999,0x8ecfc3d3e90729c04367f55a6f8908196c4e6f4a1e9340bdcb9e2a176be715e6
2026-01-04T15:46:15,1767559575,TRADE,BUY,Down,16,0.63,10.08,"Ethereum Up or Down - January 4, 3:45PM-4:00PM ET",eth-updown-15m-1767559500,0x42f75a06062b9e4ce2317fddff0da35adbcb27396a1da62822a2c254471d3484,98991642164318449849799255365709672842977763882942243995673937893038856560011,1,0x835e47bee469494a23675b0123838020bbe2d6c012d5e85183871ad9110d5830
2026-01-04T15:46:15,1767559575,TRADE,BUY,Down,4,0.63,2.52,"Ethereum Up or Down - January 4, 3:45PM-4:00PM ET",eth-updown-15m-1767559500,0x42f75a06062b9e4ce2317fddff0da35adbcb27396a1da62822a2c254471d3484,98991642164318449849799255365709672842977763882942243995673937893038856560011,1,0xc8770d3432873ef3e44901d0f9cc49cba27d3d0a3da56d1e24396ce4cc5ff6a5
2026-01-04T15:46:15,1767559575,TRADE,BUY,Down,4.006469,0.6600001148143165,2.64427,"Bitcoin Up or Down - January 4, 3:45PM-4:00PM ET",btc-updown-15m-1767559500,0x7f2710975c1bdfc4511dc3c327cfe7ee7d7b5c2fe64980181ee74341a2d54462,1557301465141604810551338910140925132332991566065957875071399401478651888971,1,0x28350399a167b0d37504836fa28be3c52a3b7b90571017ef85af496e5c606379
2026-01-04T15:46:15,1767559575,TRADE,BUY,Down,4.394735,0.6200000682635016,2.724736,"Ethereum Up or Down - January 4, 3:45PM-4:00PM ET",eth-updown-15m-1767559500,0x42f75a06062b9e4ce2317fddff0da35adbcb27396a1da62822a2c254471d3484,98991642164318449849799255365709672842977763882942243995673937893038856560011,1,0x666b627422e797bb4ad089e3467c66e90a662740fe76e59c6b63971e4093546c
2026-01-04T15:46:13,1767559573,TRADE,BUY,Down,30,0.66,19.8,"Bitcoin Up or Down - January 4, 3:45PM-4:00PM ET",btc-updown-15m-1767559500,0x7f2710975c1bdfc4511dc3c327cfe7ee7d7b5c2fe64980181ee74341a2d54462,1557301465141604810551338910140925132332991566065957875071399401478651888971,1,0x88549b927e9bb0278ccdbc9ad384fba460eeb5fcf48d91bcec775af934e905ef
2026-01-04T15:46:13,1767559573,TRADE,BUY,Down,30,0.66,19.8,"Bitcoin Up or Down - January 4, 3:45PM-4:00PM ET",btc-updown-15m-1767559500,0x7f2710975c1bdfc4511dc3c327cfe7ee7d7b5c2fe64980181ee74341a2d54462,1557301465141604810551338910140925132332991566065957875071399401478651888971,1,0x88549b927e9bb0278ccdbc9ad384fba460eeb5fcf48d91bcec775af934e905ef
2026-01-04T15:46:13,1767559573,TRADE,BUY,Down,30,0.66,19.8,"Bitcoin Up or Down - January 4, 3:45PM-4:00PM ET",btc-updown-15m-1767559500,0x7f2710975c1bdfc4511dc3c327cfe7ee7d7b5c2fe64980181ee74341a2d54462,1557301465141604810551338910140925132332991566065957875071399401478651888971,1,0x88549b927e9bb0278ccdbc9ad384fba460eeb5fcf48d91bcec775af934e905ef
2026-01-04T15:46:11,1767559571,TRADE,BUY,Up,16,0.39,6.24,"Ethereum Up or Down - January 4, 3:45PM-4:00PM ET",eth-updown-15m-1767559500,0x42f75a06062b9e4ce2317fddff0da35adbcb27396a1da62822a2c254471d3484,81115282060155343973682629302140588398994460909748445358417739032150121928748,0,0xbb27b4a2021b87e02a30b0a276d097a8bc669ff8bdbece0f446580a8991d6018
2026-01-04T15:46:11,1767559571,TRADE,BUY,Up,16,0.39,6.24,"Ethereum Up or Down - January 4, 3:45PM-4:00PM ET",eth-updown-15m-1767559500,0x42f75a06062b9e4ce2317fddff0da35adbcb27396a1da62822a2c254471d3484,81115282060155343973682629302140588398994460909748445358417739032150121928748,0,0x0180c33778f14a075a8da34d0b5b44e5aec6632a87e30d7cbeeb564744d1cf37
2026-01-04T15:46:11,1767559571,TRADE,BUY,Up,16,0.39,6.24,"Ethereum Up or Down - January 4, 3:45PM-4:00PM ET",eth-updown-15m-1767559500,0x42f75a06062b9e4ce2317fddff0da35adbcb27396a1da62822a2c254471d3484,81115282060155343973682629302140588398994460909748445358417739032150121928748,0,0x5dc30789bfd9bd75dced9b3206397546fb7471fba2cb0ced1746b07e162de6a4
2026-01-04T15:46:09,1767559569,TRADE,BUY,Up,16,0.39,6.24,"Ethereum Up or Down - January 4, 3:45PM-4:00PM ET",eth-updown-15m-1767559500,0x42f75a06062b9e4ce2317fddff0da35adbcb27396a1da62822a2c254471d3484,81115282060155343973682629302140588398994460909748445358417739032150121928748,0,0x595d532127e83ae2c1ba95447d6a4aef871e16cb8d8b02bea4b0ddf0f9d23e82
2026-01-04T15:46:07,1767559567,TRADE,BUY,Up,30,0.32,9.6,"Bitcoin Up or Down - January 4, 3:45PM-4:00PM ET",btc-updown-15m-1767559500,0x7f2710975c1bdfc4511dc3c327cfe7ee7d7b5c2fe64980181ee74341a2d54462,92170632673932098697839181910966056567672220619206304588775032640672954886297,0,0x2417cd891a083c00040e6d59bce78694eb48129bcc5a205c817aa56223f78e77
2026-01-04T15:46:05,1767559565,TRADE,BUY,Up,25,0.32,8,"Bitcoin Up or Down - January 4, 3:45PM-4:00PM ET",btc-updown-15m-1767559500,0x7f2710975c1bdfc4511dc3c327cfe7ee7d7b5c2fe64980181ee74341a2d54462,92170632673932098697839181910966056567672220619206304588775032640672954886297,0,0x835bf38078456c8a01612f945df25fa0de9b8b1fb9a5a5173b1f7876c9d36463
2026-01-04T15:46:05,1767559565,TRADE,BUY,Down,16,0.63,10.08,"Ethereum Up or Down - January 4, 3:45PM-4:00PM ET",eth-updown-15m-1767559500,0x42f75a06062b9e4ce2317fddff0da35adbcb27396a1da62822a2c254471d3484,98991642164318449849799255365709672842977763882942243995673937893038856560011,1,0x6a8f5ef2345dce59e1b810c9fc22f4b487c048a9a8505ef8d790d3b6daec26c9
2026-01-04T15:46:05,1767559565,TRADE,BUY,Down,16,0.63,10.08,"Ethereum Up or Down - January 4, 3:45PM-4:00PM ET",eth-updown-15m-1767559500,0x42f75a06062b9e4ce2317fddff0da35adbcb27396a1da62822a2c254471d3484,98991642164318449849799255365709672842977763882942243995673937893038856560011,1,0xf8f047e5b6a94080360033797590c44c0cabc79a1fca1486b0fcdfcf7828d5e7
2026-01-04T15:46:03,1767559563,TRADE,BUY,Up,30,0.33,9.9,"Bitcoin Up or Down - January 4, 3:45PM-4:00PM ET",btc-updown-15m-1767559500,0x7f2710975c1bdfc4511dc3c327cfe7ee7d7b5c2fe64980181ee74341a2d54462,92170632673932098697839181910966056567672220619206304588775032640672954886297,0,0x7f4979334a5e737bc69853b37fba7ba482811dac8dd2b9d1a25b0cdf895c6a09
2026-01-04T15:46:03,1767559563,TRADE,BUY,Down,5,0.67,3.35,"Bitcoin Up or Down - January 4, 3:45PM-4:00PM ET",btc-updown-15m-1767559500,0x7f2710975c1bdfc4511dc3c327cfe7ee7d7b5c2fe64980181ee74341a2d54462,1557301465141604810551338910140925132332991566065957875071399401478651888971,1,0x948fb2479f26df4894586e0e3d542544129bc168ee389b48bf0cf4d5850ac92b
2026-01-04T15:46:03,1767559563,TRADE,BUY,Down,25,0.67,16.75,"Bitcoin Up or Down - January 4, 3:45PM-4:00PM ET",btc-updown-15m-1767559500,0x7f2710975c1bdfc4511dc3c327cfe7ee7d7b5c2fe64980181ee74341a2d54462,1557301465141604810551338910140925132332991566065957875071399401478651888971,1,0x3bfe82c333db1b3e1643e2d77f4184b40a947297c1b9c1e9a26d0306bd402637
2026-01-04T15:46:03,1767559563,TRADE,BUY,Down,30,0.67,20.1,"Bitcoin Up or Down - January 4, 3:45PM-4:00PM ET",btc-updown-15m-1767559500,0x7f2710975c1bdfc4511dc3c327cfe7ee7d7b5c2fe64980181ee74341a2d54462,1557301465141604810551338910140925132332991566065957875071399401478651888971,1,0x3bfe82c333db1b3e1643e2d77f4184b40a947297c1b9c1e9a26d0306bd402637
2026-01-04T15:46:01,1767559561,TRADE,BUY,Up,30,0.33,9.9,"Bitcoin Up or Down - January 4, 3:45PM-4:00PM ET",btc-updown-15m-1767559500,0x7f2710975c1bdfc4511dc3c327cfe7ee7d7b5c2fe64980181ee74341a2d54462,92170632673932098697839181910966056567672220619206304588775032640672954886297,0,0x4982cef980fa206a07a1d46de76f465d1bf3af6c14502474dd86ff7420aee181
2026-01-04T15:46:01,1767559561,TRADE,BUY,Up,30,0.33,9.9,"Bitcoin Up or Down - January 4, 3:45PM-4:00PM ET",btc-updown-15m-1767559500,0x7f2710975c1bdfc4511dc3c327cfe7ee7d7b5c2fe64980181ee74341a2d54462,92170632673932098697839181910966056567672220619206304588775032640672954886297,0,0x4982cef980fa206a07a1d46de76f465d1bf3af6c14502474dd86ff7420aee181
2026-01-04T15:46:01,1767559561,TRADE,BUY,Up,13,0.33,4.29,"Bitcoin Up or Down - January 4, 3:45PM-4:00PM ET",btc-updown-15m-1767559500,0x7f2710975c1bdfc4511dc3c327cfe7ee7d7b5c2fe64980181ee74341a2d54462,92170632673932098697839181910966056567672220619206304588775032640672954886297,0,0x4982cef980fa206a07a1d46de76f465d1bf3af6c14502474dd86ff7420aee181
2026-01-04T15:46:01,1767559561,TRADE,BUY,Up,30,0.33,9.9,"Bitcoin Up or Down - January 4, 3:45PM-4:00PM ET",btc-updown-15m-1767559500,0x7f2710975c1bdfc4511dc3c327cfe7ee7d7b5c2fe64980181ee74341a2d54462,92170632673932098697839181910966056567672220619206304588775032640672954886297,0,0x0ad5cc364772eb5631240ed11039b401a3360673944a31158092f74b44c04a78
2026-01-04T15:46:01,1767559561,TRADE,BUY,Up,17,0.33,5.61,"Bitcoin Up or Down - January 4, 3:45PM-4:00PM ET",btc-updown-15m-1767559500,0x7f2710975c1bdfc4511dc3c327cfe7ee7d7b5c2fe64980181ee74341a2d54462,92170632673932098697839181910966056567672220619206304588775032640672954886297,0,0x0ad5cc364772eb5631240ed11039b401a3360673944a31158092f74b44c04a78
2026-01-04T15:46:01,1767559561,TRADE,BUY,Up,30,0.33466666666666667,10.04,"Bitcoin Up or Down - January 4, 3:45PM-4:00PM ET",btc-updown-15m-1767559500,0x7f2710975c1bdfc4511dc3c327cfe7ee7d7b5c2fe64980181ee74341a2d54462,92170632673932098697839181910966056567672220619206304588775032640672954886297,0,0x3d83ab93488f9d1b4a757dca657a98d80155a6d2b6560750a5016a38c14b2b08
2026-01-04T15:46:01,1767559561,TRADE,BUY,Up,30,0.33,9.9,"Bitcoin Up or Down - January 4, 3:45PM-4:00PM ET",btc-updown-15m-1767559500,0x7f2710975c1bdfc4511dc3c327cfe7ee7d7b5c2fe64980181ee74341a2d54462,92170632673932098697839181910966056567672220619206304588775032640672954886297,0,0x36cb5d1b4b2415efd2654b389baf7eaf859dd5f16bc8ec93575df46554d6c674
2026-01-04T15:45:59,1767559559,TRADE,BUY,Up,5.151514,0.34000004658824573,1.751515,"Bitcoin Up or Down - January 4, 3:45PM-4:00PM ET",btc-updown-15m-1767559500,0x7f2710975c1bdfc4511dc3c327cfe7ee7d7b5c2fe64980181ee74341a2d54462,92170632673932098697839181910966056567672220619206304588775032640672954886297,0,0x7fd823c63867441bbf90aa8a015f7aa820115db1209adb2e7dfb0257e9fc9a99
2026-01-04T15:45:59,1767559559,TRADE,BUY,Up,5.62,0.34,1.9108,"Bitcoin Up or Down - January 4, 3:45PM-4:00PM ET",btc-updown-15m-1767559500,0x7f2710975c1bdfc4511dc3c327cfe7ee7d7b5c2fe64980181ee74341a2d54462,92170632673932098697839181910966056567672220619206304588775032640672954886297,0,0xffbb7bdad9840456a0ec9819b30e1068604c68532aa7fbd4de64103d39c7b9a0
2026-01-04T15:45:59,1767559559,TRADE,BUY,Up,27.349694,0.3400000014625392,9.298896,"Bitcoin Up or Down - January 4, 3:45PM-4:00PM ET",btc-updown-15m-1767559500,0x7f2710975c1bdfc4511dc3c327cfe7ee7d7b5c2fe64980181ee74341a2d54462,92170632673932098697839181910966056567672220619206304588775032640672954886297,0,0xffbb7bdad9840456a0ec9819b30e1068604c68532aa7fbd4de64103d39c7b9a0
2026-01-04T15:45:59,1767559559,TRADE,BUY,Up,2.575755,0.3400001164707047,0.875757,"Bitcoin Up or Down - January 4, 3:45PM-4:00PM ET",btc-updown-15m-1767559500,0x7f2710975c1bdfc4511dc3c327cfe7ee7d7b5c2fe64980181ee74341a2d54462,92170632673932098697839181910966056567672220619206304588775032640672954886297,0,0xbe009208340035bc6e41185b5c517875f10f0c73ae4fedcbe56a48b5887960c2
2026-01-04T15:45:59,1767559559,TRADE,BUY,Up,1.51515,0.34,0.515151,"Bitcoin Up or Down - January 4, 3:45PM-4:00PM ET",btc-updown-15m-1767559500,0x7f2710975c1bdfc4511dc3c327cfe7ee7d7b5c2fe64980181ee74341a2d54462,92170632673932098697839181910966056567672220619206304588775032640672954886297,0,0x5d8902cf947881bb573f470af58e061f9afe6abafa0f0adcd9b617f1c0dc909f
2026-01-04T15:45:59,1767559559,TRADE,BUY,Up,1.863635,0.34000005365857583,0.633636,"Bitcoin Up or Down - January 4, 3:45PM-4:00PM ET",btc-updown-15m-1767559500,0x7f2710975c1bdfc4511dc3c327cfe7ee7d7b5c2fe64980181ee74341a2d54462,92170632673932098697839181910966056567672220619206304588775032640672954886297,0,0x2c87dbc3e322172201dba260f38a6238453b2fa47d109e2a9130084274536118
2026-01-04T15:45:57,1767559557,TRADE,BUY,Up,0.708785,0.34000014108650717,0.240987,"Bitcoin Up or Down - January 4, 3:45PM-4:00PM ET",btc-updown-15m-1767559500,0x7f2710975c1bdfc4511dc3c327cfe7ee7d7b5c2fe64980181ee74341a2d54462,92170632673932098697839181910966056567672220619206304588775032640672954886297,0,0xf725e06c05455c175707c6523e6d00be74218451afd51bc06f7055b5ba9dbb24
2026-01-04T15:45:57,1767559557,TRADE,BUY,Up,1.530302,0.34000020910905165,0.520303,"Bitcoin Up or Down - January 4, 3:45PM-4:00PM ET",btc-updown-15m-1767559500,0x7f2710975c1bdfc4511dc3c327cfe7ee7d7b5c2fe64980181ee74341a2d54462,92170632673932098697839181910966056567672220619206304588775032640672954886297,0,0x251c9f1bcae277bbeb08cbd6049129d6481299a18acc422dfb08e2d04e9a742a
2026-01-04T15:45:57,1767559557,TRADE,BUY,Up,11,0.34,3.74,"Bitcoin Up or Down - January 4, 3:45PM-4:00PM ET",btc-updown-15m-1767559500,0x7f2710975c1bdfc4511dc3c327cfe7ee7d7b5c2fe64980181ee74341a2d54462,92170632673932098697839181910966056567672220619206304588775032640672954886297,0,0x7ffc728d553e313f2f3fba12f2c07bacb3b02f0690b6b781d7d74e9cb499c82b
2026-01-04T15:45:55,1767559555,TRADE,BUY,Up,30,0.35,10.5,"Bitcoin Up or Down - January 4, 3:45PM-4:00PM ET",btc-updown-15m-1767559500,0x7f2710975c1bdfc4511dc3c327cfe7ee7d7b5c2fe64980181ee74341a2d54462,92170632673932098697839181910966056567672220619206304588775032640672954886297,0,0x2f95f9d3821805c9a667f4e5fcf015f3ec2d8693a9eb00c6aca90c49de917232
2026-01-04T15:45:55,1767559555,TRADE,BUY,Up,1,0.39,0.39,"Ethereum Up or Down - January 4, 3:45PM-4:00PM ET",eth-updown-15m-1767559500,0x42f75a06062b9e4ce2317fddff0da35adbcb27396a1da62822a2c254471d3484,81115282060155343973682629302140588398994460909748445358417739032150121928748,0,0x4ddd7e32f4e189e7c1e678f5391d78a1e2ffe506dbe74f032f6391ea4fe50b31
2026-01-04T15:45:55,1767559555,TRADE,BUY,Up,15,0.39,5.85,"Ethereum Up or Down - January 4, 3:45PM-4:00PM ET",eth-updown-15m-1767559500,0x42f75a06062b9e4ce2317fddff0da35adbcb27396a1da62822a2c254471d3484,81115282060155343973682629302140588398994460909748445358417739032150121928748,0,0xe9356158d381a4f7a0855a2a3a4892648d32d9a22c54f47867dbf53fd2537136
2026-01-04T15:45:53,1767559553,TRADE,BUY,Down,30,0.65,19.5,"Bitcoin Up or Down - January 4, 3:45PM-4:00PM ET",btc-updown-15m-1767559500,0x7f2710975c1bdfc4511dc3c327cfe7ee7d7b5c2fe64980181ee74341a2d54462,1557301465141604810551338910140925132332991566065957875071399401478651888971,1,0x7dbe18a196d05362f93e871fc67b1ac78e3fb46616f0887b794e1c0cc434ef63
2026-01-04T15:45:47,1767559547,TRADE,BUY,Up,10,0.28,2.8,"Bitcoin Up or Down - January 4, 3:45PM-4:00PM ET",btc-updown-15m-1767559500,0x7f2710975c1bdfc4511dc3c327cfe7ee7d7b5c2fe64980181ee74341a2d54462,92170632673932098697839181910966056567672220619206304588775032640672954886297,0,0x137c6f62a868ca906b70f91be0961bdff6072a0e6fee2547e413b56489b2d0e0
2026-01-04T15:45:47,1767559547,TRADE,BUY,Up,25.46,0.29,7.3834,"Bitcoin Up or Down - January 4, 3:45PM-4:00PM ET",btc-updown-15m-1767559500,0x7f2710975c1bdfc4511dc3c327cfe7ee7d7b5c2fe64980181ee74341a2d54462,92170632673932098697839181910966056567672220619206304588775032640672954886297,0,0x55549a58cbd94564319a3475a60048bd5fd94903f5a260b21e26da5d2be49583
2026-01-04T15:45:47,1767559547,TRADE,BUY,Down,30,0.7,21,"Bitcoin Up or Down - January 4, 3:45PM-4:00PM ET",btc-updown-15m-1767559500,0x7f2710975c1bdfc4511dc3c327cfe7ee7d7b5c2fe64980181ee74341a2d54462,1557301465141604810551338910140925132332991566065957875071399401478651888971,1,0xcf560262efba34f490e9ec41ea40f6d0b069c41685eb74921b0b185a4830671b
2026-01-04T15:45:47,1767559547,TRADE,BUY,Down,30,0.7,21,"Bitcoin Up or Down - January 4, 3:45PM-4:00PM ET",btc-updown-15m-1767559500,0x7f2710975c1bdfc4511dc3c327cfe7ee7d7b5c2fe64980181ee74341a2d54462,1557301465141604810551338910140925132332991566065957875071399401478651888971,1,0xcf560262efba34f490e9ec41ea40f6d0b069c41685eb74921b0b185a4830671b
2026-01-04T15:45:47,1767559547,TRADE,BUY,Down,30,0.7,21,"Bitcoin Up or Down - January 4, 3:45PM-4:00PM ET",btc-updown-15m-1767559500,0x7f2710975c1bdfc4511dc3c327cfe7ee7d7b5c2fe64980181ee74341a2d54462,1557301465141604810551338910140925132332991566065957875071399401478651888971,1,0xcf560262efba34f490e9ec41ea40f6d0b069c41685eb74921b0b185a4830671b
2026-01-04T15:45:47,1767559547,TRADE,BUY,Down,30,0.7,21,"Bitcoin Up or Down - January 4, 3:45PM-4:00PM ET",btc-updown-15m-1767559500,0x7f2710975c1bdfc4511dc3c327cfe7ee7d7b5c2fe64980181ee74341a2d54462,1557301465141604810551338910140925132332991566065957875071399401478651888971,1,0xcf560262efba34f490e9ec41ea40f6d0b069c41685eb74921b0b185a4830671b
2026-01-04T15:45:45,1767559545,TRADE,BUY,Up,5.35714,0.3,1.607142,"Bitcoin Up or Down - January 4, 3:45PM-4:00PM ET",btc-updown-15m-1767559500,0x7f2710975c1bdfc4511dc3c327cfe7ee7d7b5c2fe64980181ee74341a2d54462,92170632673932098697839181910966056567672220619206304588775032640672954886297,0,0xd63e0e1ca868bbf82a194662dd9dae64e0f6e5d8f0beb3876de0a8c81feb93f1
2026-01-04T15:45:45,1767559545,TRADE,BUY,Up,24.64,0.3,7.392,"Bitcoin Up or Down - January 4, 3:45PM-4:00PM ET",btc-updown-15m-1767559500,0x7f2710975c1bdfc4511dc3c327cfe7ee7d7b5c2fe64980181ee74341a2d54462,92170632673932098697839181910966056567672220619206304588775032640672954886297,0,0x7839768bfef607468f014242cd1ad38c2c33ba213a64188646c0160ddcf9c7e8
2026-01-04T15:45:45,1767559545,TRADE,BUY,Up,30,0.3,9,"Bitcoin Up or Down - January 4, 3:45PM-4:00PM ET",btc-updown-15m-1767559500,0x7f2710975c1bdfc4511dc3c327cfe7ee7d7b5c2fe64980181ee74341a2d54462,92170632673932098697839181910966056567672220619206304588775032640672954886297,0,0x7839768bfef607468f014242cd1ad38c2c33ba213a64188646c0160ddcf9c7e8
2026-01-04T15:45:45,1767559545,TRADE,BUY,Up,30,0.3,9,"Bitcoin Up or Down - January 4, 3:45PM-4:00PM ET",btc-updown-15m-1767559500,0x7f2710975c1bdfc4511dc3c327cfe7ee7d7b5c2fe64980181ee74341a2d54462,92170632673932098697839181910966056567672220619206304588775032640672954886297,0,0x7839768bfef607468f014242cd1ad38c2c33ba213a64188646c0160ddcf9c7e8
2026-01-04T15:45:45,1767559545,TRADE,BUY,Up,30,0.29,8.7,"Bitcoin Up or Down - January 4, 3:45PM-4:00PM ET",btc-updown-15m-1767559500,0x7f2710975c1bdfc4511dc3c327cfe7ee7d7b5c2fe64980181ee74341a2d54462,92170632673932098697839181910966056567672220619206304588775032640672954886297,0,0x7839768bfef607468f014242cd1ad38c2c33ba213a64188646c0160ddcf9c7e8
2026-01-04T15:45:45,1767559545,TRADE,BUY,Up,30,0.29,8.7,"Bitcoin Up or Down - January 4, 3:45PM-4:00PM ET",btc-updown-15m-1767559500,0x7f2710975c1bdfc4511dc3c327cfe7ee7d7b5c2fe64980181ee74341a2d54462,92170632673932098697839181910966056567672220619206304588775032640672954886297,0,0x7839768bfef607468f014242cd1ad38c2c33ba213a64188646c0160ddcf9c7e8
2026-01-04T15:45:45,1767559545,TRADE,BUY,Up,4.530279,0.2900000198663261,1.313781,"Bitcoin Up or Down - January 4, 3:45PM-4:00PM ET",btc-updown-15m-1767559500,0x7f2710975c1bdfc4511dc3c327cfe7ee7d7b5c2fe64980181ee74341a2d54462,92170632673932098697839181910966056567672220619206304588775032640672954886297,0,0x7839768bfef607468f014242cd1ad38c2c33ba213a64188646c0160ddcf9c7e8
2026-01-04T15:45:43,1767559543,TRADE,BUY,Down,30,0.69,20.7,"Bitcoin Up or Down - January 4, 3:45PM-4:00PM ET",btc-updown-15m-1767559500,0x7f2710975c1bdfc4511dc3c327cfe7ee7d7b5c2fe64980181ee74341a2d54462,1557301465141604810551338910140925132332991566065957875071399401478651888971,1,0x521cc70e46a76c547a19396b437eb2c701c7fce56ffd8a2262d7e0b634b2d330
2026-01-04T15:45:43,1767559543,TRADE,BUY,Down,11,0.6,6.6,"Ethereum Up or Down - January 4, 3:45PM-4:00PM ET",eth-updown-15m-1767559500,0x42f75a06062b9e4ce2317fddff0da35adbcb27396a1da62822a2c254471d3484,98991642164318449849799255365709672842977763882942243995673937893038856560011,1,0x9bc2553dffd609864f8d93ca4fc1b8bccac939af9049450a40abdda0b357c62e
2026-01-04T15:45:43,1767559543,TRADE,BUY,Up,30,0.3,9,"Bitcoin Up or Down - January 4, 3:45PM-4:00PM ET",btc-updown-15m-1767559500,0x7f2710975c1bdfc4511dc3c327cfe7ee7d7b5c2fe64980181ee74341a2d54462,92170632673932098697839181910966056567672220619206304588775032640672954886297,0,0xd9ae706621a9c48f017c29310615dae1af7d267ae8bf61dbc17338bb5f4cc136
2026-01-04T15:45:43,1767559543,TRADE,BUY,Up,15.44714,0.3,4.634142,"Bitcoin Up or Down - January 4, 3:45PM-4:00PM ET",btc-updown-15m-1767559500,0x7f2710975c1bdfc4511dc3c327cfe7ee7d7b5c2fe64980181ee74341a2d54462,92170632673932098697839181910966056567672220619206304588775032640672954886297,0,0xd9ae706621a9c48f017c29310615dae1af7d267ae8bf61dbc17338bb5f4cc136
2026-01-04T15:45:43,1767559543,TRADE,BUY,Up,14.55,0.3,4.365,"Bitcoin Up or Down - January 4, 3:45PM-4:00PM ET",btc-updown-15m-1767559500,0x7f2710975c1bdfc4511dc3c327cfe7ee7d7b5c2fe64980181ee74341a2d54462,92170632673932098697839181910966056567672220619206304588775032640672954886297,0,0x9789e076ca10dc54bb08a67c28ebfffb70320d0d233c4b02361f4df6d089fe94
2026-01-04T15:45:43,1767559543,TRADE,BUY,Down,30,0.7,21,"Bitcoin Up or Down - January 4, 3:45PM-4:00PM ET",btc-updown-15m-1767559500,0x7f2710975c1bdfc4511dc3c327cfe7ee7d7b5c2fe64980181ee74341a2d54462,1557301465141604810551338910140925132332991566065957875071399401478651888971,1,0xb11f98dd0fa401992366390a96c2706fddb08f1d9d6e43fa06fe2d6b2e930522
2026-01-04T15:45:43,1767559543,TRADE,BUY,Down,30,0.7,21,"Bitcoin Up or Down - January 4, 3:45PM-4:00PM ET",btc-updown-15m-1767559500,0x7f2710975c1bdfc4511dc3c327cfe7ee7d7b5c2fe64980181ee74341a2d54462,1557301465141604810551338910140925132332991566065957875071399401478651888971,1,0xb11f98dd0fa401992366390a96c2706fddb08f1d9d6e43fa06fe2d6b2e930522
2026-01-04T15:45:43,1767559543,TRADE,BUY,Down,30,0.7,21,"Bitcoin Up or Down - January 4, 3:45PM-4:00PM ET",btc-updown-15m-1767559500,0x7f2710975c1bdfc4511dc3c327cfe7ee7d7b5c2fe64980181ee74341a2d54462,1557301465141604810551338910140925132332991566065957875071399401478651888971,1,0xb11f98dd0fa401992366390a96c2706fddb08f1d9d6e43fa06fe2d6b2e930522
2026-01-04T15:45:43,1767559543,TRADE,BUY,Down,30,0.7,21,"Bitcoin Up or Down - January 4, 3:45PM-4:00PM ET",btc-updown-15m-1767559500,0x7f2710975c1bdfc4511dc3c327cfe7ee7d7b5c2fe64980181ee74341a2d54462,1557301465141604810551338910140925132332991566065957875071399401478651888971,1,0xb11f98dd0fa401992366390a96c2706fddb08f1d9d6e43fa06fe2d6b2e930522
2026-01-04T15:45:43,1767559543,TRADE,BUY,Down,30,0.7,21,"Bitcoin Up or Down - January 4, 3:45PM-4:00PM ET",btc-updown-15m-1767559500,0x7f2710975c1bdfc4511dc3c327cfe7ee7d7b5c2fe64980181ee74341a2d54462,1557301465141604810551338910140925132332991566065957875071399401478651888971,1,0xb11f98dd0fa401992366390a96c2706fddb08f1d9d6e43fa06fe2d6b2e930522
2026-01-04T15:45:43,1767559543,TRADE,BUY,Down,30,0.71,21.3,"Bitcoin Up or Down - January 4, 3:45PM-4:00PM ET",btc-updown-15m-1767559500,0x7f2710975c1bdfc4511dc3c327cfe7ee7d7b5c2fe64980181ee74341a2d54462,1557301465141604810551338910140925132332991566065957875071399401478651888971,1,0xfc3287521ca598c45a764c87e06b82cd15e4a0d17d52bc7e0de79430781105d0
2026-01-04T15:45:43,1767559543,TRADE,BUY,Down,30,0.71,21.3,"Bitcoin Up or Down - January 4, 3:45PM-4:00PM ET",btc-updown-15m-1767559500,0x7f2710975c1bdfc4511dc3c327cfe7ee7d7b5c2fe64980181ee74341a2d54462,1557301465141604810551338910140925132332991566065957875071399401478651888971,1,0xfc3287521ca598c45a764c87e06b82cd15e4a0d17d52bc7e0de79430781105d0
2026-01-04T15:45:43,1767559543,TRADE,BUY,Down,16,0.6,9.6,"Ethereum Up or Down - January 4, 3:45PM-4:00PM ET",eth-updown-15m-1767559500,0x42f75a06062b9e4ce2317fddff0da35adbcb27396a1da62822a2c254471d3484,98991642164318449849799255365709672842977763882942243995673937893038856560011,1,0xb4c2a19fe1a13ae2028d32df961751cfa113254e7579a2e2938087573c21b559
2026-01-04T15:45:43,1767559543,TRADE,BUY,Down,16,0.6,9.6,"Ethereum Up or Down - January 4, 3:45PM-4:00PM ET",eth-updown-15m-1767559500,0x42f75a06062b9e4ce2317fddff0da35adbcb27396a1da62822a2c254471d3484,98991642164318449849799255365709672842977763882942243995673937893038856560011,1,0xb4c2a19fe1a13ae2028d32df961751cfa113254e7579a2e2938087573c21b559
2026-01-04T15:45:43,1767559543,TRADE,BUY,Down,5,0.6,3,"Ethereum Up or Down - January 4, 3:45PM-4:00PM ET",eth-updown-15m-1767559500,0x42f75a06062b9e4ce2317fddff0da35adbcb27396a1da62822a2c254471d3484,98991642164318449849799255365709672842977763882942243995673937893038856560011,1,0xb4c2a19fe1a13ae2028d32df961751cfa113254e7579a2e2938087573c21b559
2026-01-04T15:45:41,1767559541,TRADE,BUY,Down,16,0.63,10.08,"Ethereum Up or Down - January 4, 3:45PM-4:00PM ET",eth-updown-15m-1767559500,0x42f75a06062b9e4ce2317fddff0da35adbcb27396a1da62822a2c254471d3484,98991642164318449849799255365709672842977763882942243995673937893038856560011,1,0xf3fa5620f351d0744fa1273d4d6d73c07f7b67e63d4cbd55ca46e5b88d8f5970
2026-01-04T15:45:41,1767559541,TRADE,BUY,Down,3.83,0.63,2.4129,"Ethereum Up or Down - January 4, 3:45PM-4:00PM ET",eth-updown-15m-1767559500,0x42f75a06062b9e4ce2317fddff0da35adbcb27396a1da62822a2c254471d3484,98991642164318449849799255365709672842977763882942243995673937893038856560011,1,0x20f87bf7a437376233d4162a77b1cc595db00bfb85542ab94a8de467bf6d28e4
2026-01-04T15:45:41,1767559541,TRADE,BUY,Up,30,0.29,8.7,"Bitcoin Up or Down - January 4, 3:45PM-4:00PM ET",btc-updown-15m-1767559500,0x7f2710975c1bdfc4511dc3c327cfe7ee7d7b5c2fe64980181ee74341a2d54462,92170632673932098697839181910966056567672220619206304588775032640672954886297,0,0x866fe101b26923261b305fe7ba8982fd68ca3517fd570099e68e7e6ec11c7423
2026-01-04T15:45:41,1767559541,TRADE,BUY,Up,30,0.29,8.7,"Bitcoin Up or Down - January 4, 3:45PM-4:00PM ET",btc-updown-15m-1767559500,0x7f2710975c1bdfc4511dc3c327cfe7ee7d7b5c2fe64980181ee74341a2d54462,92170632673932098697839181910966056567672220619206304588775032640672954886297,0,0x866fe101b26923261b305fe7ba8982fd68ca3517fd570099e68e7e6ec11c7423
2026-01-04T15:45:41,1767559541,TRADE,BUY,Up,30,0.29,8.7,"Bitcoin Up or Down - January 4, 3:45PM-4:00PM ET",btc-updown-15m-1767559500,0x7f2710975c1bdfc4511dc3c327cfe7ee7d7b5c2fe64980181ee74341a2d54462,92170632673932098697839181910966056567672220619206304588775032640672954886297,0,0x866fe101b26923261b305fe7ba8982fd68ca3517fd570099e68e7e6ec11c7423
2026-01-04T15:45:41,1767559541,TRADE,BUY,Up,30,0.29,8.7,"Bitcoin Up or Down - January 4, 3:45PM-4:00PM ET",btc-updown-15m-1767559500,0x7f2710975c1bdfc4511dc3c327cfe7ee7d7b5c2fe64980181ee74341a2d54462,92170632673932098697839181910966056567672220619206304588775032640672954886297,0,0x866fe101b26923261b305fe7ba8982fd68ca3517fd570099e68e7e6ec11c7423
2026-01-04T15:45:41,1767559541,TRADE,BUY,Up,4.92,0.28,1.3776,"Bitcoin Up or Down - January 4, 3:45PM-4:00PM ET",btc-updown-15m-1767559500,0x7f2710975c1bdfc4511dc3c327cfe7ee7d7b5c2fe64980181ee74341a2d54462,92170632673932098697839181910966056567672220619206304588775032640672954886297,0,0x7c8291b8aa1ebff4b6b49aed77c95c3bb5c795d0e54d14d8ec739fc2172f85c7
2026-01-04T15:45:37,1767559537,TRADE,BUY,Up,16,0.37,5.92,"Ethereum Up or Down - January 4, 3:45PM-4:00PM ET",eth-updown-15m-1767559500,0x42f75a06062b9e4ce2317fddff0da35adbcb27396a1da62822a2c254471d3484,81115282060155343973682629302140588398994460909748445358417739032150121928748,0,0x7bd5074881508eaf110c0386b48eddf23c789d6db633252656b37ab778fafb68
2026-01-04T15:45:37,1767559537,TRADE,BUY,Up,14,0.37,5.18,"Ethereum Up or Down - January 4, 3:45PM-4:00PM ET",eth-updown-15m-1767559500,0x42f75a06062b9e4ce2317fddff0da35adbcb27396a1da62822a2c254471d3484,81115282060155343973682629302140588398994460909748445358417739032150121928748,0,0x3a71302330beda3fe638c28b45b17a00bfc0eb3a235cc458987656a705eb412f
2026-01-04T15:45:37,1767559537,TRADE,BUY,Up,16,0.38,6.08,"Ethereum Up or Down - January 4, 3:45PM-4:00PM ET",eth-updown-15m-1767559500,0x42f75a06062b9e4ce2317fddff0da35adbcb27396a1da62822a2c254471d3484,81115282060155343973682629302140588398994460909748445358417739032150121928748,0,0x9166df8fb6a03be25eab3a1548b67e8148c2198776d760848927672241dcec4f
2026-01-04T15:45:37,1767559537,TRADE,BUY,Up,16,0.39,6.24,"Ethereum Up or Down - January 4, 3:45PM-4:00PM ET",eth-updown-15m-1767559500,0x42f75a06062b9e4ce2317fddff0da35adbcb27396a1da62822a2c254471d3484,81115282060155343973682629302140588398994460909748445358417739032150121928748,0,0xfac1d6e55674c73148f3429a92c4ba7cd0f3ab44b28a68738a8dd974ef3862d7
2026-01-04T15:45:37,1767559537,TRADE,BUY,Up,16,0.39,6.24,"Ethereum Up or Down - January 4, 3:45PM-4:00PM ET",eth-updown-15m-1767559500,0x42f75a06062b9e4ce2317fddff0da35adbcb27396a1da62822a2c254471d3484,81115282060155343973682629302140588398994460909748445358417739032150121928748,0,0x51384a639f07b682b327e1aacc26c7f950d9a4162a43970573f7f05b667697d3
2026-01-04T15:45:37,1767559537,TRADE,BUY,Up,16,0.39,6.24,"Ethereum Up or Down - January 4, 3:45PM-4:00PM ET",eth-updown-15m-1767559500,0x42f75a06062b9e4ce2317fddff0da35adbcb27396a1da62822a2c254471d3484,81115282060155343973682629302140588398994460909748445358417739032150121928748,0,0x93de051f1716cca83b0982bad4b7239c3d2b697925a63130a09fb8086fd93352
2026-01-04T15:45:29,1767559529,TRADE,BUY,Down,30,0.68,20.4,"Bitcoin Up or Down - January 4, 3:45PM-4:00PM ET",btc-updown-15m-1767559500,0x7f2710975c1bdfc4511dc3c327cfe7ee7d7b5c2fe64980181ee74341a2d54462,1557301465141604810551338910140925132332991566065957875071399401478651888971,1,0x74691c97f7eab16a3bbdee3273eb16ea30065b7301e06328cf255ede53618924
2026-01-04T15:45:27,1767559527,TRADE,BUY,Down,30,0.67,20.1,"Bitcoin Up or Down - January 4, 3:45PM-4:00PM ET",btc-updown-15m-1767559500,0x7f2710975c1bdfc4511dc3c327cfe7ee7d7b5c2fe64980181ee74341a2d54462,1557301465141604810551338910140925132332991566065957875071399401478651888971,1,0xa12e08c16e1ff407d365867af68b2451898d5b3c0f5a60bf539a890a48e93d95
2026-01-04T15:45:27,1767559527,TRADE,BUY,Down,16,0.62,9.92,"Ethereum Up or Down - January 4, 3:45PM-4:00PM ET",eth-updown-15m-1767559500,0x42f75a06062b9e4ce2317fddff0da35adbcb27396a1da62822a2c254471d3484,98991642164318449849799255365709672842977763882942243995673937893038856560011,1,0x31c119557d8b9f28ca2fa5805e99f049ef37de3d98803d8c2f83df067520182f
2026-01-04T15:45:27,1767559527,TRADE,BUY,Down,30,0.67,20.1,"Bitcoin Up or Down - January 4, 3:45PM-4:00PM ET",btc-updown-15m-1767559500,0x7f2710975c1bdfc4511dc3c327cfe7ee7d7b5c2fe64980181ee74341a2d54462,1557301465141604810551338910140925132332991566065957875071399401478651888971,1,0x62a0efa11a0d7772cb1a5f29a8d2fda598450d811c9f466559652cebedfeb720
2026-01-04T15:45:27,1767559527,TRADE,BUY,Down,30,0.67,20.1,"Bitcoin Up or Down - January 4, 3:45PM-4:00PM ET",btc-updown-15m-1767559500,0x7f2710975c1bdfc4511dc3c327cfe7ee7d7b5c2fe64980181ee74341a2d54462,1557301465141604810551338910140925132332991566065957875071399401478651888971,1,0x197887a0b54e12c742e631b26f91b0e7952d7b1d3f8ef09f195babf468bb3788
2026-01-04T15:45:27,1767559527,TRADE,BUY,Down,30,0.67,20.1,"Bitcoin Up or Down - January 4, 3:45PM-4:00PM ET",btc-updown-15m-1767559500,0x7f2710975c1bdfc4511dc3c327cfe7ee7d7b5c2fe64980181ee74341a2d54462,1557301465141604810551338910140925132332991566065957875071399401478651888971,1,0x68c8df553f5bbec38a0964c6eae625e2f1c6f461964238b2d6c0fcea5f6c5ce2
2026-01-04T15:45:27,1767559527,TRADE,BUY,Down,30,0.67,20.1,"Bitcoin Up or Down - January 4, 3:45PM-4:00PM ET",btc-updown-15m-1767559500,0x7f2710975c1bdfc4511dc3c327cfe7ee7d7b5c2fe64980181ee74341a2d54462,1557301465141604810551338910140925132332991566065957875071399401478651888971,1,0x0d49922d6cc5609752a3da23d7f25439f3fee9793d6acd697e051405e9edc250
2026-01-04T15:45:27,1767559527,TRADE,BUY,Down,30,0.67,20.1,"Bitcoin Up or Down - January 4, 3:45PM-4:00PM ET",btc-updown-15m-1767559500,0x7f2710975c1bdfc4511dc3c327cfe7ee7d7b5c2fe64980181ee74341a2d54462,1557301465141604810551338910140925132332991566065957875071399401478651888971,1,0x43f4fe6f026441a27776e2e6925f734c2660ca3362c29b5d0adfc0f5e77a4a60
2026-01-04T15:45:27,1767559527,TRADE,BUY,Down,30,0.67,20.1,"Bitcoin Up or Down - January 4, 3:45PM-4:00PM ET",btc-updown-15m-1767559500,0x7f2710975c1bdfc4511dc3c327cfe7ee7d7b5c2fe64980181ee74341a2d54462,1557301465141604810551338910140925132332991566065957875071399401478651888971,1,0x5c706c7895cb77d43656885054bc8cebc7fedfb26019cea6c7ee66cca6f2a3b3
2026-01-04T15:45:27,1767559527,TRADE,BUY,Up,30,0.35,10.5,"Bitcoin Up or Down - January 4, 3:45PM-4:00PM ET",btc-updown-15m-1767559500,0x7f2710975c1bdfc4511dc3c327cfe7ee7d7b5c2fe64980181ee74341a2d54462,92170632673932098697839181910966056567672220619206304588775032640672954886297,0,0x1dd9fff4c8c689b1a4fd332a3ea16237f98af2a2d0cb221006293b9e46c3dd50
2026-01-04T15:45:27,1767559527,TRADE,BUY,Up,30,0.35,10.5,"Bitcoin Up or Down - January 4, 3:45PM-4:00PM ET",btc-updown-15m-1767559500,0x7f2710975c1bdfc4511dc3c327cfe7ee7d7b5c2fe64980181ee74341a2d54462,92170632673932098697839181910966056567672220619206304588775032640672954886297,0,0x1dd9fff4c8c689b1a4fd332a3ea16237f98af2a2d0cb221006293b9e46c3dd50
2026-01-04T15:45:27,1767559527,TRADE,BUY,Up,30,0.35,10.5,"Bitcoin Up or Down - January 4, 3:45PM-4:00PM ET",btc-updown-15m-1767559500,0x7f2710975c1bdfc4511dc3c327cfe7ee7d7b5c2fe64980181ee74341a2d54462,92170632673932098697839181910966056567672220619206304588775032640672954886297,0,0x1dd9fff4c8c689b1a4fd332a3ea16237f98af2a2d0cb221006293b9e46c3dd50
2026-01-04T15:45:27,1767559527,TRADE,BUY,Up,30,0.34,10.2,"Bitcoin Up or Down - January 4, 3:45PM-4:00PM ET",btc-updown-15m-1767559500,0x7f2710975c1bdfc4511dc3c327cfe7ee7d7b5c2fe64980181ee74341a2d54462,92170632673932098697839181910966056567672220619206304588775032640672954886297,0,0x1dd9fff4c8c689b1a4fd332a3ea16237f98af2a2d0cb221006293b9e46c3dd50
2026-01-04T15:45:27,1767559527,TRADE,BUY,Up,30,0.34,10.2,"Bitcoin Up or Down - January 4, 3:45PM-4:00PM ET",btc-updown-15m-1767559500,0x7f2710975c1bdfc4511dc3c327cfe7ee7d7b5c2fe64980181ee74341a2d54462,92170632673932098697839181910966056567672220619206304588775032640672954886297,0,0x1dd9fff4c8c689b1a4fd332a3ea16237f98af2a2d0cb221006293b9e46c3dd50
2026-01-04T15:45:25,1767559525,TRADE,BUY,Up,1.694914,0.41000015340011353,0.694915,"Ethereum Up or Down - January 4, 3:45PM-4:00PM ET",eth-updown-15m-1767559500,0x42f75a06062b9e4ce2317fddff0da35adbcb27396a1da62822a2c254471d3484,81115282060155343973682629302140588398994460909748445358417739032150121928748,0,0x4c8743e3234235b022f2f6110972541f15785810259aedf42a896a33818d1971
2026-01-04T15:45:25,1767559525,TRADE,BUY,Up,14,0.36,5.04,"Bitcoin Up or Down - January 4, 3:45PM-4:00PM ET",btc-updown-15m-1767559500,0x7f2710975c1bdfc4511dc3c327cfe7ee7d7b5c2fe64980181ee74341a2d54462,92170632673932098697839181910966056567672220619206304588775032640672954886297,0,0x9edeeaba8f18da6c5e4d0602074ba56fe13f0e54d1b81ab009ea1ab838a1ad81
2026-01-04T15:45:25,1767559525,TRADE,BUY,Up,16,0.36,5.76,"Bitcoin Up or Down - January 4, 3:45PM-4:00PM ET",btc-updown-15m-1767559500,0x7f2710975c1bdfc4511dc3c327cfe7ee7d7b5c2fe64980181ee74341a2d54462,92170632673932098697839181910966056567672220619206304588775032640672954886297,0,0xaa0c795103b661f90ab4e82ff9b3613c098a65986e780235cd3e622df2c96eb8
2026-01-04T15:45:23,1767559523,TRADE,BUY,Up,2.932202,0.4100000613873123,1.202203,"Ethereum Up or Down - January 4, 3:45PM-4:00PM ET",eth-updown-15m-1767559500,0x42f75a06062b9e4ce2317fddff0da35adbcb27396a1da62822a2c254471d3484,81115282060155343973682629302140588398994460909748445358417739032150121928748,0,0x4a58a978cb5bb03e9de0408152cd8fb6b55a2e922516d2f111394424e72a663b
2026-01-04T15:45:23,1767559523,TRADE,BUY,Up,17.55,0.37,6.4935,"Bitcoin Up or Down - January 4, 3:45PM-4:00PM ET",btc-updown-15m-1767559500,0x7f2710975c1bdfc4511dc3c327cfe7ee7d7b5c2fe64980181ee74341a2d54462,92170632673932098697839181910966056567672220619206304588775032640672954886297,0,0xfafdda213cd70ceed179e3f84e55c76e08fc0e3fd9808714ae3a630d208fa790
2026-01-04T15:45:21,1767559521,TRADE,BUY,Down,3.526314,0.6200000907463147,2.186315,"Bitcoin Up or Down - January 4, 3:45PM-4:00PM ET",btc-updown-15m-1767559500,0x7f2710975c1bdfc4511dc3c327cfe7ee7d7b5c2fe64980181ee74341a2d54462,1557301465141604810551338910140925132332991566065957875071399401478651888971,1,0x93fa7b2fd71f34570cec058c97266c165aaeb82880ddf97616c5ca30a37f3b57
2026-01-04T15:45:21,1767559521,TRADE,BUY,Up,1.5625,0.36,0.5625,"Bitcoin Up or Down - January 4, 3:45PM-4:00PM ET",btc-updown-15m-1767559500,0x7f2710975c1bdfc4511dc3c327cfe7ee7d7b5c2fe64980181ee74341a2d54462,92170632673932098697839181910966056567672220619206304588775032640672954886297,0,0x1f47b2d2150fa15d052c957c257594b2da4f00258ebcdcc206a5e114b54b7918
2026-01-04T15:45:21,1767559521,TRADE,BUY,Up,2.140625,0.36,0.770625,"Bitcoin Up or Down - January 4, 3:45PM-4:00PM ET",btc-updown-15m-1767559500,0x7f2710975c1bdfc4511dc3c327cfe7ee7d7b5c2fe64980181ee74341a2d54462,92170632673932098697839181910966056567672220619206304588775032640672954886297,0,0xb568c5071968f270bd7d11e176a045fa4829960cd69110b53c7ae7eed6cdaa2c
2026-01-04T15:45:21,1767559521,TRADE,BUY,Up,5.15625,0.36,1.85625,"Bitcoin Up or Down - January 4, 3:45PM-4:00PM ET",btc-updown-15m-1767559500,0x7f2710975c1bdfc4511dc3c327cfe7ee7d7b5c2fe64980181ee74341a2d54462,92170632673932098697839181910966056567672220619206304588775032640672954886297,0,0x28f6c67e683309a7caf1e68de0d926add6fba0cf278f46a4b508b0d428370877
2026-01-04T15:45:21,1767559521,TRADE,BUY,Up,1.694914,0.41000015340011353,0.694915,"Ethereum Up or Down - January 4, 3:45PM-4:00PM ET",eth-updown-15m-1767559500,0x42f75a06062b9e4ce2317fddff0da35adbcb27396a1da62822a2c254471d3484,81115282060155343973682629302140588398994460909748445358417739032150121928748,0,0x9662bd73ae72cdc8e3c7ef46a332626431085c1546cd99de41e1a9731ec9a9e2
2026-01-04T15:45:21,1767559521,TRADE,BUY,Up,5,0.41,2.05,"Ethereum Up or Down - January 4, 3:45PM-4:00PM ET",eth-updown-15m-1767559500,0x42f75a06062b9e4ce2317fddff0da35adbcb27396a1da62822a2c254471d3484,81115282060155343973682629302140588398994460909748445358417739032150121928748,0,0xc1af8b20c8865e4c70756efd42c57843899088776704dc68d9d3b26f0968518d
2026-01-04T15:45:21,1767559521,TRADE,BUY,Up,5,0.41,2.05,"Ethereum Up or Down - January 4, 3:45PM-4:00PM ET",eth-updown-15m-1767559500,0x42f75a06062b9e4ce2317fddff0da35adbcb27396a1da62822a2c254471d3484,81115282060155343973682629302140588398994460909748445358417739032150121928748,0,0x55b2129f83b18e49aac2304fa77c6024df6a2eb8d87b81d7e023500480de62b5
2026-01-04T15:45:21,1767559521,TRADE,BUY,Down,5,0.62,3.1,"Bitcoin Up or Down - January 4, 3:45PM-4:00PM ET",btc-updown-15m-1767559500,0x7f2710975c1bdfc4511dc3c327cfe7ee7d7b5c2fe64980181ee74341a2d54462,1557301465141604810551338910140925132332991566065957875071399401478651888971,1,0xcfb1170edcc66e37f6ea6a177345cfc5964ab9bab0a643a1a9d3df80351a6a31
2026-01-04T15:45:21,1767559521,TRADE,BUY,Down,2.894735,0.6200001036364295,1.794736,"Bitcoin Up or Down - January 4, 3:45PM-4:00PM ET",btc-updown-15m-1767559500,0x7f2710975c1bdfc4511dc3c327cfe7ee7d7b5c2fe64980181ee74341a2d54462,1557301465141604810551338910140925132332991566065957875071399401478651888971,1,0x69e0017ed1a48f417ddce16c5c342422073190f892d6a67d33c8252df88dd587
2026-01-04T15:45:21,1767559521,TRADE,BUY,Down,5,0.62,3.1,"Bitcoin Up or Down - January 4, 3:45PM-4:00PM ET",btc-updown-15m-1767559500,0x7f2710975c1bdfc4511dc3c327cfe7ee7d7b5c2fe64980181ee74341a2d54462,1557301465141604810551338910140925132332991566065957875071399401478651888971,1,0x99a3345fb5efb33c3864d04595e8e89ea16aaec52081439aaff09b880a80fdc6
2026-01-04T15:45:21,1767559521,TRADE,BUY,Down,5,0.62,3.1,"Bitcoin Up or Down - January 4, 3:45PM-4:00PM ET",btc-updown-15m-1767559500,0x7f2710975c1bdfc4511dc3c327cfe7ee7d7b5c2fe64980181ee74341a2d54462,1557301465141604810551338910140925132332991566065957875071399401478651888971,1,0xe736bbc396c096edcaf12b2cac00351cb6991f3dfc09873b00389868d18bcc12
2026-01-04T15:45:19,1767559519,TRADE,BUY,Up,2,0.36,0.72,"Bitcoin Up or Down - January 4, 3:45PM-4:00PM ET",btc-updown-15m-1767559500,0x7f2710975c1bdfc4511dc3c327cfe7ee7d7b5c2fe64980181ee74341a2d54462,92170632673932098697839181910966056567672220619206304588775032640672954886297,0,0x6d3168c8f1f853529cd3b95d920b46fd2d5280a9af59b76f376e7c283a52842e
2026-01-04T15:45:19,1767559519,TRADE,BUY,Up,8,0.94,7.52,"Ethereum Up or Down - January 4, 3PM ET",ethereum-up-or-down-january-4-3pm-et,0xc9ba23731892bbe8ec25b674511f4ded7f0e306b45bf83b532366fae27844262,68186112946130150456674417545192344998783562609352995712687960939165716629375,0,0xa72bbb354eaf91f78b05f8fdbe4896470e340a371b541f4d2c8b6a7d2699bdc8
2026-01-04T15:45:19,1767559519,TRADE,BUY,Up,8,0.94,7.52,"Ethereum Up or Down - January 4, 3PM ET",ethereum-up-or-down-january-4-3pm-et,0xc9ba23731892bbe8ec25b674511f4ded7f0e306b45bf83b532366fae27844262,68186112946130150456674417545192344998783562609352995712687960939165716629375,0,0x9fd95f94eae7abf5a7fdab3c7e4056c5405258b3954909da6657fa4941741d5e
2026-01-04T15:45:19,1767559519,TRADE,BUY,Up,8,0.94,7.52,"Ethereum Up or Down - January 4, 3PM ET",ethereum-up-or-down-january-4-3pm-et,0xc9ba23731892bbe8ec25b674511f4ded7f0e306b45bf83b532366fae27844262,68186112946130150456674417545192344998783562609352995712687960939165716629375,0,0x30ef694058df260a421153ef09fe3047a7caf9ca57c2a2822ba4348cad5cde22
2026-01-04T15:45:19,1767559519,TRADE,BUY,Up,8,0.94,7.52,"Ethereum Up or Down - January 4, 3PM ET",ethereum-up-or-down-january-4-3pm-et,0xc9ba23731892bbe8ec25b674511f4ded7f0e306b45bf83b532366fae27844262,68186112946130150456674417545192344998783562609352995712687960939165716629375,0,0xd993bbb67f695495d0d985140cbb996e7660bfa34b5592cdd05753f168383fd6
2026-01-04T15:45:19,1767559519,TRADE,BUY,Up,1.78125,0.36,0.64125,"Bitcoin Up or Down - January 4, 3:45PM-4:00PM ET",btc-updown-15m-1767559500,0x7f2710975c1bdfc4511dc3c327cfe7ee7d7b5c2fe64980181ee74341a2d54462,92170632673932098697839181910966056567672220619206304588775032640672954886297,0,0xbafeee40e5cb214d7cc24c39906271957730f6dcfd75734915e0c22f2bb6ec2c
2026-01-04T15:45:19,1767559519,TRADE,BUY,Up,2.03125,0.36,0.73125,"Bitcoin Up or Down - January 4, 3:45PM-4:00PM ET",btc-updown-15m-1767559500,0x7f2710975c1bdfc4511dc3c327cfe7ee7d7b5c2fe64980181ee74341a2d54462,92170632673932098697839181910966056567672220619206304588775032640672954886297,0,0xdcb4c3f194feb3accf073ac1a29b59d1ab33886d98fd372e92bce5dad5130df8
2026-01-04T15:45:19,1767559519,TRADE,BUY,Down,30,0.64,19.2,"Bitcoin Up or Down - January 4, 3:45PM-4:00PM ET",btc-updown-15m-1767559500,0x7f2710975c1bdfc4511dc3c327cfe7ee7d7b5c2fe64980181ee74341a2d54462,1557301465141604810551338910140925132332991566065957875071399401478651888971,1,0xe7ff81c0c9a4ea024c26ab713727d6044699d5d5b10e542f37e28dca6a40f691
2026-01-04T15:45:19,1767559519,TRADE,BUY,Down,30,0.64,19.2,"Bitcoin Up or Down - January 4, 3:45PM-4:00PM ET",btc-updown-15m-1767559500,0x7f2710975c1bdfc4511dc3c327cfe7ee7d7b5c2fe64980181ee74341a2d54462,1557301465141604810551338910140925132332991566065957875071399401478651888971,1,0xe7ff81c0c9a4ea024c26ab713727d6044699d5d5b10e542f37e28dca6a40f691
2026-01-04T15:45:19,1767559519,TRADE,BUY,Down,30,0.64,19.2,"Bitcoin Up or Down - January 4, 3:45PM-4:00PM ET",btc-updown-15m-1767559500,0x7f2710975c1bdfc4511dc3c327cfe7ee7d7b5c2fe64980181ee74341a2d54462,1557301465141604810551338910140925132332991566065957875071399401478651888971,1,0xe7ff81c0c9a4ea024c26ab713727d6044699d5d5b10e542f37e28dca6a40f691
2026-01-04T15:45:19,1767559519,TRADE,BUY,Down,30,0.64,19.2,"Bitcoin Up or Down - January 4, 3:45PM-4:00PM ET",btc-updown-15m-1767559500,0x7f2710975c1bdfc4511dc3c327cfe7ee7d7b5c2fe64980181ee74341a2d54462,1557301465141604810551338910140925132332991566065957875071399401478651888971,1,0xe7ff81c0c9a4ea024c26ab713727d6044699d5d5b10e542f37e28dca6a40f691
2026-01-04T15:45:19,1767559519,TRADE,BUY,Down,30,0.64,19.2,"Bitcoin Up or Down - January 4, 3:45PM-4:00PM ET",btc-updown-15m-1767559500,0x7f2710975c1bdfc4511dc3c327cfe7ee7d7b5c2fe64980181ee74341a2d54462,1557301465141604810551338910140925132332991566065957875071399401478651888971,1,0xe7ff81c0c9a4ea024c26ab713727d6044699d5d5b10e542f37e28dca6a40f691
2026-01-04T15:45:17,1767559517,TRADE,BUY,Up,30,0.35,10.5,"Bitcoin Up or Down - January 4, 3:45PM-4:00PM ET",btc-updown-15m-1767559500,0x7f2710975c1bdfc4511dc3c327cfe7ee7d7b5c2fe64980181ee74341a2d54462,92170632673932098697839181910966056567672220619206304588775032640672954886297,0,0x966895de65c7c71026673f4be08b319ee1ff0cb93131768849f6329888054805
2026-01-04T15:45:17,1767559517,TRADE,BUY,Up,30,0.35,10.5,"Bitcoin Up or Down - January 4, 3:45PM-4:00PM ET",btc-updown-15m-1767559500,0x7f2710975c1bdfc4511dc3c327cfe7ee7d7b5c2fe64980181ee74341a2d54462,92170632673932098697839181910966056567672220619206304588775032640672954886297,0,0x966895de65c7c71026673f4be08b319ee1ff0cb93131768849f6329888054805
2026-01-04T15:45:17,1767559517,TRADE,BUY,Up,30,0.36,10.8,"Bitcoin Up or Down - January 4, 3:45PM-4:00PM ET",btc-updown-15m-1767559500,0x7f2710975c1bdfc4511dc3c327cfe7ee7d7b5c2fe64980181ee74341a2d54462,92170632673932098697839181910966056567672220619206304588775032640672954886297,0,0x0c257c96261c320b604933b4c9bb448b1cdf5b09b9516de5d79bd59e4c69a14e
2026-01-04T15:45:17,1767559517,TRADE,BUY,Up,30,0.36,10.8,"Bitcoin Up or Down - January 4, 3:45PM-4:00PM ET",btc-updown-15m-1767559500,0x7f2710975c1bdfc4511dc3c327cfe7ee7d7b5c2fe64980181ee74341a2d54462,92170632673932098697839181910966056567672220619206304588775032640672954886297,0,0x0c257c96261c320b604933b4c9bb448b1cdf5b09b9516de5d79bd59e4c69a14e
2026-01-04T15:45:17,1767559517,TRADE,BUY,Up,30,0.36,10.8,"Bitcoin Up or Down - January 4, 3:45PM-4:00PM ET",btc-updown-15m-1767559500,0x7f2710975c1bdfc4511dc3c327cfe7ee7d7b5c2fe64980181ee74341a2d54462,92170632673932098697839181910966056567672220619206304588775032640672954886297,0,0x0c257c96261c320b604933b4c9bb448b1cdf5b09b9516de5d79bd59e4c69a14e
2026-01-04T15:45:17,1767559517,TRADE,BUY,Up,30,0.36,10.8,"Bitcoin Up or Down - January 4, 3:45PM-4:00PM ET",btc-updown-15m-1767559500,0x7f2710975c1bdfc4511dc3c327cfe7ee7d7b5c2fe64980181ee74341a2d54462,92170632673932098697839181910966056567672220619206304588775032640672954886297,0,0x0c257c96261c320b604933b4c9bb448b1cdf5b09b9516de5d79bd59e4c69a14e
2026-01-04T15:45:17,1767559517,TRADE,BUY,Up,30,0.36,10.8,"Bitcoin Up or Down - January 4, 3:45PM-4:00PM ET",btc-updown-15m-1767559500,0x7f2710975c1bdfc4511dc3c327cfe7ee7d7b5c2fe64980181ee74341a2d54462,92170632673932098697839181910966056567672220619206304588775032640672954886297,0,0x0c257c96261c320b604933b4c9bb448b1cdf5b09b9516de5d79bd59e4c69a14e
2026-01-04T15:45:17,1767559517,TRADE,BUY,Up,30,0.36,10.8,"Bitcoin Up or Down - January 4, 3:45PM-4:00PM ET",btc-updown-15m-1767559500,0x7f2710975c1bdfc4511dc3c327cfe7ee7d7b5c2fe64980181ee74341a2d54462,92170632673932098697839181910966056567672220619206304588775032640672954886297,0,0x0c257c96261c320b604933b4c9bb448b1cdf5b09b9516de5d79bd59e4c69a14e
2026-01-04T15:45:17,1767559517,TRADE,BUY,Down,16,0.64,10.24,"Ethereum Up or Down - January 4, 3:45PM-4:00PM ET",eth-updown-15m-1767559500,0x42f75a06062b9e4ce2317fddff0da35adbcb27396a1da62822a2c254471d3484,98991642164318449849799255365709672842977763882942243995673937893038856560011,1,0x47db54f357787029d49e6226ad3a9b34b8ad14d17507256c1e1b52fe1de5d8a5
2026-01-04T15:45:17,1767559517,TRADE,BUY,Down,3.67,0.64,2.3488,"Bitcoin Up or Down - January 4, 3:45PM-4:00PM ET",btc-updown-15m-1767559500,0x7f2710975c1bdfc4511dc3c327cfe7ee7d7b5c2fe64980181ee74341a2d54462,1557301465141604810551338910140925132332991566065957875071399401478651888971,1,0xed2641fe045f51d2f626c6ea2ee4595ec98bda7bcebe9f51af3f13bf3fe53842
2026-01-04T15:45:17,1767559517,TRADE,BUY,Down,24.9,0.64,15.936,"Bitcoin Up or Down - January 4, 3:45PM-4:00PM ET",btc-updown-15m-1767559500,0x7f2710975c1bdfc4511dc3c327cfe7ee7d7b5c2fe64980181ee74341a2d54462,1557301465141604810551338910140925132332991566065957875071399401478651888971,1,0xb67b8b266d595e8468596f00748895e0afa63e271c3b343bc39b05627014af63
2026-01-04T15:45:15,1767559515,TRADE,BUY,Down,0.42,0.61,0.2562,"Ethereum Up or Down - January 4, 3:45PM-4:00PM ET",eth-updown-15m-1767559500,0x42f75a06062b9e4ce2317fddff0da35adbcb27396a1da62822a2c254471d3484,98991642164318449849799255365709672842977763882942243995673937893038856560011,1,0xf162953cd91407bd7f001299d18a657be353801feb35fc6bf0d13d3fbf45b647
2026-01-04T15:45:15,1767559515,TRADE,BUY,Down,30,0.61,18.3,"Bitcoin Up or Down - January 4, 3:45PM-4:00PM ET",btc-updown-15m-1767559500,0x7f2710975c1bdfc4511dc3c327cfe7ee7d7b5c2fe64980181ee74341a2d54462,1557301465141604810551338910140925132332991566065957875071399401478651888971,1,0x7981102cfdc83ef3ca8e6fb9c518ce0bfd40e4d5b14597a27ca3db5d88cd1ebb
2026-01-04T15:45:15,1767559515,TRADE,BUY,Down,16,0.63,10.08,"Ethereum Up or Down - January 4, 3:45PM-4:00PM ET",eth-updown-15m-1767559500,0x42f75a06062b9e4ce2317fddff0da35adbcb27396a1da62822a2c254471d3484,98991642164318449849799255365709672842977763882942243995673937893038856560011,1,0x72fe31b8ff1f5cec60c6e5711c51ade53b125144fc414e86f60248db2d08fc52
2026-01-04T15:45:15,1767559515,TRADE,BUY,Down,16,0.63,10.08,"Ethereum Up or Down - January 4, 3:45PM-4:00PM ET",eth-updown-15m-1767559500,0x42f75a06062b9e4ce2317fddff0da35adbcb27396a1da62822a2c254471d3484,98991642164318449849799255365709672842977763882942243995673937893038856560011,1,0x9c6fa0de657b03356a7f9a76a1542db21477de71b1df85f42efb56168441ae1b
2026-01-04T15:45:15,1767559515,TRADE,BUY,Down,16,0.64,10.24,"Ethereum Up or Down - January 4, 3:45PM-4:00PM ET",eth-updown-15m-1767559500,0x42f75a06062b9e4ce2317fddff0da35adbcb27396a1da62822a2c254471d3484,98991642164318449849799255365709672842977763882942243995673937893038856560011,1,0x7d940e162a7827af5c0920149fc2a4bdd0ddd885597660827e523e96a52d7704
2026-01-04T15:45:15,1767559515,TRADE,BUY,Down,5,0.62,3.1,"Ethereum Up or Down - January 4, 3:45PM-4:00PM ET",eth-updown-15m-1767559500,0x42f75a06062b9e4ce2317fddff0da35adbcb27396a1da62822a2c254471d3484,98991642164318449849799255365709672842977763882942243995673937893038856560011,1,0x54fb4e48de8851f1ae697dbdf52fec5978d152e593b32f8dcb4a234b0a10faa3
2026-01-04T15:45:15,1767559515,TRADE,BUY,Down,16,0.63,10.08,"Ethereum Up or Down - January 4, 3:45PM-4:00PM ET",eth-updown-15m-1767559500,0x42f75a06062b9e4ce2317fddff0da35adbcb27396a1da62822a2c254471d3484,98991642164318449849799255365709672842977763882942243995673937893038856560011,1,0x9c6fa0de657b03356a7f9a76a1542db21477de71b1df85f42efb56168441ae1b
2026-01-04T15:45:15,1767559515,TRADE,BUY,Down,16,0.64,10.24,"Ethereum Up or Down - January 4, 3:45PM-4:00PM ET",eth-updown-15m-1767559500,0x42f75a06062b9e4ce2317fddff0da35adbcb27396a1da62822a2c254471d3484,98991642164318449849799255365709672842977763882942243995673937893038856560011,1,0x7d940e162a7827af5c0920149fc2a4bdd0ddd885597660827e523e96a52d7704
2026-01-04T15:45:15,1767559515,TRADE,BUY,Down,5,0.62,3.1,"Ethereum Up or Down - January 4, 3:45PM-4:00PM ET",eth-updown-15m-1767559500,0x42f75a06062b9e4ce2317fddff0da35adbcb27396a1da62822a2c254471d3484,98991642164318449849799255365709672842977763882942243995673937893038856560011,1,0x54fb4e48de8851f1ae697dbdf52fec5978d152e593b32f8dcb4a234b0a10faa3
2026-01-04T15:45:15,1767559515,TRADE,BUY,Down,4.578946,0.6200001048276176,2.838947,"Ethereum Up or Down - January 4, 3:45PM-4:00PM ET",eth-updown-15m-1767559500,0x42f75a06062b9e4ce2317fddff0da35adbcb27396a1da62822a2c254471d3484,98991642164318449849799255365709672842977763882942243995673937893038856560011,1,0x791d7a0493017558fee8b76d584f9e4d3912849fc71201e091dc7caa26ae90d8
2026-01-04T15:45:15,1767559515,TRADE,BUY,Down,2.91,0.61,1.7751,"Bitcoin Up or Down - January 4, 3:45PM-4:00PM ET",btc-updown-15m-1767559500,0x7f2710975c1bdfc4511dc3c327cfe7ee7d7b5c2fe64980181ee74341a2d54462,1557301465141604810551338910140925132332991566065957875071399401478651888971,1,0xfa8c79a7d83dcf3e4382f2215c2c5d317154ab55525699b406e7a9a75835fd13
2026-01-04T15:45:15,1767559515,TRADE,BUY,Down,30,0.61,18.3,"Bitcoin Up or Down - January 4, 3:45PM-4:00PM ET",btc-updown-15m-1767559500,0x7f2710975c1bdfc4511dc3c327cfe7ee7d7b5c2fe64980181ee74341a2d54462,1557301465141604810551338910140925132332991566065957875071399401478651888971,1,0xc7f0ecc59404845acf12dfab0c908fee193eabc3830229e78ddca9516efec2da
2026-01-04T15:45:15,1767559515,TRADE,BUY,Down,1.42,0.62,0.8804,"Ethereum Up or Down - January 4, 3:45PM-4:00PM ET",eth-updown-15m-1767559500,0x42f75a06062b9e4ce2317fddff0da35adbcb27396a1da62822a2c254471d3484,98991642164318449849799255365709672842977763882942243995673937893038856560011,1,0x3a16ab2239c1836ec210f755941a4027c6e308f856ea9e61c51b298233a12212
2026-01-04T15:45:15,1767559515,TRADE,BUY,Down,3.58,0.62,2.2196,"Ethereum Up or Down - January 4, 3:45PM-4:00PM ET",eth-updown-15m-1767559500,0x42f75a06062b9e4ce2317fddff0da35adbcb27396a1da62822a2c254471d3484,98991642164318449849799255365709672842977763882942243995673937893038856560011,1,0x3a16ab2239c1836ec210f755941a4027c6e308f856ea9e61c51b298233a12212
2026-01-04T15:45:15,1767559515,TRADE,BUY,Down,5,0.62,3.1,"Ethereum Up or Down - January 4, 3:45PM-4:00PM ET",eth-updown-15m-1767559500,0x42f75a06062b9e4ce2317fddff0da35adbcb27396a1da62822a2c254471d3484,98991642164318449849799255365709672842977763882942243995673937893038856560011,1,0x0122c37160eddd4e9f957d59d847ca309b4ed0517c56a751b678c97982c9599f
2026-01-04T15:45:15,1767559515,TRADE,BUY,Down,5,0.62,3.1,"Ethereum Up or Down - January 4, 3:45PM-4:00PM ET",eth-updown-15m-1767559500,0x42f75a06062b9e4ce2317fddff0da35adbcb27396a1da62822a2c254471d3484,98991642164318449849799255365709672842977763882942243995673937893038856560011,1,0x9c25d4f103ce5d09b40d3ee2488bebf3ddbb17273e4adccd13e72fed8999e7f0
2026-01-04T15:45:15,1767559515,TRADE,BUY,Down,5,0.62,3.1,"Ethereum Up or Down - January 4, 3:45PM-4:00PM ET",eth-updown-15m-1767559500,0x42f75a06062b9e4ce2317fddff0da35adbcb27396a1da62822a2c254471d3484,98991642164318449849799255365709672842977763882942243995673937893038856560011,1,0xb19bbc457c672395822adb833e094b560f78633dd219a257e547a1a6c4bd3e67
2026-01-04T15:45:15,1767559515,TRADE,BUY,Down,2.42,0.62,1.5004,"Ethereum Up or Down - January 4, 3:45PM-4:00PM ET",eth-updown-15m-1767559500,0x42f75a06062b9e4ce2317fddff0da35adbcb27396a1da62822a2c254471d3484,98991642164318449849799255365709672842977763882942243995673937893038856560011,1,0x8232f38647fdca1209c68a27cd7d9509adcbcf82a7535e78e4a6914f6e024686
2026-01-04T15:45:15,1767559515,TRADE,BUY,Down,2.103588,0.6100001521210427,1.283189,"Ethereum Up or Down - January 4, 3:45PM-4:00PM ET",eth-updown-15m-1767559500,0x42f75a06062b9e4ce2317fddff0da35adbcb27396a1da62822a2c254471d3484,98991642164318449849799255365709672842977763882942243995673937893038856560011,1,0x8232f38647fdca1209c68a27cd7d9509adcbcf82a7535e78e4a6914f6e024686
2026-01-04T15:45:15,1767559515,TRADE,BUY,Down,5,0.61,3.05,"Ethereum Up or Down - January 4, 3:45PM-4:00PM ET",eth-updown-15m-1767559500,0x42f75a06062b9e4ce2317fddff0da35adbcb27396a1da62822a2c254471d3484,98991642164318449849799255365709672842977763882942243995673937893038856560011,1,0xb8a2cedc0aed7fa2501575cc325d6a81de31df82788ec15d683aebb5af258175
2026-01-04T15:45:15,1767559515,TRADE,BUY,Down,4.461537,0.6100000963793419,2.721538,"Ethereum Up or Down - January 4, 3:45PM-4:00PM ET",eth-updown-15m-1767559500,0x42f75a06062b9e4ce2317fddff0da35adbcb27396a1da62822a2c254471d3484,98991642164318449849799255365709672842977763882942243995673937893038856560011,1,0xdabb11a9f3e6d371254282135a117b9aaee44846dea7729194499aa0f84a4fbe
2026-01-04T15:45:15,1767559515,TRADE,BUY,Down,3.89,0.61,2.3729,"Ethereum Up or Down - January 4, 3:45PM-4:00PM ET",eth-updown-15m-1767559500,0x42f75a06062b9e4ce2317fddff0da35adbcb27396a1da62822a2c254471d3484,98991642164318449849799255365709672842977763882942243995673937893038856560011,1,0x5e7f8aa15b133210297a3ef5ced12bcd2b471ce430f97e0034d745047212c9e5
2026-01-04T15:45:15,1767559515,TRADE,BUY,Down,1.11,0.61,0.6771,"Ethereum Up or Down - January 4, 3:45PM-4:00PM ET",eth-updown-15m-1767559500,0x42f75a06062b9e4ce2317fddff0da35adbcb27396a1da62822a2c254471d3484,98991642164318449849799255365709672842977763882942243995673937893038856560011,1,0x5e7f8aa15b133210297a3ef5ced12bcd2b471ce430f97e0034d745047212c9e5
2026-01-04T15:45:15,1767559515,TRADE,BUY,Down,5,0.61,3.05,"Ethereum Up or Down - January 4, 3:45PM-4:00PM ET",eth-updown-15m-1767559500,0x42f75a06062b9e4ce2317fddff0da35adbcb27396a1da62822a2c254471d3484,98991642164318449849799255365709672842977763882942243995673937893038856560011,1,0x44fb0901b2dc0ef6b7325bf45b744b82bf647eebefd8bf09743aa4ade97afc14
2026-01-04T15:45:15,1767559515,TRADE,BUY,Down,5,0.61,3.05,"Ethereum Up or Down - January 4, 3:45PM-4:00PM ET",eth-updown-15m-1767559500,0x42f75a06062b9e4ce2317fddff0da35adbcb27396a1da62822a2c254471d3484,98991642164318449849799255365709672842977763882942243995673937893038856560011,1,0x8968f03b1bdf688d0e82bc843438f980cdea369fe15f55b8422a91b0d1b426bd
2026-01-04T15:45:15,1767559515,TRADE,BUY,Down,5,0.61,3.05,"Ethereum Up or Down - January 4, 3:45PM-4:00PM ET",eth-updown-15m-1767559500,0x42f75a06062b9e4ce2317fddff0da35adbcb27396a1da62822a2c254471d3484,98991642164318449849799255365709672842977763882942243995673937893038856560011,1,0x1a455110ae22b1a37f723b00d701819f999a0d29170b099212ecde680b78559e
2026-01-04T15:45:11,1767559511,TRADE,BUY,Down,8,0.06,0.48,"Ethereum Up or Down - January 4, 3PM ET",ethereum-up-or-down-january-4-3pm-et,0xc9ba23731892bbe8ec25b674511f4ded7f0e306b45bf83b532366fae27844262,74614531136658419869976518774444230457209477759886108308757218855704640458130,1,0x14569df04aa209b3b20fa86bd13bd8c7e6863635b77b54587afca7cde742be15
2026-01-04T15:45:11,1767559511,TRADE,BUY,Down,6.83,0.06,0.4098,"Ethereum Up or Down - January 4, 3PM ET",ethereum-up-or-down-january-4-3pm-et,0xc9ba23731892bbe8ec25b674511f4ded7f0e306b45bf83b532366fae27844262,74614531136658419869976518774444230457209477759886108308757218855704640458130,1,0x14569df04aa209b3b20fa86bd13bd8c7e6863635b77b54587afca7cde742be15
2026-01-04T15:44:45,1767559485,TRADE,BUY,Up,9,0.03,0.27,"Ethereum Up or Down - January 4, 3:30PM-3:45PM ET",eth-updown-15m-1767558600,0x2ba6c3827ebd4ab5f0dbf3b76d6b7e070e59ebd0accaa3797721ff718e746770,77585077804312748224783603604256454107190949708172750078441920655350710786028,0,0x7aaf5515d81022bb0e0864f4ac9ddd2353471462c40db021d3bc750251951ceb
2026-01-04T15:44:43,1767559483,TRADE,BUY,Up,9,0.05,0.45,"Ethereum Up or Down - January 4, 3:30PM-3:45PM ET",eth-updown-15m-1767558600,0x2ba6c3827ebd4ab5f0dbf3b76d6b7e070e59ebd0accaa3797721ff718e746770,77585077804312748224783603604256454107190949708172750078441920655350710786028,0,0x15606e529c137fb38ec59ba27599eeb9bf9c02f42a7eace8aa6e593cba1717f1
2026-01-04T15:44:39,1767559479,TRADE,BUY,Up,9,0.1,0.9,"Ethereum Up or Down - January 4, 3:30PM-3:45PM ET",eth-updown-15m-1767558600,0x2ba6c3827ebd4ab5f0dbf3b76d6b7e070e59ebd0accaa3797721ff718e746770,77585077804312748224783603604256454107190949708172750078441920655350710786028,0,0x4cffb60584937d3aa3fe58596873ca8140fa2724244630c8ac216be506e195c1
2026-01-04T15:44:39,1767559479,TRADE,BUY,Up,1,0.1,0.1,"Ethereum Up or Down - January 4, 3:30PM-3:45PM ET",eth-updown-15m-1767558600,0x2ba6c3827ebd4ab5f0dbf3b76d6b7e070e59ebd0accaa3797721ff718e746770,77585077804312748224783603604256454107190949708172750078441920655350710786028,0,0x4cffb60584937d3aa3fe58596873ca8140fa2724244630c8ac216be506e195c1
2026-01-04T15:44:39,1767559479,TRADE,BUY,Up,1.82222,0.1,0.182222,"Ethereum Up or Down - January 4, 3:30PM-3:45PM ET",eth-updown-15m-1767558600,0x2ba6c3827ebd4ab5f0dbf3b76d6b7e070e59ebd0accaa3797721ff718e746770,77585077804312748224783603604256454107190949708172750078441920655350710786028,0,0xa2714af209788917f47d013f1fbec7a1622ff1dce4929c3f550089b72b4e7c26
2026-01-04T15:44:39,1767559479,TRADE,BUY,Up,1.13,0.1,0.113,"Ethereum Up or Down - January 4, 3:30PM-3:45PM ET",eth-updown-15m-1767558600,0x2ba6c3827ebd4ab5f0dbf3b76d6b7e070e59ebd0accaa3797721ff718e746770,77585077804312748224783603604256454107190949708172750078441920655350710786028,0,0x22b75ee589cfd3b79791748968f57b26e8b11a55cf55d374fcd4fb6258cbf7b7
2026-01-04T15:44:39,1767559479,TRADE,BUY,Up,9,0.11,0.99,"Ethereum Up or Down - January 4, 3:30PM-3:45PM ET",eth-updown-15m-1767558600,0x2ba6c3827ebd4ab5f0dbf3b76d6b7e070e59ebd0accaa3797721ff718e746770,77585077804312748224783603604256454107190949708172750078441920655350710786028,0,0x432d30d40e425976e5b539a7111cb14c2578cff84e134794bce1a4b189caee90
2026-01-04T15:44:39,1767559479,TRADE,BUY,Up,6.87,0.1,0.687,"Ethereum Up or Down - January 4, 3:30PM-3:45PM ET",eth-updown-15m-1767558600,0x2ba6c3827ebd4ab5f0dbf3b76d6b7e070e59ebd0accaa3797721ff718e746770,77585077804312748224783603604256454107190949708172750078441920655350710786028,0,0x432d30d40e425976e5b539a7111cb14c2578cff84e134794bce1a4b189caee90
2026-01-04T15:44:39,1767559479,TRADE,BUY,Up,6.45222,0.1,0.645222,"Ethereum Up or Down - January 4, 3:30PM-3:45PM ET",eth-updown-15m-1767558600,0x2ba6c3827ebd4ab5f0dbf3b76d6b7e070e59ebd0accaa3797721ff718e746770,77585077804312748224783603604256454107190949708172750078441920655350710786028,0,0x432d30d40e425976e5b539a7111cb14c2578cff84e134794bce1a4b189caee90
2026-01-04T15:44:33,1767559473,TRADE,BUY,Down,7.85,0.91,7.1435,"Ethereum Up or Down - January 4, 3:30PM-3:45PM ET",eth-updown-15m-1767558600,0x2ba6c3827ebd4ab5f0dbf3b76d6b7e070e59ebd0accaa3797721ff718e746770,104505427679750600425418334679780824148635355182819665603749280754606540772240,1,0xe498744c9db5099eb73a21e8120bfc54549d79042132331393b30fd25d3427c4
2026-01-04T15:44:33,1767559473,TRADE,BUY,Down,9,0.92,8.28,"Ethereum Up or Down - January 4, 3:30PM-3:45PM ET",eth-updown-15m-1767558600,0x2ba6c3827ebd4ab5f0dbf3b76d6b7e070e59ebd0accaa3797721ff718e746770,104505427679750600425418334679780824148635355182819665603749280754606540772240,1,0x767199e576f7f7a330d48974ab930ac1caa63f6825e9078e50a974de63d2b371
2026-01-04T15:44:33,1767559473,TRADE,BUY,Down,1.15,0.91,1.0465,"Ethereum Up or Down - January 4, 3:30PM-3:45PM ET",eth-updown-15m-1767558600,0x2ba6c3827ebd4ab5f0dbf3b76d6b7e070e59ebd0accaa3797721ff718e746770,104505427679750600425418334679780824148635355182819665603749280754606540772240,1,0xbfd15d88284e8a4ccd0abad1a24657c5eaff107a22001b465c058aaf13d3d997
2026-01-04T15:44:33,1767559473,TRADE,BUY,Down,9,0.91,8.19,"Ethereum Up or Down - January 4, 3:30PM-3:45PM ET",eth-updown-15m-1767558600,0x2ba6c3827ebd4ab5f0dbf3b76d6b7e070e59ebd0accaa3797721ff718e746770,104505427679750600425418334679780824148635355182819665603749280754606540772240,1,0xbfd15d88284e8a4ccd0abad1a24657c5eaff107a22001b465c058aaf13d3d997
2026-01-04T15:44:33,1767559473,TRADE,BUY,Down,9,0.91,8.19,"Ethereum Up or Down - January 4, 3:30PM-3:45PM ET",eth-updown-15m-1767558600,0x2ba6c3827ebd4ab5f0dbf3b76d6b7e070e59ebd0accaa3797721ff718e746770,104505427679750600425418334679780824148635355182819665603749280754606540772240,1,0xbfd15d88284e8a4ccd0abad1a24657c5eaff107a22001b465c058aaf13d3d997
2026-01-04T15:44:33,1767559473,TRADE,BUY,Down,9,0.91,8.19,"Ethereum Up or Down - January 4, 3:30PM-3:45PM ET",eth-updown-15m-1767558600,0x2ba6c3827ebd4ab5f0dbf3b76d6b7e070e59ebd0accaa3797721ff718e746770,104505427679750600425418334679780824148635355182819665603749280754606540772240,1,0xbfd15d88284e8a4ccd0abad1a24657c5eaff107a22001b465c058aaf13d3d997
2026-01-04T15:44:33,1767559473,TRADE,BUY,Down,9,0.9,8.1,"Ethereum Up or Down - January 4, 3:30PM-3:45PM ET",eth-updown-15m-1767558600,0x2ba6c3827ebd4ab5f0dbf3b76d6b7e070e59ebd0accaa3797721ff718e746770,104505427679750600425418334679780824148635355182819665603749280754606540772240,1,0xbfd15d88284e8a4ccd0abad1a24657c5eaff107a22001b465c058aaf13d3d997
2026-01-04T15:44:33,1767559473,TRADE,BUY,Down,9,0.9,8.1,"Ethereum Up or Down - January 4, 3:30PM-3:45PM ET",eth-updown-15m-1767558600,0x2ba6c3827ebd4ab5f0dbf3b76d6b7e070e59ebd0accaa3797721ff718e746770,104505427679750600425418334679780824148635355182819665603749280754606540772240,1,0xbfd15d88284e8a4ccd0abad1a24657c5eaff107a22001b465c058aaf13d3d997
2026-01-04T15:44:33,1767559473,TRADE,BUY,Down,9,0.9,8.1,"Ethereum Up or Down - January 4, 3:30PM-3:45PM ET",eth-updown-15m-1767558600,0x2ba6c3827ebd4ab5f0dbf3b76d6b7e070e59ebd0accaa3797721ff718e746770,104505427679750600425418334679780824148635355182819665603749280754606540772240,1,0xbfd15d88284e8a4ccd0abad1a24657c5eaff107a22001b465c058aaf13d3d997
2026-01-04T15:44:31,1767559471,TRADE,BUY,Up,9,0.17,1.53,"Ethereum Up or Down - January 4, 3:30PM-3:45PM ET",eth-updown-15m-1767558600,0x2ba6c3827ebd4ab5f0dbf3b76d6b7e070e59ebd0accaa3797721ff718e746770,77585077804312748224783603604256454107190949708172750078441920655350710786028,0,0xca87e1d0d68d9218634260e7f4ed1465486fbb1dcb75864db0ca4f33df30de2a
2026-01-04T15:44:31,1767559471,TRADE,BUY,Up,9,0.12,1.08,"Ethereum Up or Down - January 4, 3:30PM-3:45PM ET",eth-updown-15m-1767558600,0x2ba6c3827ebd4ab5f0dbf3b76d6b7e070e59ebd0accaa3797721ff718e746770,77585077804312748224783603604256454107190949708172750078441920655350710786028,0,0xe4ec557208e5095a6e44fbf0f24cb396e8903d24b08dfc345b8d5f229ced884d
2026-01-04T15:44:29,1767559469,TRADE,BUY,Down,5.136362,0.7800001246018096,4.006363,"Ethereum Up or Down - January 4, 3:30PM-3:45PM ET",eth-updown-15m-1767558600,0x2ba6c3827ebd4ab5f0dbf3b76d6b7e070e59ebd0accaa3797721ff718e746770,104505427679750600425418334679780824148635355182819665603749280754606540772240,1,0x5688fb4e95f4af54abd0fe50822faec381f71d7d2f1ed863b9ec25ccfb969419
2026-01-04T15:44:27,1767559467,TRADE,BUY,Up,9,0.2,1.8,"Ethereum Up or Down - January 4, 3:30PM-3:45PM ET",eth-updown-15m-1767558600,0x2ba6c3827ebd4ab5f0dbf3b76d6b7e070e59ebd0accaa3797721ff718e746770,77585077804312748224783603604256454107190949708172750078441920655350710786028,0,0x3e36932e4d65b1dca2bca911c78bb994fcf5027289f0ad4bfe2d82de90c8bf87
2026-01-04T15:44:27,1767559467,TRADE,BUY,Up,9,0.19,1.71,"Ethereum Up or Down - January 4, 3:30PM-3:45PM ET",eth-updown-15m-1767558600,0x2ba6c3827ebd4ab5f0dbf3b76d6b7e070e59ebd0accaa3797721ff718e746770,77585077804312748224783603604256454107190949708172750078441920655350710786028,0,0x3e36932e4d65b1dca2bca911c78bb994fcf5027289f0ad4bfe2d82de90c8bf87
2026-01-04T15:44:27,1767559467,TRADE,BUY,Up,9,0.19,1.71,"Ethereum Up or Down - January 4, 3:30PM-3:45PM ET",eth-updown-15m-1767558600,0x2ba6c3827ebd4ab5f0dbf3b76d6b7e070e59ebd0accaa3797721ff718e746770,77585077804312748224783603604256454107190949708172750078441920655350710786028,0,0x3e36932e4d65b1dca2bca911c78bb994fcf5027289f0ad4bfe2d82de90c8bf87
2026-01-04T15:44:27,1767559467,TRADE,BUY,Up,9,0.18,1.62,"Ethereum Up or Down - January 4, 3:30PM-3:45PM ET",eth-updown-15m-1767558600,0x2ba6c3827ebd4ab5f0dbf3b76d6b7e070e59ebd0accaa3797721ff718e746770,77585077804312748224783603604256454107190949708172750078441920655350710786028,0,0x3e36932e4d65b1dca2bca911c78bb994fcf5027289f0ad4bfe2d82de90c8bf87
2026-01-04T15:44:27,1767559467,TRADE,BUY,Up,9,0.18,1.62,"Ethereum Up or Down - January 4, 3:30PM-3:45PM ET",eth-updown-15m-1767558600,0x2ba6c3827ebd4ab5f0dbf3b76d6b7e070e59ebd0accaa3797721ff718e746770,77585077804312748224783603604256454107190949708172750078441920655350710786028,0,0x20fe7ce37969dbadd74d6a53163eee268befdbdf1aadf3b57c224b7e2542cb04
2026-01-04T15:44:23,1767559463,TRADE,BUY,Up,9,0.2,1.8,"Ethereum Up or Down - January 4, 3:30PM-3:45PM ET",eth-updown-15m-1767558600,0x2ba6c3827ebd4ab5f0dbf3b76d6b7e070e59ebd0accaa3797721ff718e746770,77585077804312748224783603604256454107190949708172750078441920655350710786028,0,0x2793e44852d548609d6265a1803a070b1c3645e5cf6bb0c0ecdb38b3575454a1
2026-01-04T15:44:23,1767559463,TRADE,BUY,Up,9,0.19,1.71,"Ethereum Up or Down - January 4, 3:30PM-3:45PM ET",eth-updown-15m-1767558600,0x2ba6c3827ebd4ab5f0dbf3b76d6b7e070e59ebd0accaa3797721ff718e746770,77585077804312748224783603604256454107190949708172750078441920655350710786028,0,0x2793e44852d548609d6265a1803a070b1c3645e5cf6bb0c0ecdb38b3575454a1
2026-01-04T15:44:23,1767559463,TRADE,BUY,Up,9,0.19,1.71,"Ethereum Up or Down - January 4, 3:30PM-3:45PM ET",eth-updown-15m-1767558600,0x2ba6c3827ebd4ab5f0dbf3b76d6b7e070e59ebd0accaa3797721ff718e746770,77585077804312748224783603604256454107190949708172750078441920655350710786028,0,0x2793e44852d548609d6265a1803a070b1c3645e5cf6bb0c0ecdb38b3575454a1
2026-01-04T15:44:21,1767559461,TRADE,BUY,Up,5.059518,0.1600000237176743,0.809523,"Ethereum Up or Down - January 4, 3:30PM-3:45PM ET",eth-updown-15m-1767558600,0x2ba6c3827ebd4ab5f0dbf3b76d6b7e070e59ebd0accaa3797721ff718e746770,77585077804312748224783603604256454107190949708172750078441920655350710786028,0,0x8f17e909fadea12084326b453493a7acd772671f7468e2223fc6144863878c72
2026-01-04T15:44:21,1767559461,TRADE,BUY,Down,9,0.78,7.02,"Ethereum Up or Down - January 4, 3:30PM-3:45PM ET",eth-updown-15m-1767558600,0x2ba6c3827ebd4ab5f0dbf3b76d6b7e070e59ebd0accaa3797721ff718e746770,104505427679750600425418334679780824148635355182819665603749280754606540772240,1,0xe7b34ddaf4b482e79687f856f6ebb15933089f63782ed4bce5fd37f217f751b7
2026-01-04T15:44:21,1767559461,TRADE,BUY,Down,9,0.78,7.02,"Ethereum Up or Down - January 4, 3:30PM-3:45PM ET",eth-updown-15m-1767558600,0x2ba6c3827ebd4ab5f0dbf3b76d6b7e070e59ebd0accaa3797721ff718e746770,104505427679750600425418334679780824148635355182819665603749280754606540772240,1,0xe7b34ddaf4b482e79687f856f6ebb15933089f63782ed4bce5fd37f217f751b7
2026-01-04T15:44:21,1767559461,TRADE,BUY,Down,9,0.79,7.11,"Ethereum Up or Down - January 4, 3:30PM-3:45PM ET",eth-updown-15m-1767558600,0x2ba6c3827ebd4ab5f0dbf3b76d6b7e070e59ebd0accaa3797721ff718e746770,104505427679750600425418334679780824148635355182819665603749280754606540772240,1,0xe96276495a04b7987425cf31c660b799583ff4a706a4959f5bc61b105d2d2713
2026-01-04T15:44:21,1767559461,TRADE,BUY,Down,9,0.79,7.11,"Ethereum Up or Down - January 4, 3:30PM-3:45PM ET",eth-updown-15m-1767558600,0x2ba6c3827ebd4ab5f0dbf3b76d6b7e070e59ebd0accaa3797721ff718e746770,104505427679750600425418334679780824148635355182819665603749280754606540772240,1,0xe96276495a04b7987425cf31c660b799583ff4a706a4959f5bc61b105d2d2713
2026-01-04T15:44:21,1767559461,TRADE,BUY,Down,5,0.75,3.75,"Ethereum Up or Down - January 4, 3:30PM-3:45PM ET",eth-updown-15m-1767558600,0x2ba6c3827ebd4ab5f0dbf3b76d6b7e070e59ebd0accaa3797721ff718e746770,104505427679750600425418334679780824148635355182819665603749280754606540772240,1,0xa5b37ff5214ba54b215e4491dd7944c50973912134692a21e6e1f01cb2e327e7
2026-01-04T15:44:21,1767559461,TRADE,BUY,Down,4,0.75,3,"Ethereum Up or Down - January 4, 3:30PM-3:45PM ET",eth-updown-15m-1767558600,0x2ba6c3827ebd4ab5f0dbf3b76d6b7e070e59ebd0accaa3797721ff718e746770,104505427679750600425418334679780824148635355182819665603749280754606540772240,1,0x11a977b9a87e3a6c0e5d4ed0da52e31ad0e672120ab10ea7e6cf05a65dbf40c8
2026-01-04T15:44:21,1767559461,TRADE,BUY,Down,1,0.74,0.74,"Ethereum Up or Down - January 4, 3:30PM-3:45PM ET",eth-updown-15m-1767558600,0x2ba6c3827ebd4ab5f0dbf3b76d6b7e070e59ebd0accaa3797721ff718e746770,104505427679750600425418334679780824148635355182819665603749280754606540772240,1,0x11a977b9a87e3a6c0e5d4ed0da52e31ad0e672120ab10ea7e6cf05a65dbf40c8
2026-01-04T15:44:19,1767559459,TRADE,BUY,Up,9,0.18,1.62,"Ethereum Up or Down - January 4, 3:30PM-3:45PM ET",eth-updown-15m-1767558600,0x2ba6c3827ebd4ab5f0dbf3b76d6b7e070e59ebd0accaa3797721ff718e746770,77585077804312748224783603604256454107190949708172750078441920655350710786028,0,0x1f59dd7a6e5cc235e6fc39fef5d586a6ac77c9ad071d44d1b67dc760438afa9d
2026-01-04T15:44:17,1767559457,TRADE,BUY,Up,8.536583,0.18000000702857338,1.536585,"Ethereum Up or Down - January 4, 3:30PM-3:45PM ET",eth-updown-15m-1767558600,0x2ba6c3827ebd4ab5f0dbf3b76d6b7e070e59ebd0accaa3797721ff718e746770,77585077804312748224783603604256454107190949708172750078441920655350710786028,0,0xbdec95a0efbbc98810fdadd5c03e3b4397c6da174ec5247d092b030b6824dad1
2026-01-04T15:44:17,1767559457,TRADE,BUY,Up,0.46,0.18,0.0828,"Ethereum Up or Down - January 4, 3:30PM-3:45PM ET",eth-updown-15m-1767558600,0x2ba6c3827ebd4ab5f0dbf3b76d6b7e070e59ebd0accaa3797721ff718e746770,77585077804312748224783603604256454107190949708172750078441920655350710786028,0,0xa1481dba0ff12f3195219fe085618a9bb2ca4176b60829d4773ceeeceaa87ec0
2026-01-04T15:44:17,1767559457,TRADE,BUY,Up,4.666023,0.17000001928837472,0.793224,"Ethereum Up or Down - January 4, 3:30PM-3:45PM ET",eth-updown-15m-1767558600,0x2ba6c3827ebd4ab5f0dbf3b76d6b7e070e59ebd0accaa3797721ff718e746770,77585077804312748224783603604256454107190949708172750078441920655350710786028,0,0xa1481dba0ff12f3195219fe085618a9bb2ca4176b60829d4773ceeeceaa87ec0
2026-01-04T15:44:17,1767559457,TRADE,BUY,Down,8.62,0.76,6.5512,"Ethereum Up or Down - January 4, 3:30PM-3:45PM ET",eth-updown-15m-1767558600,0x2ba6c3827ebd4ab5f0dbf3b76d6b7e070e59ebd0accaa3797721ff718e746770,104505427679750600425418334679780824148635355182819665603749280754606540772240,1,0x38967fc3e3091da83407eb85b24c22e12127cb0cd2068b3a17eed3557cc6f494
2026-01-04T15:44:17,1767559457,TRADE,BUY,Down,0.38,0.76,0.2888,"Ethereum Up or Down - January 4, 3:30PM-3:45PM ET",eth-updown-15m-1767558600,0x2ba6c3827ebd4ab5f0dbf3b76d6b7e070e59ebd0accaa3797721ff718e746770,104505427679750600425418334679780824148635355182819665603749280754606540772240,1,0x329381c8c4abb5af526472cea2a1cfbd6f3efd489ed37ad1953e29e64a168f49
2026-01-04T15:44:17,1767559457,TRADE,BUY,Up,4.33,0.17,0.7361,"Ethereum Up or Down - January 4, 3:30PM-3:45PM ET",eth-updown-15m-1767558600,0x2ba6c3827ebd4ab5f0dbf3b76d6b7e070e59ebd0accaa3797721ff718e746770,77585077804312748224783603604256454107190949708172750078441920655350710786028,0,0x0d17e307f77d6c705447b81d6fff032c381f65aa1544a8dfdccd0cc492c0bfad
2026-01-04T15:44:17,1767559457,TRADE,BUY,Up,7.83867,0.17000001275726623,1.332574,"Ethereum Up or Down - January 4, 3:30PM-3:45PM ET",eth-updown-15m-1767558600,0x2ba6c3827ebd4ab5f0dbf3b76d6b7e070e59ebd0accaa3797721ff718e746770,77585077804312748224783603604256454107190949708172750078441920655350710786028,0,0x0d17e307f77d6c705447b81d6fff032c381f65aa1544a8dfdccd0cc492c0bfad
2026-01-04T15:44:17,1767559457,TRADE,BUY,Up,1.16,0.17,0.1972,"Ethereum Up or Down - January 4, 3:30PM-3:45PM ET",eth-updown-15m-1767558600,0x2ba6c3827ebd4ab5f0dbf3b76d6b7e070e59ebd0accaa3797721ff718e746770,77585077804312748224783603604256454107190949708172750078441920655350710786028,0,0x326da7c1d870ecde7f8445b8e23ab43407a8fb51b88bc5bc20d31208a93a3e33
2026-01-04T15:44:17,1767559457,TRADE,BUY,Up,0.285782,0.1700002099502418,0.048583,"Ethereum Up or Down - January 4, 3:30PM-3:45PM ET",eth-updown-15m-1767558600,0x2ba6c3827ebd4ab5f0dbf3b76d6b7e070e59ebd0accaa3797721ff718e746770,77585077804312748224783603604256454107190949708172750078441920655350710786028,0,0x326da7c1d870ecde7f8445b8e23ab43407a8fb51b88bc5bc20d31208a93a3e33
2026-01-04T15:44:15,1767559455,TRADE,BUY,Up,9,0.16,1.44,"Ethereum Up or Down - January 4, 3:30PM-3:45PM ET",eth-updown-15m-1767558600,0x2ba6c3827ebd4ab5f0dbf3b76d6b7e070e59ebd0accaa3797721ff718e746770,77585077804312748224783603604256454107190949708172750078441920655350710786028,0,0x0f6bb2b346d7a60d39535d89f187bd762b1467333418856daad825b2caeabbe1
2026-01-04T15:44:15,1767559455,TRADE,BUY,Down,9,0.78,7.02,"Ethereum Up or Down - January 4, 3:30PM-3:45PM ET",eth-updown-15m-1767558600,0x2ba6c3827ebd4ab5f0dbf3b76d6b7e070e59ebd0accaa3797721ff718e746770,104505427679750600425418334679780824148635355182819665603749280754606540772240,1,0x6fa4970cf00f9d529ad07ff23ca0363a741ec98763a456d940230fc68684b3cc
2026-01-04T15:44:13,1767559453,TRADE,BUY,Down,3.66,0.76,2.7816,"Ethereum Up or Down - January 4, 3:30PM-3:45PM ET",eth-updown-15m-1767558600,0x2ba6c3827ebd4ab5f0dbf3b76d6b7e070e59ebd0accaa3797721ff718e746770,104505427679750600425418334679780824148635355182819665603749280754606540772240,1,0x55abbd27e4690177889262fb5b6074a0463aa52098806092c2672e600ae7cc2d
2026-01-04T15:44:13,1767559453,TRADE,BUY,Down,9,0.76,6.84,"Ethereum Up or Down - January 4, 3:30PM-3:45PM ET",eth-updown-15m-1767558600,0x2ba6c3827ebd4ab5f0dbf3b76d6b7e070e59ebd0accaa3797721ff718e746770,104505427679750600425418334679780824148635355182819665603749280754606540772240,1,0x55abbd27e4690177889262fb5b6074a0463aa52098806092c2672e600ae7cc2d
2026-01-04T15:44:13,1767559453,TRADE,BUY,Down,9,0.75,6.75,"Ethereum Up or Down - January 4, 3:30PM-3:45PM ET",eth-updown-15m-1767558600,0x2ba6c3827ebd4ab5f0dbf3b76d6b7e070e59ebd0accaa3797721ff718e746770,104505427679750600425418334679780824148635355182819665603749280754606540772240,1,0x55abbd27e4690177889262fb5b6074a0463aa52098806092c2672e600ae7cc2d
2026-01-04T15:44:13,1767559453,TRADE,BUY,Down,9,0.75,6.75,"Ethereum Up or Down - January 4, 3:30PM-3:45PM ET",eth-updown-15m-1767558600,0x2ba6c3827ebd4ab5f0dbf3b76d6b7e070e59ebd0accaa3797721ff718e746770,104505427679750600425418334679780824148635355182819665603749280754606540772240,1,0x55abbd27e4690177889262fb5b6074a0463aa52098806092c2672e600ae7cc2d
2026-01-04T15:44:13,1767559453,TRADE,BUY,Down,9,0.75,6.75,"Ethereum Up or Down - January 4, 3:30PM-3:45PM ET",eth-updown-15m-1767558600,0x2ba6c3827ebd4ab5f0dbf3b76d6b7e070e59ebd0accaa3797721ff718e746770,104505427679750600425418334679780824148635355182819665603749280754606540772240,1,0x55abbd27e4690177889262fb5b6074a0463aa52098806092c2672e600ae7cc2d
2026-01-04T15:44:13,1767559453,TRADE,BUY,Down,9,0.74,6.66,"Ethereum Up or Down - January 4, 3:30PM-3:45PM ET",eth-updown-15m-1767558600,0x2ba6c3827ebd4ab5f0dbf3b76d6b7e070e59ebd0accaa3797721ff718e746770,104505427679750600425418334679780824148635355182819665603749280754606540772240,1,0x55abbd27e4690177889262fb5b6074a0463aa52098806092c2672e600ae7cc2d
2026-01-04T15:44:13,1767559453,TRADE,BUY,Down,9,0.74,6.66,"Ethereum Up or Down - January 4, 3:30PM-3:45PM ET",eth-updown-15m-1767558600,0x2ba6c3827ebd4ab5f0dbf3b76d6b7e070e59ebd0accaa3797721ff718e746770,104505427679750600425418334679780824148635355182819665603749280754606540772240,1,0x55abbd27e4690177889262fb5b6074a0463aa52098806092c2672e600ae7cc2d
2026-01-04T15:44:13,1767559453,TRADE,BUY,Down,5.333332,0.7600001275000319,4.053333,"Ethereum Up or Down - January 4, 3:30PM-3:45PM ET",eth-updown-15m-1767558600,0x2ba6c3827ebd4ab5f0dbf3b76d6b7e070e59ebd0accaa3797721ff718e746770,104505427679750600425418334679780824148635355182819665603749280754606540772240,1,0x3bf576f89cd21e86de7ccbb24c602714e77622478a2e21242fa993c3cb96ac6c
2026-01-04T15:44:11,1767559451,TRADE,BUY,Down,0.61,0.7,0.427,"Ethereum Up or Down - January 4, 3:30PM-3:45PM ET",eth-updown-15m-1767558600,0x2ba6c3827ebd4ab5f0dbf3b76d6b7e070e59ebd0accaa3797721ff718e746770,104505427679750600425418334679780824148635355182819665603749280754606540772240,1,0xfb503419ba087c652b809b0d2f03e9b7f4e5b6e60131fb1032b224273c60d199
2026-01-04T15:44:09,1767559449,TRADE,BUY,Up,1.6,0.15,0.24,"Ethereum Up or Down - January 4, 3:30PM-3:45PM ET",eth-updown-15m-1767558600,0x2ba6c3827ebd4ab5f0dbf3b76d6b7e070e59ebd0accaa3797721ff718e746770,77585077804312748224783603604256454107190949708172750078441920655350710786028,0,0xb705912878654bfcfe13d28c15f6a384e7d93598296fb8ea67cba56a4203ec0a
2026-01-04T15:44:07,1767559447,TRADE,BUY,Up,5.21,0.12,0.6252,"Ethereum Up or Down - January 4, 3:30PM-3:45PM ET",eth-updown-15m-1767558600,0x2ba6c3827ebd4ab5f0dbf3b76d6b7e070e59ebd0accaa3797721ff718e746770,77585077804312748224783603604256454107190949708172750078441920655350710786028,0,0x42f42d6b55afeaeb09006c5e392310665996434f172e10c8eccfc4ce3a816c9a
2026-01-04T15:44:07,1767559447,TRADE,BUY,Up,3.784083,0.12000001057059266,0.45409,"Ethereum Up or Down - January 4, 3:30PM-3:45PM ET",eth-updown-15m-1767558600,0x2ba6c3827ebd4ab5f0dbf3b76d6b7e070e59ebd0accaa3797721ff718e746770,77585077804312748224783603604256454107190949708172750078441920655350710786028,0,0xf5426a799c05e8937d630021462f73b83a55679313278b65ec2319a825dd53ef
2026-01-04T15:44:07,1767559447,TRADE,BUY,Up,6.52,0.11,0.7172,"Ethereum Up or Down - January 4, 3:30PM-3:45PM ET",eth-updown-15m-1767558600,0x2ba6c3827ebd4ab5f0dbf3b76d6b7e070e59ebd0accaa3797721ff718e746770,77585077804312748224783603604256454107190949708172750078441920655350710786028,0,0xdda42daf189467295ea74b39942090916f3da790df2d55e8b7cdad5f06a5e94f
2026-01-04T15:44:05,1767559445,TRADE,BUY,Up,1.5625,0.36,0.5625,"Ethereum Up or Down - January 4, 3:30PM-3:45PM ET",eth-updown-15m-1767558600,0x2ba6c3827ebd4ab5f0dbf3b76d6b7e070e59ebd0accaa3797721ff718e746770,77585077804312748224783603604256454107190949708172750078441920655350710786028,0,0x352567640b17d93019a417a2e5684b6d535cb61b6187f8ac1d09865f35a1ca63
2026-01-04T15:44:05,1767559445,TRADE,BUY,Up,7.43,0.36,2.6748,"Ethereum Up or Down - January 4, 3:30PM-3:45PM ET",eth-updown-15m-1767558600,0x2ba6c3827ebd4ab5f0dbf3b76d6b7e070e59ebd0accaa3797721ff718e746770,77585077804312748224783603604256454107190949708172750078441920655350710786028,0,0x92e9cfb8f169817371bac4087d90917f46d1ffcfecde7e032c24e943fc03d8f6
2026-01-04T15:44:05,1767559445,TRADE,BUY,Up,9,0.35,3.15,"Ethereum Up or Down - January 4, 3:30PM-3:45PM ET",eth-updown-15m-1767558600,0x2ba6c3827ebd4ab5f0dbf3b76d6b7e070e59ebd0accaa3797721ff718e746770,77585077804312748224783603604256454107190949708172750078441920655350710786028,0,0x92e9cfb8f169817371bac4087d90917f46d1ffcfecde7e032c24e943fc03d8f6
2026-01-04T15:44:05,1767559445,TRADE,BUY,Up,9,0.37,3.33,"Ethereum Up or Down - January 4, 3:30PM-3:45PM ET",eth-updown-15m-1767558600,0x2ba6c3827ebd4ab5f0dbf3b76d6b7e070e59ebd0accaa3797721ff718e746770,77585077804312748224783603604256454107190949708172750078441920655350710786028,0,0xbeb16fe0657a975f708fffc23e5af06c020a6f2dfdc9ab24689d1539cdd10ae3
2026-01-04T15:44:05,1767559445,TRADE,BUY,Up,9,0.37,3.33,"Ethereum Up or Down - January 4, 3:30PM-3:45PM ET",eth-updown-15m-1767558600,0x2ba6c3827ebd4ab5f0dbf3b76d6b7e070e59ebd0accaa3797721ff718e746770,77585077804312748224783603604256454107190949708172750078441920655350710786028,0,0xabebca63d7026965b5269bef32953b22eb79f2ad3f0252c27be84eb336f3675b
2026-01-04T15:44:05,1767559445,TRADE,BUY,Up,9,0.37,3.33,"Ethereum Up or Down - January 4, 3:30PM-3:45PM ET",eth-updown-15m-1767558600,0x2ba6c3827ebd4ab5f0dbf3b76d6b7e070e59ebd0accaa3797721ff718e746770,77585077804312748224783603604256454107190949708172750078441920655350710786028,0,0x527e3c2f71f01ffb096e4dae64324e9b7d47afcd0aa31969d0fdadeb599b1cb6
2026-01-04T15:43:53,1767559433,TRADE,BUY,Down,5,0.62,3.1,"Ethereum Up or Down - January 4, 3:30PM-3:45PM ET",eth-updown-15m-1767558600,0x2ba6c3827ebd4ab5f0dbf3b76d6b7e070e59ebd0accaa3797721ff718e746770,104505427679750600425418334679780824148635355182819665603749280754606540772240,1,0x33d203c3554e27dbd5d5524b36de92a9abb1c253a8bc82b88ee2483aef907ce0
2026-01-04T15:43:53,1767559433,TRADE,BUY,Down,10,0.61,6.1,"Ethereum Up or Down - January 4, 3:30PM-3:45PM ET",eth-updown-15m-1767558600,0x2ba6c3827ebd4ab5f0dbf3b76d6b7e070e59ebd0accaa3797721ff718e746770,104505427679750600425418334679780824148635355182819665603749280754606540772240,1,0xd63fb7300fdf361090060816428f1db5be650ab9ba748805761d72a7ad421a82
2026-01-04T15:43:53,1767559433,TRADE,BUY,Down,10,0.62,6.2,"Ethereum Up or Down - January 4, 3:30PM-3:45PM ET",eth-updown-15m-1767558600,0x2ba6c3827ebd4ab5f0dbf3b76d6b7e070e59ebd0accaa3797721ff718e746770,104505427679750600425418334679780824148635355182819665603749280754606540772240,1,0xe5ba9060d01f61bf8521d6e9713969b455a61d36a3bc6234af659c3a9cbdc678
2026-01-04T15:43:49,1767559429,TRADE,BUY,Up,10,0.41,4.1,"Ethereum Up or Down - January 4, 3:30PM-3:45PM ET",eth-updown-15m-1767558600,0x2ba6c3827ebd4ab5f0dbf3b76d6b7e070e59ebd0accaa3797721ff718e746770,77585077804312748224783603604256454107190949708172750078441920655350710786028,0,0xc3e764dd57fc73b2911d97bc5d796c3e2658cd244a744893223bf54c78b0419f
2026-01-04T15:43:49,1767559429,TRADE,BUY,Up,10,0.41,4.1,"Ethereum Up or Down - January 4, 3:30PM-3:45PM ET",eth-updown-15m-1767558600,0x2ba6c3827ebd4ab5f0dbf3b76d6b7e070e59ebd0accaa3797721ff718e746770,77585077804312748224783603604256454107190949708172750078441920655350710786028,0,0x50119f75b8887a874cd64002312ab9f474ca01832e9fd27a92ead087267dc5d6
2026-01-04T15:43:49,1767559429,TRADE,BUY,Up,10,0.42,4.2,"Ethereum Up or Down - January 4, 3:30PM-3:45PM ET",eth-updown-15m-1767558600,0x2ba6c3827ebd4ab5f0dbf3b76d6b7e070e59ebd0accaa3797721ff718e746770,77585077804312748224783603604256454107190949708172750078441920655350710786028,0,0x259e8935777594d2cc320b60573235db6ee731d22c404e5c7b16078843ad8460
2026-01-04T15:43:43,1767559423,TRADE,BUY,Up,10,0.37,3.7,"Ethereum Up or Down - January 4, 3:30PM-3:45PM ET",eth-updown-15m-1767558600,0x2ba6c3827ebd4ab5f0dbf3b76d6b7e070e59ebd0accaa3797721ff718e746770,77585077804312748224783603604256454107190949708172750078441920655350710786028,0,0x824edbbc86340eb269485400382c882a1d14bb7a88d238138d87aab419ebfd50
2026-01-04T15:43:39,1767559419,TRADE,BUY,Down,10,0.59,5.9,"Ethereum Up or Down - January 4, 3:30PM-3:45PM ET",eth-updown-15m-1767558600,0x2ba6c3827ebd4ab5f0dbf3b76d6b7e070e59ebd0accaa3797721ff718e746770,104505427679750600425418334679780824148635355182819665603749280754606540772240,1,0x2bcdee61a9a9b4b51f964943dae937866bcc38231e22260263ab7faf3fad18e2
2026-01-04T15:43:39,1767559419,TRADE,BUY,Down,10,0.59,5.9,"Ethereum Up or Down - January 4, 3:30PM-3:45PM ET",eth-updown-15m-1767558600,0x2ba6c3827ebd4ab5f0dbf3b76d6b7e070e59ebd0accaa3797721ff718e746770,104505427679750600425418334679780824148635355182819665603749280754606540772240,1,0x2bcdee61a9a9b4b51f964943dae937866bcc38231e22260263ab7faf3fad18e2
2026-01-04T15:43:35,1767559415,TRADE,BUY,Down,10,0.56,5.6,"Ethereum Up or Down - January 4, 3:30PM-3:45PM ET",eth-updown-15m-1767558600,0x2ba6c3827ebd4ab5f0dbf3b76d6b7e070e59ebd0accaa3797721ff718e746770,104505427679750600425418334679780824148635355182819665603749280754606540772240,1,0xb67d3ddc37df7e8ee12702e27c9d3302ad5ca2ea8db4c7b5ec8f8ab2912e5fc0
